series_id,date,value
CPIAUCSL,1954-01-01,26.94
CPIAUCSL,1954-02-01,26.99
CPIAUCSL,1954-03-01,26.93
CPIAUCSL,1954-04-01,26.86
CPIAUCSL,1954-05-01,26.93
CPIAUCSL,1954-06-01,26.94
CPIAUCSL,1954-07-01,26.86
CPIAUCSL,1954-08-01,26.85
CPIAUCSL,1954-09-01,26.81
CPIAUCSL,1954-10-01,26.72
CPIAUCSL,1954-11-01,26.78
CPIAUCSL,1954-12-01,26.77
CPIAUCSL,1955-01-01,26.77
CPIAUCSL,1955-02-01,26.82
CPIAUCSL,1955-03-01,26.79
CPIAUCSL,1955-04-01,26.79
CPIAUCSL,1955-05-01,26.77
CPIAUCSL,1955-06-01,26.71
CPIAUCSL,1955-07-01,26.76
CPIAUCSL,1955-08-01,26.72
CPIAUCSL,1955-09-01,26.85
CPIAUCSL,1955-10-01,26.82
CPIAUCSL,1955-11-01,26.88
CPIAUCSL,1955-12-01,26.87
CPIAUCSL,1956-01-01,26.83
CPIAUCSL,1956-02-01,26.86
CPIAUCSL,1956-03-01,26.89
CPIAUCSL,1956-04-01,26.93
CPIAUCSL,1956-05-01,27.03
CPIAUCSL,1956-06-01,27.15
CPIAUCSL,1956-07-01,27.29
CPIAUCSL,1956-08-01,27.31
CPIAUCSL,1956-09-01,27.35
CPIAUCSL,1956-10-01,27.51
CPIAUCSL,1956-11-01,27.51
CPIAUCSL,1956-12-01,27.63
CPIAUCSL,1957-01-01,27.67
CPIAUCSL,1957-02-01,27.8
CPIAUCSL,1957-03-01,27.86
CPIAUCSL,1957-04-01,27.93
CPIAUCSL,1957-05-01,28.0
CPIAUCSL,1957-06-01,28.11
CPIAUCSL,1957-07-01,28.19
CPIAUCSL,1957-08-01,28.28
CPIAUCSL,1957-09-01,28.32
CPIAUCSL,1957-10-01,28.32
CPIAUCSL,1957-11-01,28.41
CPIAUCSL,1957-12-01,28.47
CPIAUCSL,1958-01-01,28.64
CPIAUCSL,1958-02-01,28.7
CPIAUCSL,1958-03-01,28.87
CPIAUCSL,1958-04-01,28.94
CPIAUCSL,1958-05-01,28.94
CPIAUCSL,1958-06-01,28.91
CPIAUCSL,1958-07-01,28.89
CPIAUCSL,1958-08-01,28.94
CPIAUCSL,1958-09-01,28.91
CPIAUCSL,1958-10-01,28.91
CPIAUCSL,1958-11-01,28.95
CPIAUCSL,1958-12-01,28.97
CPIAUCSL,1959-01-01,29.01
CPIAUCSL,1959-02-01,29.0
CPIAUCSL,1959-03-01,28.97
CPIAUCSL,1959-04-01,28.98
CPIAUCSL,1959-05-01,29.04
CPIAUCSL,1959-06-01,29.11
CPIAUCSL,1959-07-01,29.15
CPIAUCSL,1959-08-01,29.18
CPIAUCSL,1959-09-01,29.25
CPIAUCSL,1959-10-01,29.35
CPIAUCSL,1959-11-01,29.35
CPIAUCSL,1959-12-01,29.41
CPIAUCSL,1960-01-01,29.37
CPIAUCSL,1960-02-01,29.41
CPIAUCSL,1960-03-01,29.41
CPIAUCSL,1960-04-01,29.54
CPIAUCSL,1960-05-01,29.57
CPIAUCSL,1960-06-01,29.61
CPIAUCSL,1960-07-01,29.55
CPIAUCSL,1960-08-01,29.61
CPIAUCSL,1960-09-01,29.61
CPIAUCSL,1960-10-01,29.75
CPIAUCSL,1960-11-01,29.78
CPIAUCSL,1960-12-01,29.81
CPIAUCSL,1961-01-01,29.84
CPIAUCSL,1961-02-01,29.84
CPIAUCSL,1961-03-01,29.84
CPIAUCSL,1961-04-01,29.81
CPIAUCSL,1961-05-01,29.84
CPIAUCSL,1961-06-01,29.84
CPIAUCSL,1961-07-01,29.92
CPIAUCSL,1961-08-01,29.94
CPIAUCSL,1961-09-01,29.98
CPIAUCSL,1961-10-01,29.98
CPIAUCSL,1961-11-01,29.98
CPIAUCSL,1961-12-01,30.01
CPIAUCSL,1962-01-01,30.04
CPIAUCSL,1962-02-01,30.11
CPIAUCSL,1962-03-01,30.17
CPIAUCSL,1962-04-01,30.21
CPIAUCSL,1962-05-01,30.24
CPIAUCSL,1962-06-01,30.21
CPIAUCSL,1962-07-01,30.22
CPIAUCSL,1962-08-01,30.28
CPIAUCSL,1962-09-01,30.42
CPIAUCSL,1962-10-01,30.38
CPIAUCSL,1962-11-01,30.38
CPIAUCSL,1962-12-01,30.38
CPIAUCSL,1963-01-01,30.44
CPIAUCSL,1963-02-01,30.48
CPIAUCSL,1963-03-01,30.51
CPIAUCSL,1963-04-01,30.48
CPIAUCSL,1963-05-01,30.51
CPIAUCSL,1963-06-01,30.61
CPIAUCSL,1963-07-01,30.69
CPIAUCSL,1963-08-01,30.75
CPIAUCSL,1963-09-01,30.72
CPIAUCSL,1963-10-01,30.75
CPIAUCSL,1963-11-01,30.78
CPIAUCSL,1963-12-01,30.88
CPIAUCSL,1964-01-01,30.94
CPIAUCSL,1964-02-01,30.91
CPIAUCSL,1964-03-01,30.94
CPIAUCSL,1964-04-01,30.95
CPIAUCSL,1964-05-01,30.98
CPIAUCSL,1964-06-01,31.01
CPIAUCSL,1964-07-01,31.02
CPIAUCSL,1964-08-01,31.05
CPIAUCSL,1964-09-01,31.08
CPIAUCSL,1964-10-01,31.12
CPIAUCSL,1964-11-01,31.21
CPIAUCSL,1964-12-01,31.25
CPIAUCSL,1965-01-01,31.28
CPIAUCSL,1965-02-01,31.28
CPIAUCSL,1965-03-01,31.31
CPIAUCSL,1965-04-01,31.38
CPIAUCSL,1965-05-01,31.48
CPIAUCSL,1965-06-01,31.61
CPIAUCSL,1965-07-01,31.58
CPIAUCSL,1965-08-01,31.55
CPIAUCSL,1965-09-01,31.62
CPIAUCSL,1965-10-01,31.65
CPIAUCSL,1965-11-01,31.75
CPIAUCSL,1965-12-01,31.85
CPIAUCSL,1966-01-01,31.88
CPIAUCSL,1966-02-01,32.08
CPIAUCSL,1966-03-01,32.18
CPIAUCSL,1966-04-01,32.28
CPIAUCSL,1966-05-01,32.35
CPIAUCSL,1966-06-01,32.38
CPIAUCSL,1966-07-01,32.45
CPIAUCSL,1966-08-01,32.65
CPIAUCSL,1966-09-01,32.75
CPIAUCSL,1966-10-01,32.85
CPIAUCSL,1966-11-01,32.88
CPIAUCSL,1966-12-01,32.92
CPIAUCSL,1967-01-01,32.9
CPIAUCSL,1967-02-01,33.0
CPIAUCSL,1967-03-01,33.0
CPIAUCSL,1967-04-01,33.1
CPIAUCSL,1967-05-01,33.1
CPIAUCSL,1967-06-01,33.3
CPIAUCSL,1967-07-01,33.4
CPIAUCSL,1967-08-01,33.5
CPIAUCSL,1967-09-01,33.6
CPIAUCSL,1967-10-01,33.7
CPIAUCSL,1967-11-01,33.9
CPIAUCSL,1967-12-01,34.0
CPIAUCSL,1968-01-01,34.1
CPIAUCSL,1968-02-01,34.2
CPIAUCSL,1968-03-01,34.3
CPIAUCSL,1968-04-01,34.4
CPIAUCSL,1968-05-01,34.5
CPIAUCSL,1968-06-01,34.7
CPIAUCSL,1968-07-01,34.9
CPIAUCSL,1968-08-01,35.0
CPIAUCSL,1968-09-01,35.1
CPIAUCSL,1968-10-01,35.3
CPIAUCSL,1968-11-01,35.4
CPIAUCSL,1968-12-01,35.6
CPIAUCSL,1969-01-01,35.7
CPIAUCSL,1969-02-01,35.8
CPIAUCSL,1969-03-01,36.1
CPIAUCSL,1969-04-01,36.3
CPIAUCSL,1969-05-01,36.4
CPIAUCSL,1969-06-01,36.6
CPIAUCSL,1969-07-01,36.8
CPIAUCSL,1969-08-01,36.9
CPIAUCSL,1969-09-01,37.1
CPIAUCSL,1969-10-01,37.3
CPIAUCSL,1969-11-01,37.5
CPIAUCSL,1969-12-01,37.7
CPIAUCSL,1970-01-01,37.9
CPIAUCSL,1970-02-01,38.1
CPIAUCSL,1970-03-01,38.3
CPIAUCSL,1970-04-01,38.5
CPIAUCSL,1970-05-01,38.6
CPIAUCSL,1970-06-01,38.8
CPIAUCSL,1970-07-01,38.9
CPIAUCSL,1970-08-01,39.0
CPIAUCSL,1970-09-01,39.2
CPIAUCSL,1970-10-01,39.4
CPIAUCSL,1970-11-01,39.6
CPIAUCSL,1970-12-01,39.8
CPIAUCSL,1971-01-01,39.9
CPIAUCSL,1971-02-01,39.9
CPIAUCSL,1971-03-01,40.0
CPIAUCSL,1971-04-01,40.1
CPIAUCSL,1971-05-01,40.3
CPIAUCSL,1971-06-01,40.5
CPIAUCSL,1971-07-01,40.6
CPIAUCSL,1971-08-01,40.7
CPIAUCSL,1971-09-01,40.8
CPIAUCSL,1971-10-01,40.9
CPIAUCSL,1971-11-01,41.0
CPIAUCSL,1971-12-01,41.1
CPIAUCSL,1972-01-01,41.2
CPIAUCSL,1972-02-01,41.4
CPIAUCSL,1972-03-01,41.4
CPIAUCSL,1972-04-01,41.5
CPIAUCSL,1972-05-01,41.6
CPIAUCSL,1972-06-01,41.7
CPIAUCSL,1972-07-01,41.8
CPIAUCSL,1972-08-01,41.9
CPIAUCSL,1972-09-01,42.1
CPIAUCSL,1972-10-01,42.2
CPIAUCSL,1972-11-01,42.4
CPIAUCSL,1972-12-01,42.5
CPIAUCSL,1973-01-01,42.7
CPIAUCSL,1973-02-01,43.0
CPIAUCSL,1973-03-01,43.4
CPIAUCSL,1973-04-01,43.7
CPIAUCSL,1973-05-01,43.9
CPIAUCSL,1973-06-01,44.2
CPIAUCSL,1973-07-01,44.2
CPIAUCSL,1973-08-01,45.0
CPIAUCSL,1973-09-01,45.2
CPIAUCSL,1973-10-01,45.6
CPIAUCSL,1973-11-01,45.9
CPIAUCSL,1973-12-01,46.3
CPIAUCSL,1974-01-01,46.8
CPIAUCSL,1974-02-01,47.3
CPIAUCSL,1974-03-01,47.8
CPIAUCSL,1974-04-01,48.1
CPIAUCSL,1974-05-01,48.6
CPIAUCSL,1974-06-01,49.0
CPIAUCSL,1974-07-01,49.3
CPIAUCSL,1974-08-01,49.9
CPIAUCSL,1974-09-01,50.6
CPIAUCSL,1974-10-01,51.0
CPIAUCSL,1974-11-01,51.5
CPIAUCSL,1974-12-01,51.9
CPIAUCSL,1975-01-01,52.3
CPIAUCSL,1975-02-01,52.6
CPIAUCSL,1975-03-01,52.8
CPIAUCSL,1975-04-01,53.0
CPIAUCSL,1975-05-01,53.1
CPIAUCSL,1975-06-01,53.5
CPIAUCSL,1975-07-01,54.0
CPIAUCSL,1975-08-01,54.2
CPIAUCSL,1975-09-01,54.6
CPIAUCSL,1975-10-01,54.9
CPIAUCSL,1975-11-01,55.3
CPIAUCSL,1975-12-01,55.6
CPIAUCSL,1976-01-01,55.8
CPIAUCSL,1976-02-01,55.9
CPIAUCSL,1976-03-01,56.0
CPIAUCSL,1976-04-01,56.1
CPIAUCSL,1976-05-01,56.4
CPIAUCSL,1976-06-01,56.7
CPIAUCSL,1976-07-01,57.0
CPIAUCSL,1976-08-01,57.3
CPIAUCSL,1976-09-01,57.6
CPIAUCSL,1976-10-01,57.9
CPIAUCSL,1976-11-01,58.1
CPIAUCSL,1976-12-01,58.4
CPIAUCSL,1977-01-01,58.7
CPIAUCSL,1977-02-01,59.3
CPIAUCSL,1977-03-01,59.6
CPIAUCSL,1977-04-01,60.0
CPIAUCSL,1977-05-01,60.2
CPIAUCSL,1977-06-01,60.5
CPIAUCSL,1977-07-01,60.8
CPIAUCSL,1977-08-01,61.1
CPIAUCSL,1977-09-01,61.3
CPIAUCSL,1977-10-01,61.6
CPIAUCSL,1977-11-01,62.0
CPIAUCSL,1977-12-01,62.3
CPIAUCSL,1978-01-01,62.7
CPIAUCSL,1978-02-01,63.0
CPIAUCSL,1978-03-01,63.4
CPIAUCSL,1978-04-01,63.9
CPIAUCSL,1978-05-01,64.5
CPIAUCSL,1978-06-01,65.0
CPIAUCSL,1978-07-01,65.5
CPIAUCSL,1978-08-01,65.9
CPIAUCSL,1978-09-01,66.5
CPIAUCSL,1978-10-01,67.1
CPIAUCSL,1978-11-01,67.5
CPIAUCSL,1978-12-01,67.9
CPIAUCSL,1979-01-01,68.5
CPIAUCSL,1979-02-01,69.2
CPIAUCSL,1979-03-01,69.9
CPIAUCSL,1979-04-01,70.6
CPIAUCSL,1979-05-01,71.4
CPIAUCSL,1979-06-01,72.2
CPIAUCSL,1979-07-01,73.0
CPIAUCSL,1979-08-01,73.7
CPIAUCSL,1979-09-01,74.4
CPIAUCSL,1979-10-01,75.2
CPIAUCSL,1979-11-01,76.0
CPIAUCSL,1979-12-01,76.9
CPIAUCSL,1980-01-01,78.0
CPIAUCSL,1980-02-01,79.0
CPIAUCSL,1980-03-01,80.1
CPIAUCSL,1980-04-01,80.9
CPIAUCSL,1980-05-01,81.7
CPIAUCSL,1980-06-01,82.5
CPIAUCSL,1980-07-01,82.6
CPIAUCSL,1980-08-01,83.2
CPIAUCSL,1980-09-01,83.9
CPIAUCSL,1980-10-01,84.7
CPIAUCSL,1980-11-01,85.6
CPIAUCSL,1980-12-01,86.4
CPIAUCSL,1981-01-01,87.2
CPIAUCSL,1981-02-01,88.0
CPIAUCSL,1981-03-01,88.6
CPIAUCSL,1981-04-01,89.1
CPIAUCSL,1981-05-01,89.7
CPIAUCSL,1981-06-01,90.5
CPIAUCSL,1981-07-01,91.5
CPIAUCSL,1981-08-01,92.2
CPIAUCSL,1981-09-01,93.1
CPIAUCSL,1981-10-01,93.4
CPIAUCSL,1981-11-01,93.8
CPIAUCSL,1981-12-01,94.1
CPIAUCSL,1982-01-01,94.4
CPIAUCSL,1982-02-01,94.7
CPIAUCSL,1982-03-01,94.7
CPIAUCSL,1982-04-01,95.0
CPIAUCSL,1982-05-01,95.9
CPIAUCSL,1982-06-01,97.0
CPIAUCSL,1982-07-01,97.5
CPIAUCSL,1982-08-01,97.7
CPIAUCSL,1982-09-01,97.7
CPIAUCSL,1982-10-01,98.1
CPIAUCSL,1982-11-01,98.0
CPIAUCSL,1982-12-01,97.7
CPIAUCSL,1983-01-01,97.9
CPIAUCSL,1983-02-01,98.0
CPIAUCSL,1983-03-01,98.1
CPIAUCSL,1983-04-01,98.8
CPIAUCSL,1983-05-01,99.2
CPIAUCSL,1983-06-01,99.4
CPIAUCSL,1983-07-01,99.8
CPIAUCSL,1983-08-01,100.1
CPIAUCSL,1983-09-01,100.4
CPIAUCSL,1983-10-01,100.8
CPIAUCSL,1983-11-01,101.1
CPIAUCSL,1983-12-01,101.4
CPIAUCSL,1984-01-01,102.1
CPIAUCSL,1984-02-01,102.6
CPIAUCSL,1984-03-01,102.9
CPIAUCSL,1984-04-01,103.3
CPIAUCSL,1984-05-01,103.5
CPIAUCSL,1984-06-01,103.7
CPIAUCSL,1984-07-01,104.1
CPIAUCSL,1984-08-01,104.4
CPIAUCSL,1984-09-01,104.7
CPIAUCSL,1984-10-01,105.1
CPIAUCSL,1984-11-01,105.3
CPIAUCSL,1984-12-01,105.5
CPIAUCSL,1985-01-01,105.7
CPIAUCSL,1985-02-01,106.3
CPIAUCSL,1985-03-01,106.8
CPIAUCSL,1985-04-01,107.0
CPIAUCSL,1985-05-01,107.2
CPIAUCSL,1985-06-01,107.5
CPIAUCSL,1985-07-01,107.7
CPIAUCSL,1985-08-01,107.9
CPIAUCSL,1985-09-01,108.1
CPIAUCSL,1985-10-01,108.5
CPIAUCSL,1985-11-01,109.0
CPIAUCSL,1985-12-01,109.5
CPIAUCSL,1986-01-01,109.9
CPIAUCSL,1986-02-01,109.7
CPIAUCSL,1986-03-01,109.1
CPIAUCSL,1986-04-01,108.7
CPIAUCSL,1986-05-01,109.0
CPIAUCSL,1986-06-01,109.4
CPIAUCSL,1986-07-01,109.5
CPIAUCSL,1986-08-01,109.6
CPIAUCSL,1986-09-01,110.0
CPIAUCSL,1986-10-01,110.2
CPIAUCSL,1986-11-01,110.4
CPIAUCSL,1986-12-01,110.8
CPIAUCSL,1987-01-01,111.4
CPIAUCSL,1987-02-01,111.8
CPIAUCSL,1987-03-01,112.2
CPIAUCSL,1987-04-01,112.7
CPIAUCSL,1987-05-01,113.0
CPIAUCSL,1987-06-01,113.5
CPIAUCSL,1987-07-01,113.8
CPIAUCSL,1987-08-01,114.3
CPIAUCSL,1987-09-01,114.7
CPIAUCSL,1987-10-01,115.0
CPIAUCSL,1987-11-01,115.4
CPIAUCSL,1987-12-01,115.6
CPIAUCSL,1988-01-01,116.0
CPIAUCSL,1988-02-01,116.2
CPIAUCSL,1988-03-01,116.5
CPIAUCSL,1988-04-01,117.2
CPIAUCSL,1988-05-01,117.5
CPIAUCSL,1988-06-01,118.0
CPIAUCSL,1988-07-01,118.5
CPIAUCSL,1988-08-01,119.0
CPIAUCSL,1988-09-01,119.5
CPIAUCSL,1988-10-01,119.9
CPIAUCSL,1988-11-01,120.3
CPIAUCSL,1988-12-01,120.7
CPIAUCSL,1989-01-01,121.2
CPIAUCSL,1989-02-01,121.6
CPIAUCSL,1989-03-01,122.2
CPIAUCSL,1989-04-01,123.1
CPIAUCSL,1989-05-01,123.7
CPIAUCSL,1989-06-01,124.1
CPIAUCSL,1989-07-01,124.5
CPIAUCSL,1989-08-01,124.5
CPIAUCSL,1989-09-01,124.8
CPIAUCSL,1989-10-01,125.4
CPIAUCSL,1989-11-01,125.9
CPIAUCSL,1989-12-01,126.3
CPIAUCSL,1990-01-01,127.5
CPIAUCSL,1990-02-01,128.0
CPIAUCSL,1990-03-01,128.6
CPIAUCSL,1990-04-01,128.9
CPIAUCSL,1990-05-01,129.1
CPIAUCSL,1990-06-01,129.9
CPIAUCSL,1990-07-01,130.5
CPIAUCSL,1990-08-01,131.6
CPIAUCSL,1990-09-01,132.5
CPIAUCSL,1990-10-01,133.4
CPIAUCSL,1990-11-01,133.7
CPIAUCSL,1990-12-01,134.2
CPIAUCSL,1991-01-01,134.7
CPIAUCSL,1991-02-01,134.8
CPIAUCSL,1991-03-01,134.8
CPIAUCSL,1991-04-01,135.1
CPIAUCSL,1991-05-01,135.6
CPIAUCSL,1991-06-01,136.0
CPIAUCSL,1991-07-01,136.2
CPIAUCSL,1991-08-01,136.6
CPIAUCSL,1991-09-01,137.0
CPIAUCSL,1991-10-01,137.2
CPIAUCSL,1991-11-01,137.8
CPIAUCSL,1991-12-01,138.2
CPIAUCSL,1992-01-01,138.3
CPIAUCSL,1992-02-01,138.6
CPIAUCSL,1992-03-01,139.1
CPIAUCSL,1992-04-01,139.4
CPIAUCSL,1992-05-01,139.7
CPIAUCSL,1992-06-01,140.1
CPIAUCSL,1992-07-01,140.5
CPIAUCSL,1992-08-01,140.8
CPIAUCSL,1992-09-01,141.1
CPIAUCSL,1992-10-01,141.7
CPIAUCSL,1992-11-01,142.1
CPIAUCSL,1992-12-01,142.3
CPIAUCSL,1993-01-01,142.8
CPIAUCSL,1993-02-01,143.1
CPIAUCSL,1993-03-01,143.3
CPIAUCSL,1993-04-01,143.8
CPIAUCSL,1993-05-01,144.2
CPIAUCSL,1993-06-01,144.3
CPIAUCSL,1993-07-01,144.5
CPIAUCSL,1993-08-01,144.8
CPIAUCSL,1993-09-01,145.0
CPIAUCSL,1993-10-01,145.6
CPIAUCSL,1993-11-01,146.0
CPIAUCSL,1993-12-01,146.3
CPIAUCSL,1994-01-01,146.3
CPIAUCSL,1994-02-01,146.7
CPIAUCSL,1994-03-01,147.1
CPIAUCSL,1994-04-01,147.2
CPIAUCSL,1994-05-01,147.5
CPIAUCSL,1994-06-01,147.9
CPIAUCSL,1994-07-01,148.4
CPIAUCSL,1994-08-01,149.0
CPIAUCSL,1994-09-01,149.3
CPIAUCSL,1994-10-01,149.4
CPIAUCSL,1994-11-01,149.8
CPIAUCSL,1994-12-01,150.1
CPIAUCSL,1995-01-01,150.5
CPIAUCSL,1995-02-01,150.9
CPIAUCSL,1995-03-01,151.2
CPIAUCSL,1995-04-01,151.8
CPIAUCSL,1995-05-01,152.1
CPIAUCSL,1995-06-01,152.4
CPIAUCSL,1995-07-01,152.6
CPIAUCSL,1995-08-01,152.9
CPIAUCSL,1995-09-01,153.1
CPIAUCSL,1995-10-01,153.5
CPIAUCSL,1995-11-01,153.7
CPIAUCSL,1995-12-01,153.9
CPIAUCSL,1996-01-01,154.7
CPIAUCSL,1996-02-01,155.0
CPIAUCSL,1996-03-01,155.5
CPIAUCSL,1996-04-01,156.1
CPIAUCSL,1996-05-01,156.4
CPIAUCSL,1996-06-01,156.7
CPIAUCSL,1996-07-01,157.0
CPIAUCSL,1996-08-01,157.2
CPIAUCSL,1996-09-01,157.7
CPIAUCSL,1996-10-01,158.2
CPIAUCSL,1996-11-01,158.7
CPIAUCSL,1996-12-01,159.1
CPIAUCSL,1997-01-01,159.4
CPIAUCSL,1997-02-01,159.7
CPIAUCSL,1997-03-01,159.8
CPIAUCSL,1997-04-01,159.9
CPIAUCSL,1997-05-01,159.9
CPIAUCSL,1997-06-01,160.2
CPIAUCSL,1997-07-01,160.4
CPIAUCSL,1997-08-01,160.8
CPIAUCSL,1997-09-01,161.2
CPIAUCSL,1997-10-01,161.5
CPIAUCSL,1997-11-01,161.7
CPIAUCSL,1997-12-01,161.8
CPIAUCSL,1998-01-01,162.0
CPIAUCSL,1998-02-01,162.0
CPIAUCSL,1998-03-01,162.0
CPIAUCSL,1998-04-01,162.2
CPIAUCSL,1998-05-01,162.6
CPIAUCSL,1998-06-01,162.8
CPIAUCSL,1998-07-01,163.2
CPIAUCSL,1998-08-01,163.4
CPIAUCSL,1998-09-01,163.5
CPIAUCSL,1998-10-01,163.9
CPIAUCSL,1998-11-01,164.1
CPIAUCSL,1998-12-01,164.4
CPIAUCSL,1999-01-01,164.7
CPIAUCSL,1999-02-01,164.7
CPIAUCSL,1999-03-01,164.8
CPIAUCSL,1999-04-01,165.9
CPIAUCSL,1999-05-01,166.0
CPIAUCSL,1999-06-01,166.0
CPIAUCSL,1999-07-01,166.7
CPIAUCSL,1999-08-01,167.1
CPIAUCSL,1999-09-01,167.8
CPIAUCSL,1999-10-01,168.1
CPIAUCSL,1999-11-01,168.4
CPIAUCSL,1999-12-01,168.8
CPIAUCSL,2000-01-01,169.3
CPIAUCSL,2000-02-01,170.0
CPIAUCSL,2000-03-01,171.0
CPIAUCSL,2000-04-01,170.9
CPIAUCSL,2000-05-01,171.2
CPIAUCSL,2000-06-01,172.2
CPIAUCSL,2000-07-01,172.7
CPIAUCSL,2000-08-01,172.7
CPIAUCSL,2000-09-01,173.6
CPIAUCSL,2000-10-01,173.9
CPIAUCSL,2000-11-01,174.2
CPIAUCSL,2000-12-01,174.6
CPIAUCSL,2001-01-01,175.6
CPIAUCSL,2001-02-01,176.0
CPIAUCSL,2001-03-01,176.1
CPIAUCSL,2001-04-01,176.4
CPIAUCSL,2001-05-01,177.3
CPIAUCSL,2001-06-01,177.7
CPIAUCSL,2001-07-01,177.4
CPIAUCSL,2001-08-01,177.4
CPIAUCSL,2001-09-01,178.1
CPIAUCSL,2001-10-01,177.6
CPIAUCSL,2001-11-01,177.5
CPIAUCSL,2001-12-01,177.4
CPIAUCSL,2002-01-01,177.7
CPIAUCSL,2002-02-01,178.0
CPIAUCSL,2002-03-01,178.5
CPIAUCSL,2002-04-01,179.3
CPIAUCSL,2002-05-01,179.5
CPIAUCSL,2002-06-01,179.6
CPIAUCSL,2002-07-01,180.0
CPIAUCSL,2002-08-01,180.5
CPIAUCSL,2002-09-01,180.8
CPIAUCSL,2002-10-01,181.2
CPIAUCSL,2002-11-01,181.5
CPIAUCSL,2002-12-01,181.8
CPIAUCSL,2003-01-01,182.6
CPIAUCSL,2003-02-01,183.6
CPIAUCSL,2003-03-01,183.9
CPIAUCSL,2003-04-01,183.2
CPIAUCSL,2003-05-01,182.9
CPIAUCSL,2003-06-01,183.1
CPIAUCSL,2003-07-01,183.7
CPIAUCSL,2003-08-01,184.5
CPIAUCSL,2003-09-01,185.1
CPIAUCSL,2003-10-01,184.9
CPIAUCSL,2003-11-01,185.0
CPIAUCSL,2003-12-01,185.5
CPIAUCSL,2004-01-01,186.3
CPIAUCSL,2004-02-01,186.7
CPIAUCSL,2004-03-01,187.1
CPIAUCSL,2004-04-01,187.4
CPIAUCSL,2004-05-01,188.2
CPIAUCSL,2004-06-01,188.9
CPIAUCSL,2004-07-01,189.1
CPIAUCSL,2004-08-01,189.2
CPIAUCSL,2004-09-01,189.8
CPIAUCSL,2004-10-01,190.8
CPIAUCSL,2004-11-01,191.7
CPIAUCSL,2004-12-01,191.7
CPIAUCSL,2005-01-01,191.6
CPIAUCSL,2005-02-01,192.4
CPIAUCSL,2005-03-01,193.1
CPIAUCSL,2005-04-01,193.7
CPIAUCSL,2005-05-01,193.6
CPIAUCSL,2005-06-01,193.7
CPIAUCSL,2005-07-01,194.9
CPIAUCSL,2005-08-01,196.1
CPIAUCSL,2005-09-01,198.8
CPIAUCSL,2005-10-01,199.1
CPIAUCSL,2005-11-01,198.1
CPIAUCSL,2005-12-01,198.1
CPIAUCSL,2006-01-01,199.3
CPIAUCSL,2006-02-01,199.4
CPIAUCSL,2006-03-01,199.7
CPIAUCSL,2006-04-01,200.7
CPIAUCSL,2006-05-01,201.3
CPIAUCSL,2006-06-01,201.8
CPIAUCSL,2006-07-01,202.9
CPIAUCSL,2006-08-01,203.8
CPIAUCSL,2006-09-01,202.8
CPIAUCSL,2006-10-01,201.9
CPIAUCSL,2006-11-01,202.0
CPIAUCSL,2006-12-01,203.1
CPIAUCSL,2007-01-01,203.437
CPIAUCSL,2007-02-01,204.226
CPIAUCSL,2007-03-01,205.288
CPIAUCSL,2007-04-01,205.904
CPIAUCSL,2007-05-01,206.755
CPIAUCSL,2007-06-01,207.234
CPIAUCSL,2007-07-01,207.603
CPIAUCSL,2007-08-01,207.667
CPIAUCSL,2007-09-01,208.547
CPIAUCSL,2007-10-01,209.19
CPIAUCSL,2007-11-01,210.834
CPIAUCSL,2007-12-01,211.445
CPIAUCSL,2008-01-01,212.174
CPIAUCSL,2008-02-01,212.687
CPIAUCSL,2008-03-01,213.448
CPIAUCSL,2008-04-01,213.942
CPIAUCSL,2008-05-01,215.208
CPIAUCSL,2008-06-01,217.463
CPIAUCSL,2008-07-01,219.016
CPIAUCSL,2008-08-01,218.69
CPIAUCSL,2008-09-01,218.877
CPIAUCSL,2008-10-01,216.995
CPIAUCSL,2008-11-01,213.153
CPIAUCSL,2008-12-01,211.398
CPIAUCSL,2009-01-01,211.933
CPIAUCSL,2009-02-01,212.705
CPIAUCSL,2009-03-01,212.495
CPIAUCSL,2009-04-01,212.709
CPIAUCSL,2009-05-01,213.022
CPIAUCSL,2009-06-01,214.79
CPIAUCSL,2009-07-01,214.726
CPIAUCSL,2009-08-01,215.445
CPIAUCSL,2009-09-01,215.861
CPIAUCSL,2009-10-01,216.509
CPIAUCSL,2009-11-01,217.234
CPIAUCSL,2009-12-01,217.347
CPIAUCSL,2010-01-01,217.488
CPIAUCSL,2010-02-01,217.281
CPIAUCSL,2010-03-01,217.353
CPIAUCSL,2010-04-01,217.403
CPIAUCSL,2010-05-01,217.29
CPIAUCSL,2010-06-01,217.199
CPIAUCSL,2010-07-01,217.605
CPIAUCSL,2010-08-01,217.923
CPIAUCSL,2010-09-01,218.275
CPIAUCSL,2010-10-01,219.035
CPIAUCSL,2010-11-01,219.59
CPIAUCSL,2010-12-01,220.472
CPIAUCSL,2011-01-01,221.187
CPIAUCSL,2011-02-01,221.898
CPIAUCSL,2011-03-01,223.046
CPIAUCSL,2011-04-01,224.093
CPIAUCSL,2011-05-01,224.806
CPIAUCSL,2011-06-01,224.806
CPIAUCSL,2011-07-01,225.395
CPIAUCSL,2011-08-01,226.106
CPIAUCSL,2011-09-01,226.597
CPIAUCSL,2011-10-01,226.75
CPIAUCSL,2011-11-01,227.169
CPIAUCSL,2011-12-01,227.223
CPIAUCSL,2012-01-01,227.842
CPIAUCSL,2012-02-01,228.329
CPIAUCSL,2012-03-01,228.807
CPIAUCSL,2012-04-01,229.187
CPIAUCSL,2012-05-01,228.713
CPIAUCSL,2012-06-01,228.524
CPIAUCSL,2012-07-01,228.59
CPIAUCSL,2012-08-01,229.918
CPIAUCSL,2012-09-01,231.015
CPIAUCSL,2012-10-01,231.638
CPIAUCSL,2012-11-01,231.249
CPIAUCSL,2012-12-01,231.221
CPIAUCSL,2013-01-01,231.679
CPIAUCSL,2013-02-01,232.937
CPIAUCSL,2013-03-01,232.282
CPIAUCSL,2013-04-01,231.797
CPIAUCSL,2013-05-01,231.893
CPIAUCSL,2013-06-01,232.445
CPIAUCSL,2013-07-01,232.9
CPIAUCSL,2013-08-01,233.456
CPIAUCSL,2013-09-01,233.544
CPIAUCSL,2013-10-01,233.669
CPIAUCSL,2013-11-01,234.1
CPIAUCSL,2013-12-01,234.719
CPIAUCSL,2014-01-01,235.288
CPIAUCSL,2014-02-01,235.547
CPIAUCSL,2014-03-01,236.028
CPIAUCSL,2014-04-01,236.468
CPIAUCSL,2014-05-01,236.918
CPIAUCSL,2014-06-01,237.231
CPIAUCSL,2014-07-01,237.498
CPIAUCSL,2014-08-01,237.46
CPIAUCSL,2014-09-01,237.477
CPIAUCSL,2014-10-01,237.43
CPIAUCSL,2014-11-01,236.983
CPIAUCSL,2014-12-01,236.252
CPIAUCSL,2015-01-01,234.747
CPIAUCSL,2015-02-01,235.342
CPIAUCSL,2015-03-01,235.976
CPIAUCSL,2015-04-01,236.222
CPIAUCSL,2015-05-01,237.001
CPIAUCSL,2015-06-01,237.657
CPIAUCSL,2015-07-01,238.034
CPIAUCSL,2015-08-01,238.033
CPIAUCSL,2015-09-01,237.498
CPIAUCSL,2015-10-01,237.733
CPIAUCSL,2015-11-01,238.017
CPIAUCSL,2015-12-01,237.761
CPIAUCSL,2016-01-01,237.652
CPIAUCSL,2016-02-01,237.336
CPIAUCSL,2016-03-01,238.08
CPIAUCSL,2016-04-01,238.992
CPIAUCSL,2016-05-01,239.557
CPIAUCSL,2016-06-01,240.222
CPIAUCSL,2016-07-01,240.101
CPIAUCSL,2016-08-01,240.545
CPIAUCSL,2016-09-01,241.176
CPIAUCSL,2016-10-01,241.741
CPIAUCSL,2016-11-01,242.026
CPIAUCSL,2016-12-01,242.637
CPIAUCSL,2017-01-01,243.618
CPIAUCSL,2017-02-01,244.006
CPIAUCSL,2017-03-01,243.892
CPIAUCSL,2017-04-01,244.193
CPIAUCSL,2017-05-01,244.004
CPIAUCSL,2017-06-01,244.163
CPIAUCSL,2017-07-01,244.243
CPIAUCSL,2017-08-01,245.183
CPIAUCSL,2017-09-01,246.435
CPIAUCSL,2017-10-01,246.626
CPIAUCSL,2017-11-01,247.284
CPIAUCSL,2017-12-01,247.805
CPIAUCSL,2018-01-01,248.859
CPIAUCSL,2018-02-01,249.529
CPIAUCSL,2018-03-01,249.577
CPIAUCSL,2018-04-01,250.227
CPIAUCSL,2018-05-01,250.792
CPIAUCSL,2018-06-01,251.018
CPIAUCSL,2018-07-01,251.214
CPIAUCSL,2018-08-01,251.663
CPIAUCSL,2018-09-01,252.182
CPIAUCSL,2018-10-01,252.772
CPIAUCSL,2018-11-01,252.594
CPIAUCSL,2018-12-01,252.767
CPIAUCSL,2019-01-01,252.561
CPIAUCSL,2019-02-01,253.319
CPIAUCSL,2019-03-01,254.277
CPIAUCSL,2019-04-01,255.233
CPIAUCSL,2019-05-01,255.296
CPIAUCSL,2019-06-01,255.213
CPIAUCSL,2019-07-01,255.802
CPIAUCSL,2019-08-01,256.036
CPIAUCSL,2019-09-01,256.43
CPIAUCSL,2019-10-01,257.155
CPIAUCSL,2019-11-01,257.879
CPIAUCSL,2019-12-01,258.63
CPIAUCSL,2020-01-01,259.127
CPIAUCSL,2020-02-01,259.25
CPIAUCSL,2020-03-01,258.076
CPIAUCSL,2020-04-01,256.032
CPIAUCSL,2020-05-01,255.802
CPIAUCSL,2020-06-01,257.042
CPIAUCSL,2020-07-01,258.352
CPIAUCSL,2020-08-01,259.316
CPIAUCSL,2020-09-01,259.997
CPIAUCSL,2020-10-01,260.319
CPIAUCSL,2020-11-01,260.911
CPIAUCSL,2020-12-01,262.045
CPIAUCSL,2021-01-01,262.687
CPIAUCSL,2021-02-01,263.579
CPIAUCSL,2021-03-01,264.961
CPIAUCSL,2021-04-01,266.614
CPIAUCSL,2021-05-01,268.383
CPIAUCSL,2021-06-01,270.654
CPIAUCSL,2021-07-01,271.903
CPIAUCSL,2021-08-01,272.676
CPIAUCSL,2021-09-01,273.91
CPIAUCSL,2021-10-01,276.55
CPIAUCSL,2021-11-01,278.919
CPIAUCSL,2021-12-01,280.845
CPIAUCSL,2022-01-01,282.543
CPIAUCSL,2022-02-01,284.5
CPIAUCSL,2022-03-01,287.674
CPIAUCSL,2022-04-01,288.561
CPIAUCSL,2022-05-01,291.298
CPIAUCSL,2022-06-01,294.957
CPIAUCSL,2022-07-01,294.913
CPIAUCSL,2022-08-01,295.097
CPIAUCSL,2022-09-01,296.349
CPIAUCSL,2022-10-01,298.007
CPIAUCSL,2022-11-01,298.786
CPIAUCSL,2022-12-01,298.832
CPIAUCSL,2023-01-01,300.42
CPIAUCSL,2023-02-01,301.45
CPIAUCSL,2023-03-01,301.821
CPIAUCSL,2023-04-01,302.845
CPIAUCSL,2023-05-01,303.334
CPIAUCSL,2023-06-01,304.014
CPIAUCSL,2023-07-01,304.609
CPIAUCSL,2023-08-01,306.082
CPIAUCSL,2023-09-01,307.276
CPIAUCSL,2023-10-01,307.696
CPIAUCSL,2023-11-01,308.148
CPIAUCSL,2023-12-01,308.741
CPIAUCSL,2024-01-01,309.698
CPIAUCSL,2024-02-01,310.967
CPIAUCSL,2024-03-01,312.345
CPIAUCSL,2024-04-01,313.023
CPIAUCSL,2024-05-01,313.175
CPIAUCSL,2024-06-01,313.044
CPIAUCSL,2024-07-01,313.569
CPIAUCSL,2024-08-01,314.062
CPIAUCSL,2024-09-01,314.732
CPIAUCSL,2024-10-01,315.631
CPIAUCSL,2024-11-01,316.528
CPIAUCSL,2024-12-01,317.604
CPIAUCSL,2025-01-01,318.961
CPIAUCSL,2025-02-01,319.679
CPIAUCSL,2025-03-01,319.785
CPIAUCSL,2025-04-01,320.302
CPIAUCSL,2025-05-01,320.62
CPIAUCSL,2025-06-01,321.435
CPIAUCSL,2025-07-01,322.169
CPIAUCSL,2025-08-01,323.291
CPIAUCSL,2025-09-01,324.245
CPIAUCSL,2025-10-01,
CPIAUCSL,2025-11-01,325.063
CPIAUCSL,2025-12-01,326.031
CPIAUCSL,2026-01-01,326.588
CPIAUCSL,2026-02-01,327.46
CPIAUCSL,2026-03-01,330.293
CPIAUCSL,2026-04-01,332.407
CPIAUCSL,2026-05-01,333.979
CPIAUCSL,2026-06-01,332.568
CPIAUCSL,2026-07-01,332.813
CPIAUCSL,2026-08-01,334.131
CPILFESL,1957-01-01,28.5
CPILFESL,1957-02-01,28.6
CPILFESL,1957-03-01,28.7
CPILFESL,1957-04-01,28.8
CPILFESL,1957-05-01,28.8
CPILFESL,1957-06-01,28.9
CPILFESL,1957-07-01,29.0
CPILFESL,1957-08-01,29.0
CPILFESL,1957-09-01,29.1
CPILFESL,1957-10-01,29.2
CPILFESL,1957-11-01,29.3
CPILFESL,1957-12-01,29.3
CPILFESL,1958-01-01,29.3
CPILFESL,1958-02-01,29.4
CPILFESL,1958-03-01,29.5
CPILFESL,1958-04-01,29.5
CPILFESL,1958-05-01,29.5
CPILFESL,1958-06-01,29.6
CPILFESL,1958-07-01,29.6
CPILFESL,1958-08-01,29.6
CPILFESL,1958-09-01,29.7
CPILFESL,1958-10-01,29.7
CPILFESL,1958-11-01,29.8
CPILFESL,1958-12-01,29.9
CPILFESL,1959-01-01,29.9
CPILFESL,1959-02-01,29.9
CPILFESL,1959-03-01,30.0
CPILFESL,1959-04-01,30.0
CPILFESL,1959-05-01,30.1
CPILFESL,1959-06-01,30.2
CPILFESL,1959-07-01,30.2
CPILFESL,1959-08-01,30.2
CPILFESL,1959-09-01,30.3
CPILFESL,1959-10-01,30.4
CPILFESL,1959-11-01,30.4
CPILFESL,1959-12-01,30.5
CPILFESL,1960-01-01,30.5
CPILFESL,1960-02-01,30.6
CPILFESL,1960-03-01,30.6
CPILFESL,1960-04-01,30.6
CPILFESL,1960-05-01,30.6
CPILFESL,1960-06-01,30.7
CPILFESL,1960-07-01,30.6
CPILFESL,1960-08-01,30.6
CPILFESL,1960-09-01,30.6
CPILFESL,1960-10-01,30.8
CPILFESL,1960-11-01,30.8
CPILFESL,1960-12-01,30.7
CPILFESL,1961-01-01,30.8
CPILFESL,1961-02-01,30.8
CPILFESL,1961-03-01,30.9
CPILFESL,1961-04-01,30.9
CPILFESL,1961-05-01,30.9
CPILFESL,1961-06-01,31.0
CPILFESL,1961-07-01,31.0
CPILFESL,1961-08-01,31.1
CPILFESL,1961-09-01,31.1
CPILFESL,1961-10-01,31.1
CPILFESL,1961-11-01,31.2
CPILFESL,1961-12-01,31.2
CPILFESL,1962-01-01,31.2
CPILFESL,1962-02-01,31.2
CPILFESL,1962-03-01,31.3
CPILFESL,1962-04-01,31.3
CPILFESL,1962-05-01,31.4
CPILFESL,1962-06-01,31.4
CPILFESL,1962-07-01,31.4
CPILFESL,1962-08-01,31.5
CPILFESL,1962-09-01,31.5
CPILFESL,1962-10-01,31.5
CPILFESL,1962-11-01,31.5
CPILFESL,1962-12-01,31.6
CPILFESL,1963-01-01,31.5
CPILFESL,1963-02-01,31.6
CPILFESL,1963-03-01,31.7
CPILFESL,1963-04-01,31.7
CPILFESL,1963-05-01,31.7
CPILFESL,1963-06-01,31.8
CPILFESL,1963-07-01,31.8
CPILFESL,1963-08-01,31.9
CPILFESL,1963-09-01,31.9
CPILFESL,1963-10-01,32.0
CPILFESL,1963-11-01,32.0
CPILFESL,1963-12-01,32.1
CPILFESL,1964-01-01,32.2
CPILFESL,1964-02-01,32.2
CPILFESL,1964-03-01,32.2
CPILFESL,1964-04-01,32.2
CPILFESL,1964-05-01,32.2
CPILFESL,1964-06-01,32.3
CPILFESL,1964-07-01,32.3
CPILFESL,1964-08-01,32.3
CPILFESL,1964-09-01,32.3
CPILFESL,1964-10-01,32.4
CPILFESL,1964-11-01,32.5
CPILFESL,1964-12-01,32.5
CPILFESL,1965-01-01,32.6
CPILFESL,1965-02-01,32.6
CPILFESL,1965-03-01,32.6
CPILFESL,1965-04-01,32.7
CPILFESL,1965-05-01,32.7
CPILFESL,1965-06-01,32.7
CPILFESL,1965-07-01,32.7
CPILFESL,1965-08-01,32.7
CPILFESL,1965-09-01,32.8
CPILFESL,1965-10-01,32.8
CPILFESL,1965-11-01,32.9
CPILFESL,1965-12-01,33.0
CPILFESL,1966-01-01,33.0
CPILFESL,1966-02-01,33.1
CPILFESL,1966-03-01,33.1
CPILFESL,1966-04-01,33.3
CPILFESL,1966-05-01,33.4
CPILFESL,1966-06-01,33.5
CPILFESL,1966-07-01,33.6
CPILFESL,1966-08-01,33.7
CPILFESL,1966-09-01,33.8
CPILFESL,1966-10-01,34.0
CPILFESL,1966-11-01,34.0
CPILFESL,1966-12-01,34.1
CPILFESL,1967-01-01,34.2
CPILFESL,1967-02-01,34.2
CPILFESL,1967-03-01,34.3
CPILFESL,1967-04-01,34.4
CPILFESL,1967-05-01,34.5
CPILFESL,1967-06-01,34.6
CPILFESL,1967-07-01,34.7
CPILFESL,1967-08-01,34.9
CPILFESL,1967-09-01,35.0
CPILFESL,1967-10-01,35.1
CPILFESL,1967-11-01,35.2
CPILFESL,1967-12-01,35.4
CPILFESL,1968-01-01,35.5
CPILFESL,1968-02-01,35.7
CPILFESL,1968-03-01,35.8
CPILFESL,1968-04-01,35.9
CPILFESL,1968-05-01,36.0
CPILFESL,1968-06-01,36.2
CPILFESL,1968-07-01,36.4
CPILFESL,1968-08-01,36.5
CPILFESL,1968-09-01,36.7
CPILFESL,1968-10-01,36.9
CPILFESL,1968-11-01,37.1
CPILFESL,1968-12-01,37.2
CPILFESL,1969-01-01,37.3
CPILFESL,1969-02-01,37.6
CPILFESL,1969-03-01,37.8
CPILFESL,1969-04-01,38.1
CPILFESL,1969-05-01,38.1
CPILFESL,1969-06-01,38.3
CPILFESL,1969-07-01,38.5
CPILFESL,1969-08-01,38.7
CPILFESL,1969-09-01,38.9
CPILFESL,1969-10-01,39.1
CPILFESL,1969-11-01,39.2
CPILFESL,1969-12-01,39.4
CPILFESL,1970-01-01,39.6
CPILFESL,1970-02-01,39.8
CPILFESL,1970-03-01,40.1
CPILFESL,1970-04-01,40.4
CPILFESL,1970-05-01,40.5
CPILFESL,1970-06-01,40.8
CPILFESL,1970-07-01,40.9
CPILFESL,1970-08-01,41.1
CPILFESL,1970-09-01,41.3
CPILFESL,1970-10-01,41.5
CPILFESL,1970-11-01,41.8
CPILFESL,1970-12-01,42.0
CPILFESL,1971-01-01,42.1
CPILFESL,1971-02-01,42.2
CPILFESL,1971-03-01,42.2
CPILFESL,1971-04-01,42.4
CPILFESL,1971-05-01,42.6
CPILFESL,1971-06-01,42.8
CPILFESL,1971-07-01,42.9
CPILFESL,1971-08-01,43.0
CPILFESL,1971-09-01,43.0
CPILFESL,1971-10-01,43.1
CPILFESL,1971-11-01,43.2
CPILFESL,1971-12-01,43.3
CPILFESL,1972-01-01,43.5
CPILFESL,1972-02-01,43.6
CPILFESL,1972-03-01,43.6
CPILFESL,1972-04-01,43.8
CPILFESL,1972-05-01,43.9
CPILFESL,1972-06-01,44.0
CPILFESL,1972-07-01,44.1
CPILFESL,1972-08-01,44.3
CPILFESL,1972-09-01,44.3
CPILFESL,1972-10-01,44.4
CPILFESL,1972-11-01,44.4
CPILFESL,1972-12-01,44.6
CPILFESL,1973-01-01,44.6
CPILFESL,1973-02-01,44.8
CPILFESL,1973-03-01,45.0
CPILFESL,1973-04-01,45.1
CPILFESL,1973-05-01,45.3
CPILFESL,1973-06-01,45.4
CPILFESL,1973-07-01,45.5
CPILFESL,1973-08-01,45.7
CPILFESL,1973-09-01,46.0
CPILFESL,1973-10-01,46.3
CPILFESL,1973-11-01,46.5
CPILFESL,1973-12-01,46.7
CPILFESL,1974-01-01,46.9
CPILFESL,1974-02-01,47.2
CPILFESL,1974-03-01,47.6
CPILFESL,1974-04-01,47.9
CPILFESL,1974-05-01,48.5
CPILFESL,1974-06-01,49.0
CPILFESL,1974-07-01,49.5
CPILFESL,1974-08-01,50.2
CPILFESL,1974-09-01,50.7
CPILFESL,1974-10-01,51.2
CPILFESL,1974-11-01,51.6
CPILFESL,1974-12-01,52.0
CPILFESL,1975-01-01,52.3
CPILFESL,1975-02-01,52.8
CPILFESL,1975-03-01,53.0
CPILFESL,1975-04-01,53.3
CPILFESL,1975-05-01,53.5
CPILFESL,1975-06-01,53.8
CPILFESL,1975-07-01,54.0
CPILFESL,1975-08-01,54.2
CPILFESL,1975-09-01,54.5
CPILFESL,1975-10-01,54.8
CPILFESL,1975-11-01,55.2
CPILFESL,1975-12-01,55.5
CPILFESL,1976-01-01,55.9
CPILFESL,1976-02-01,56.2
CPILFESL,1976-03-01,56.5
CPILFESL,1976-04-01,56.7
CPILFESL,1976-05-01,57.0
CPILFESL,1976-06-01,57.2
CPILFESL,1976-07-01,57.6
CPILFESL,1976-08-01,57.9
CPILFESL,1976-09-01,58.2
CPILFESL,1976-10-01,58.5
CPILFESL,1976-11-01,58.7
CPILFESL,1976-12-01,58.9
CPILFESL,1977-01-01,59.3
CPILFESL,1977-02-01,59.7
CPILFESL,1977-03-01,60.0
CPILFESL,1977-04-01,60.3
CPILFESL,1977-05-01,60.6
CPILFESL,1977-06-01,61.0
CPILFESL,1977-07-01,61.2
CPILFESL,1977-08-01,61.5
CPILFESL,1977-09-01,61.8
CPILFESL,1977-10-01,62.0
CPILFESL,1977-11-01,62.3
CPILFESL,1977-12-01,62.7
CPILFESL,1978-01-01,63.1
CPILFESL,1978-02-01,63.4
CPILFESL,1978-03-01,63.8
CPILFESL,1978-04-01,64.3
CPILFESL,1978-05-01,64.7
CPILFESL,1978-06-01,65.2
CPILFESL,1978-07-01,65.6
CPILFESL,1978-08-01,66.1
CPILFESL,1978-09-01,66.7
CPILFESL,1978-10-01,67.2
CPILFESL,1978-11-01,67.6
CPILFESL,1978-12-01,68.0
CPILFESL,1979-01-01,68.5
CPILFESL,1979-02-01,69.2
CPILFESL,1979-03-01,69.8
CPILFESL,1979-04-01,70.3
CPILFESL,1979-05-01,70.8
CPILFESL,1979-06-01,71.3
CPILFESL,1979-07-01,71.9
CPILFESL,1979-08-01,72.7
CPILFESL,1979-09-01,73.3
CPILFESL,1979-10-01,74.0
CPILFESL,1979-11-01,74.8
CPILFESL,1979-12-01,75.7
CPILFESL,1980-01-01,76.7
CPILFESL,1980-02-01,77.5
CPILFESL,1980-03-01,78.6
CPILFESL,1980-04-01,79.5
CPILFESL,1980-05-01,80.1
CPILFESL,1980-06-01,81.0
CPILFESL,1980-07-01,80.8
CPILFESL,1980-08-01,81.3
CPILFESL,1980-09-01,82.1
CPILFESL,1980-10-01,83.0
CPILFESL,1980-11-01,83.9
CPILFESL,1980-12-01,84.9
CPILFESL,1981-01-01,85.4
CPILFESL,1981-02-01,85.9
CPILFESL,1981-03-01,86.4
CPILFESL,1981-04-01,87.0
CPILFESL,1981-05-01,87.8
CPILFESL,1981-06-01,88.6
CPILFESL,1981-07-01,89.8
CPILFESL,1981-08-01,90.7
CPILFESL,1981-09-01,91.8
CPILFESL,1981-10-01,92.1
CPILFESL,1981-11-01,92.5
CPILFESL,1981-12-01,93.0
CPILFESL,1982-01-01,93.3
CPILFESL,1982-02-01,93.8
CPILFESL,1982-03-01,93.9
CPILFESL,1982-04-01,94.7
CPILFESL,1982-05-01,95.4
CPILFESL,1982-06-01,96.1
CPILFESL,1982-07-01,96.7
CPILFESL,1982-08-01,97.1
CPILFESL,1982-09-01,97.2
CPILFESL,1982-10-01,97.5
CPILFESL,1982-11-01,97.3
CPILFESL,1982-12-01,97.2
CPILFESL,1983-01-01,97.6
CPILFESL,1983-02-01,98.0
CPILFESL,1983-03-01,98.2
CPILFESL,1983-04-01,98.6
CPILFESL,1983-05-01,98.9
CPILFESL,1983-06-01,99.2
CPILFESL,1983-07-01,99.8
CPILFESL,1983-08-01,100.1
CPILFESL,1983-09-01,100.5
CPILFESL,1983-10-01,101.0
CPILFESL,1983-11-01,101.5
CPILFESL,1983-12-01,101.8
CPILFESL,1984-01-01,102.5
CPILFESL,1984-02-01,102.8
CPILFESL,1984-03-01,103.2
CPILFESL,1984-04-01,103.7
CPILFESL,1984-05-01,104.1
CPILFESL,1984-06-01,104.5
CPILFESL,1984-07-01,105.0
CPILFESL,1984-08-01,105.4
CPILFESL,1984-09-01,105.8
CPILFESL,1984-10-01,106.2
CPILFESL,1984-11-01,106.4
CPILFESL,1984-12-01,106.8
CPILFESL,1985-01-01,107.1
CPILFESL,1985-02-01,107.7
CPILFESL,1985-03-01,108.1
CPILFESL,1985-04-01,108.4
CPILFESL,1985-05-01,108.8
CPILFESL,1985-06-01,109.1
CPILFESL,1985-07-01,109.4
CPILFESL,1985-08-01,109.8
CPILFESL,1985-09-01,110.0
CPILFESL,1985-10-01,110.5
CPILFESL,1985-11-01,111.1
CPILFESL,1985-12-01,111.4
CPILFESL,1986-01-01,111.9
CPILFESL,1986-02-01,112.2
CPILFESL,1986-03-01,112.5
CPILFESL,1986-04-01,112.9
CPILFESL,1986-05-01,113.1
CPILFESL,1986-06-01,113.4
CPILFESL,1986-07-01,113.8
CPILFESL,1986-08-01,114.2
CPILFESL,1986-09-01,114.6
CPILFESL,1986-10-01,115.0
CPILFESL,1986-11-01,115.3
CPILFESL,1986-12-01,115.6
CPILFESL,1987-01-01,115.9
CPILFESL,1987-02-01,116.2
CPILFESL,1987-03-01,116.6
CPILFESL,1987-04-01,117.3
CPILFESL,1987-05-01,117.7
CPILFESL,1987-06-01,117.9
CPILFESL,1987-07-01,118.3
CPILFESL,1987-08-01,118.7
CPILFESL,1987-09-01,119.2
CPILFESL,1987-10-01,119.8
CPILFESL,1987-11-01,120.1
CPILFESL,1987-12-01,120.4
CPILFESL,1988-01-01,120.9
CPILFESL,1988-02-01,121.2
CPILFESL,1988-03-01,121.7
CPILFESL,1988-04-01,122.3
CPILFESL,1988-05-01,122.7
CPILFESL,1988-06-01,123.2
CPILFESL,1988-07-01,123.6
CPILFESL,1988-08-01,124.0
CPILFESL,1988-09-01,124.7
CPILFESL,1988-10-01,125.2
CPILFESL,1988-11-01,125.6
CPILFESL,1988-12-01,126.0
CPILFESL,1989-01-01,126.5
CPILFESL,1989-02-01,126.9
CPILFESL,1989-03-01,127.4
CPILFESL,1989-04-01,127.8
CPILFESL,1989-05-01,128.3
CPILFESL,1989-06-01,128.8
CPILFESL,1989-07-01,129.2
CPILFESL,1989-08-01,129.5
CPILFESL,1989-09-01,129.9
CPILFESL,1989-10-01,130.6
CPILFESL,1989-11-01,131.1
CPILFESL,1989-12-01,131.6
CPILFESL,1990-01-01,132.1
CPILFESL,1990-02-01,132.7
CPILFESL,1990-03-01,133.5
CPILFESL,1990-04-01,134.0
CPILFESL,1990-05-01,134.4
CPILFESL,1990-06-01,135.1
CPILFESL,1990-07-01,135.8
CPILFESL,1990-08-01,136.6
CPILFESL,1990-09-01,137.1
CPILFESL,1990-10-01,137.6
CPILFESL,1990-11-01,138.0
CPILFESL,1990-12-01,138.6
CPILFESL,1991-01-01,139.5
CPILFESL,1991-02-01,140.2
CPILFESL,1991-03-01,140.5
CPILFESL,1991-04-01,140.9
CPILFESL,1991-05-01,141.3
CPILFESL,1991-06-01,141.8
CPILFESL,1991-07-01,142.3
CPILFESL,1991-08-01,142.9
CPILFESL,1991-09-01,143.4
CPILFESL,1991-10-01,143.7
CPILFESL,1991-11-01,144.2
CPILFESL,1991-12-01,144.7
CPILFESL,1992-01-01,145.1
CPILFESL,1992-02-01,145.4
CPILFESL,1992-03-01,145.9
CPILFESL,1992-04-01,146.3
CPILFESL,1992-05-01,146.8
CPILFESL,1992-06-01,147.1
CPILFESL,1992-07-01,147.6
CPILFESL,1992-08-01,147.9
CPILFESL,1992-09-01,148.1
CPILFESL,1992-10-01,148.8
CPILFESL,1992-11-01,149.2
CPILFESL,1992-12-01,149.6
CPILFESL,1993-01-01,150.1
CPILFESL,1993-02-01,150.6
CPILFESL,1993-03-01,150.8
CPILFESL,1993-04-01,151.4
CPILFESL,1993-05-01,151.8
CPILFESL,1993-06-01,152.1
CPILFESL,1993-07-01,152.3
CPILFESL,1993-08-01,152.8
CPILFESL,1993-09-01,152.9
CPILFESL,1993-10-01,153.4
CPILFESL,1993-11-01,153.9
CPILFESL,1993-12-01,154.3
CPILFESL,1994-01-01,154.5
CPILFESL,1994-02-01,154.8
CPILFESL,1994-03-01,155.3
CPILFESL,1994-04-01,155.5
CPILFESL,1994-05-01,155.9
CPILFESL,1994-06-01,156.4
CPILFESL,1994-07-01,156.7
CPILFESL,1994-08-01,157.1
CPILFESL,1994-09-01,157.5
CPILFESL,1994-10-01,157.8
CPILFESL,1994-11-01,158.2
CPILFESL,1994-12-01,158.3
CPILFESL,1995-01-01,159.0
CPILFESL,1995-02-01,159.4
CPILFESL,1995-03-01,159.9
CPILFESL,1995-04-01,160.4
CPILFESL,1995-05-01,160.7
CPILFESL,1995-06-01,161.1
CPILFESL,1995-07-01,161.4
CPILFESL,1995-08-01,161.8
CPILFESL,1995-09-01,162.2
CPILFESL,1995-10-01,162.7
CPILFESL,1995-11-01,163.0
CPILFESL,1995-12-01,163.1
CPILFESL,1996-01-01,163.7
CPILFESL,1996-02-01,164.0
CPILFESL,1996-03-01,164.4
CPILFESL,1996-04-01,164.6
CPILFESL,1996-05-01,165.0
CPILFESL,1996-06-01,165.4
CPILFESL,1996-07-01,165.7
CPILFESL,1996-08-01,166.0
CPILFESL,1996-09-01,166.5
CPILFESL,1996-10-01,166.8
CPILFESL,1996-11-01,167.2
CPILFESL,1996-12-01,167.4
CPILFESL,1997-01-01,167.8
CPILFESL,1997-02-01,168.1
CPILFESL,1997-03-01,168.4
CPILFESL,1997-04-01,168.9
CPILFESL,1997-05-01,169.2
CPILFESL,1997-06-01,169.4
CPILFESL,1997-07-01,169.7
CPILFESL,1997-08-01,169.8
CPILFESL,1997-09-01,170.2
CPILFESL,1997-10-01,170.6
CPILFESL,1997-11-01,170.8
CPILFESL,1997-12-01,171.2
CPILFESL,1998-01-01,171.6
CPILFESL,1998-02-01,171.9
CPILFESL,1998-03-01,172.2
CPILFESL,1998-04-01,172.5
CPILFESL,1998-05-01,172.9
CPILFESL,1998-06-01,173.2
CPILFESL,1998-07-01,173.5
CPILFESL,1998-08-01,174.0
CPILFESL,1998-09-01,174.2
CPILFESL,1998-10-01,174.4
CPILFESL,1998-11-01,174.8
CPILFESL,1998-12-01,175.4
CPILFESL,1999-01-01,175.6
CPILFESL,1999-02-01,175.6
CPILFESL,1999-03-01,175.7
CPILFESL,1999-04-01,176.3
CPILFESL,1999-05-01,176.5
CPILFESL,1999-06-01,176.6
CPILFESL,1999-07-01,177.1
CPILFESL,1999-08-01,177.3
CPILFESL,1999-09-01,177.8
CPILFESL,1999-10-01,178.1
CPILFESL,1999-11-01,178.4
CPILFESL,1999-12-01,178.7
CPILFESL,2000-01-01,179.3
CPILFESL,2000-02-01,179.4
CPILFESL,2000-03-01,180.0
CPILFESL,2000-04-01,180.3
CPILFESL,2000-05-01,180.7
CPILFESL,2000-06-01,181.1
CPILFESL,2000-07-01,181.5
CPILFESL,2000-08-01,181.9
CPILFESL,2000-09-01,182.3
CPILFESL,2000-10-01,182.6
CPILFESL,2000-11-01,183.1
CPILFESL,2000-12-01,183.3
CPILFESL,2001-01-01,183.9
CPILFESL,2001-02-01,184.4
CPILFESL,2001-03-01,184.7
CPILFESL,2001-04-01,185.1
CPILFESL,2001-05-01,185.3
CPILFESL,2001-06-01,186.0
CPILFESL,2001-07-01,186.4
CPILFESL,2001-08-01,186.7
CPILFESL,2001-09-01,187.1
CPILFESL,2001-10-01,187.4
CPILFESL,2001-11-01,188.1
CPILFESL,2001-12-01,188.4
CPILFESL,2002-01-01,188.7
CPILFESL,2002-02-01,189.1
CPILFESL,2002-03-01,189.2
CPILFESL,2002-04-01,189.7
CPILFESL,2002-05-01,190.0
CPILFESL,2002-06-01,190.2
CPILFESL,2002-07-01,190.5
CPILFESL,2002-08-01,191.1
CPILFESL,2002-09-01,191.3
CPILFESL,2002-10-01,191.5
CPILFESL,2002-11-01,191.9
CPILFESL,2002-12-01,192.1
CPILFESL,2003-01-01,192.4
CPILFESL,2003-02-01,192.5
CPILFESL,2003-03-01,192.5
CPILFESL,2003-04-01,192.5
CPILFESL,2003-05-01,192.9
CPILFESL,2003-06-01,193.0
CPILFESL,2003-07-01,193.4
CPILFESL,2003-08-01,193.6
CPILFESL,2003-09-01,193.7
CPILFESL,2003-10-01,194.0
CPILFESL,2003-11-01,194.0
CPILFESL,2003-12-01,194.2
CPILFESL,2004-01-01,194.6
CPILFESL,2004-02-01,194.9
CPILFESL,2004-03-01,195.5
CPILFESL,2004-04-01,195.9
CPILFESL,2004-05-01,196.2
CPILFESL,2004-06-01,196.6
CPILFESL,2004-07-01,196.8
CPILFESL,2004-08-01,196.9
CPILFESL,2004-09-01,197.5
CPILFESL,2004-10-01,197.9
CPILFESL,2004-11-01,198.3
CPILFESL,2004-12-01,198.6
CPILFESL,2005-01-01,199.0
CPILFESL,2005-02-01,199.4
CPILFESL,2005-03-01,200.1
CPILFESL,2005-04-01,200.2
CPILFESL,2005-05-01,200.5
CPILFESL,2005-06-01,200.6
CPILFESL,2005-07-01,200.9
CPILFESL,2005-08-01,201.1
CPILFESL,2005-09-01,201.3
CPILFESL,2005-10-01,202.0
CPILFESL,2005-11-01,202.5
CPILFESL,2005-12-01,202.8
CPILFESL,2006-01-01,203.2
CPILFESL,2006-02-01,203.6
CPILFESL,2006-03-01,204.3
CPILFESL,2006-04-01,204.8
CPILFESL,2006-05-01,205.4
CPILFESL,2006-06-01,205.9
CPILFESL,2006-07-01,206.3
CPILFESL,2006-08-01,206.8
CPILFESL,2006-09-01,207.2
CPILFESL,2006-10-01,207.6
CPILFESL,2006-11-01,207.8
CPILFESL,2006-12-01,208.1
CPILFESL,2007-01-01,208.6
CPILFESL,2007-02-01,209.135
CPILFESL,2007-03-01,209.418
CPILFESL,2007-04-01,209.747
CPILFESL,2007-05-01,210.058
CPILFESL,2007-06-01,210.392
CPILFESL,2007-07-01,210.773
CPILFESL,2007-08-01,211.119
CPILFESL,2007-09-01,211.554
CPILFESL,2007-10-01,212.077
CPILFESL,2007-11-01,212.66
CPILFESL,2007-12-01,213.168
CPILFESL,2008-01-01,213.771
CPILFESL,2008-02-01,213.939
CPILFESL,2008-03-01,214.42
CPILFESL,2008-04-01,214.56
CPILFESL,2008-05-01,214.936
CPILFESL,2008-06-01,215.424
CPILFESL,2008-07-01,215.965
CPILFESL,2008-08-01,216.393
CPILFESL,2008-09-01,216.713
CPILFESL,2008-10-01,216.788
CPILFESL,2008-11-01,216.947
CPILFESL,2008-12-01,216.925
CPILFESL,2009-01-01,217.346
CPILFESL,2009-02-01,217.792
CPILFESL,2009-03-01,218.253
CPILFESL,2009-04-01,218.706
CPILFESL,2009-05-01,218.904
CPILFESL,2009-06-01,219.112
CPILFESL,2009-07-01,219.263
CPILFESL,2009-08-01,219.496
CPILFESL,2009-09-01,219.92
CPILFESL,2009-10-01,220.501
CPILFESL,2009-11-01,220.666
CPILFESL,2009-12-01,220.881
CPILFESL,2010-01-01,220.633
CPILFESL,2010-02-01,220.731
CPILFESL,2010-03-01,220.783
CPILFESL,2010-04-01,220.822
CPILFESL,2010-05-01,220.962
CPILFESL,2010-06-01,221.194
CPILFESL,2010-07-01,221.363
CPILFESL,2010-08-01,221.509
CPILFESL,2010-09-01,221.711
CPILFESL,2010-10-01,221.83
CPILFESL,2010-11-01,222.149
CPILFESL,2010-12-01,222.343
CPILFESL,2011-01-01,222.803
CPILFESL,2011-02-01,223.213
CPILFESL,2011-03-01,223.454
CPILFESL,2011-04-01,223.727
CPILFESL,2011-05-01,224.175
CPILFESL,2011-06-01,224.697
CPILFESL,2011-07-01,225.218
CPILFESL,2011-08-01,225.862
CPILFESL,2011-09-01,226.118
CPILFESL,2011-10-01,226.506
CPILFESL,2011-11-01,226.899
CPILFESL,2011-12-01,227.405
CPILFESL,2012-01-01,227.877
CPILFESL,2012-02-01,228.034
CPILFESL,2012-03-01,228.478
CPILFESL,2012-04-01,228.905
CPILFESL,2012-05-01,229.224
CPILFESL,2012-06-01,229.623
CPILFESL,2012-07-01,229.97
CPILFESL,2012-08-01,230.233
CPILFESL,2012-09-01,230.659
CPILFESL,2012-10-01,231.024
CPILFESL,2012-11-01,231.33
CPILFESL,2012-12-01,231.725
CPILFESL,2013-01-01,232.229
CPILFESL,2013-02-01,232.569
CPILFESL,2013-03-01,232.794
CPILFESL,2013-04-01,232.832
CPILFESL,2013-05-01,232.996
CPILFESL,2013-06-01,233.35
CPILFESL,2013-07-01,233.88
CPILFESL,2013-08-01,234.336
CPILFESL,2013-09-01,234.7
CPILFESL,2013-10-01,234.921
CPILFESL,2013-11-01,235.359
CPILFESL,2013-12-01,235.759
CPILFESL,2014-01-01,235.961
CPILFESL,2014-02-01,236.185
CPILFESL,2014-03-01,236.625
CPILFESL,2014-04-01,237.072
CPILFESL,2014-05-01,237.529
CPILFESL,2014-06-01,237.837
CPILFESL,2014-07-01,238.195
CPILFESL,2014-08-01,238.405
CPILFESL,2014-09-01,238.786
CPILFESL,2014-10-01,239.191
CPILFESL,2014-11-01,239.458
CPILFESL,2014-12-01,239.584
CPILFESL,2015-01-01,239.811
CPILFESL,2015-02-01,240.172
CPILFESL,2015-03-01,240.755
CPILFESL,2015-04-01,241.346
CPILFESL,2015-05-01,241.688
CPILFESL,2015-06-01,242.064
CPILFESL,2015-07-01,242.565
CPILFESL,2015-08-01,242.817
CPILFESL,2015-09-01,243.316
CPILFESL,2015-10-01,243.768
CPILFESL,2015-11-01,244.241
CPILFESL,2015-12-01,244.547
CPILFESL,2016-01-01,244.955
CPILFESL,2016-02-01,245.51
CPILFESL,2016-03-01,245.913
CPILFESL,2016-04-01,246.551
CPILFESL,2016-05-01,247.137
CPILFESL,2016-06-01,247.54
CPILFESL,2016-07-01,247.829
CPILFESL,2016-08-01,248.423
CPILFESL,2016-09-01,248.842
CPILFESL,2016-10-01,249.142
CPILFESL,2016-11-01,249.481
CPILFESL,2016-12-01,249.92
CPILFESL,2017-01-01,250.467
CPILFESL,2017-02-01,250.998
CPILFESL,2017-03-01,250.944
CPILFESL,2017-04-01,251.227
CPILFESL,2017-05-01,251.43
CPILFESL,2017-06-01,251.746
CPILFESL,2017-07-01,251.985
CPILFESL,2017-08-01,252.535
CPILFESL,2017-09-01,252.812
CPILFESL,2017-10-01,253.526
CPILFESL,2017-11-01,253.816
CPILFESL,2017-12-01,254.344
CPILFESL,2018-01-01,255.204
CPILFESL,2018-02-01,255.711
CPILFESL,2018-03-01,256.271
CPILFESL,2018-04-01,256.63
CPILFESL,2018-05-01,257.145
CPILFESL,2018-06-01,257.399
CPILFESL,2018-07-01,257.699
CPILFESL,2018-08-01,257.891
CPILFESL,2018-09-01,258.368
CPILFESL,2018-10-01,258.917
CPILFESL,2018-11-01,259.439
CPILFESL,2018-12-01,260.063
CPILFESL,2019-01-01,260.766
CPILFESL,2019-02-01,261.186
CPILFESL,2019-03-01,261.567
CPILFESL,2019-04-01,261.997
CPILFESL,2019-05-01,262.217
CPILFESL,2019-06-01,262.739
CPILFESL,2019-07-01,263.28
CPILFESL,2019-08-01,263.877
CPILFESL,2019-09-01,264.388
CPILFESL,2019-10-01,264.97
CPILFESL,2019-11-01,265.548
CPILFESL,2019-12-01,266.02
CPILFESL,2020-01-01,266.716
CPILFESL,2020-02-01,267.37
CPILFESL,2020-03-01,267.054
CPILFESL,2020-04-01,265.746
CPILFESL,2020-05-01,265.412
CPILFESL,2020-06-01,265.849
CPILFESL,2020-07-01,267.389
CPILFESL,2020-08-01,268.422
CPILFESL,2020-09-01,268.933
CPILFESL,2020-10-01,269.306
CPILFESL,2020-11-01,269.981
CPILFESL,2020-12-01,270.341
CPILFESL,2021-01-01,270.387
CPILFESL,2021-02-01,270.793
CPILFESL,2021-03-01,271.459
CPILFESL,2021-04-01,273.66
CPILFESL,2021-05-01,275.465
CPILFESL,2021-06-01,277.651
CPILFESL,2021-07-01,278.648
CPILFESL,2021-08-01,278.997
CPILFESL,2021-09-01,279.698
CPILFESL,2021-10-01,281.668
CPILFESL,2021-11-01,283.406
CPILFESL,2021-12-01,285.18
CPILFESL,2022-01-01,286.757
CPILFESL,2022-02-01,288.273
CPILFESL,2022-03-01,289.056
CPILFESL,2022-04-01,290.514
CPILFESL,2022-05-01,292.063
CPILFESL,2022-06-01,294.05
CPILFESL,2022-07-01,295.088
CPILFESL,2022-08-01,296.535
CPILFESL,2022-09-01,298.226
CPILFESL,2022-10-01,299.399
CPILFESL,2022-11-01,300.325
CPILFESL,2022-12-01,301.394
CPILFESL,2023-01-01,302.642
CPILFESL,2023-02-01,304.123
CPILFESL,2023-03-01,305.147
CPILFESL,2023-04-01,306.534
CPILFESL,2023-05-01,307.652
CPILFESL,2023-06-01,308.322
CPILFESL,2023-07-01,308.96
CPILFESL,2023-08-01,309.58
CPILFESL,2023-09-01,310.539
CPILFESL,2023-10-01,311.457
CPILFESL,2023-11-01,312.392
CPILFESL,2023-12-01,313.195
CPILFESL,2024-01-01,314.319
CPILFESL,2024-02-01,315.564
CPILFESL,2024-03-01,316.792
CPILFESL,2024-04-01,317.649
CPILFESL,2024-05-01,318.095
CPILFESL,2024-06-01,318.39
CPILFESL,2024-07-01,318.94
CPILFESL,2024-08-01,319.75
CPILFESL,2024-09-01,320.732
CPILFESL,2024-10-01,321.731
CPILFESL,2024-11-01,322.657
CPILFESL,2024-12-01,323.259
CPILFESL,2025-01-01,324.638
CPILFESL,2025-02-01,325.465
CPILFESL,2025-03-01,325.69
CPILFESL,2025-04-01,326.467
CPILFESL,2025-05-01,326.893
CPILFESL,2025-06-01,327.658
CPILFESL,2025-07-01,328.682
CPILFESL,2025-08-01,329.7
CPILFESL,2025-09-01,330.418
CPILFESL,2025-10-01,
CPILFESL,2025-11-01,331.043
CPILFESL,2025-12-01,331.814
CPILFESL,2026-01-01,332.793
CPILFESL,2026-02-01,333.512
CPILFESL,2026-03-01,334.165
CPILFESL,2026-04-01,335.423
CPILFESL,2026-05-01,336.121
CPILFESL,2026-06-01,336.065
CPILFESL,2026-07-01,336.789
CPILFESL,2026-08-01,337.765
PCEPILFE,1959-01-01,15.501
PCEPILFE,1959-02-01,15.513
PCEPILFE,1959-03-01,15.531
PCEPILFE,1959-04-01,15.57
PCEPILFE,1959-05-01,15.589
PCEPILFE,1959-06-01,15.635
PCEPILFE,1959-07-01,15.672
PCEPILFE,1959-08-01,15.697
PCEPILFE,1959-09-01,15.738
PCEPILFE,1959-10-01,15.765
PCEPILFE,1959-11-01,15.794
PCEPILFE,1959-12-01,15.818
PCEPILFE,1960-01-01,15.822
PCEPILFE,1960-02-01,15.852
PCEPILFE,1960-03-01,15.853
PCEPILFE,1960-04-01,15.882
PCEPILFE,1960-05-01,15.908
PCEPILFE,1960-06-01,15.917
PCEPILFE,1960-07-01,15.945
PCEPILFE,1960-08-01,15.968
PCEPILFE,1960-09-01,15.981
PCEPILFE,1960-10-01,15.99
PCEPILFE,1960-11-01,16.033
PCEPILFE,1960-12-01,16.028
PCEPILFE,1961-01-01,16.032
PCEPILFE,1961-02-01,16.048
PCEPILFE,1961-03-01,16.053
PCEPILFE,1961-04-01,16.075
PCEPILFE,1961-05-01,16.096
PCEPILFE,1961-06-01,16.12
PCEPILFE,1961-07-01,16.145
PCEPILFE,1961-08-01,16.162
PCEPILFE,1961-09-01,16.194
PCEPILFE,1961-10-01,16.199
PCEPILFE,1961-11-01,16.202
PCEPILFE,1961-12-01,16.216
PCEPILFE,1962-01-01,16.235
PCEPILFE,1962-02-01,16.262
PCEPILFE,1962-03-01,16.3
PCEPILFE,1962-04-01,16.303
PCEPILFE,1962-05-01,16.326
PCEPILFE,1962-06-01,16.356
PCEPILFE,1962-07-01,16.37
PCEPILFE,1962-08-01,16.372
PCEPILFE,1962-09-01,16.404
PCEPILFE,1962-10-01,16.403
PCEPILFE,1962-11-01,16.415
PCEPILFE,1962-12-01,16.42
PCEPILFE,1963-01-01,16.451
PCEPILFE,1963-02-01,16.47
PCEPILFE,1963-03-01,16.48
PCEPILFE,1963-04-01,16.5
PCEPILFE,1963-05-01,16.53
PCEPILFE,1963-06-01,16.558
PCEPILFE,1963-07-01,16.573
PCEPILFE,1963-08-01,16.588
PCEPILFE,1963-09-01,16.618
PCEPILFE,1963-10-01,16.655
PCEPILFE,1963-11-01,16.67
PCEPILFE,1963-12-01,16.694
PCEPILFE,1964-01-01,16.717
PCEPILFE,1964-02-01,16.749
PCEPILFE,1964-03-01,16.765
PCEPILFE,1964-04-01,16.78
PCEPILFE,1964-05-01,16.794
PCEPILFE,1964-06-01,16.806
PCEPILFE,1964-07-01,16.823
PCEPILFE,1964-08-01,16.845
PCEPILFE,1964-09-01,16.852
PCEPILFE,1964-10-01,16.859
PCEPILFE,1964-11-01,16.883
PCEPILFE,1964-12-01,16.907
PCEPILFE,1965-01-01,16.93
PCEPILFE,1965-02-01,16.95
PCEPILFE,1965-03-01,16.96
PCEPILFE,1965-04-01,16.98
PCEPILFE,1965-05-01,17.011
PCEPILFE,1965-06-01,17.007
PCEPILFE,1965-07-01,17.024
PCEPILFE,1965-08-01,17.056
PCEPILFE,1965-09-01,17.076
PCEPILFE,1965-10-01,17.07
PCEPILFE,1965-11-01,17.102
PCEPILFE,1965-12-01,17.154
PCEPILFE,1966-01-01,17.159
PCEPILFE,1966-02-01,17.201
PCEPILFE,1966-03-01,17.223
PCEPILFE,1966-04-01,17.285
PCEPILFE,1966-05-01,17.331
PCEPILFE,1966-06-01,17.387
PCEPILFE,1966-07-01,17.438
PCEPILFE,1966-08-01,17.47
PCEPILFE,1966-09-01,17.524
PCEPILFE,1966-10-01,17.581
PCEPILFE,1966-11-01,17.625
PCEPILFE,1966-12-01,17.679
PCEPILFE,1967-01-01,17.695
PCEPILFE,1967-02-01,17.727
PCEPILFE,1967-03-01,17.754
PCEPILFE,1967-04-01,17.803
PCEPILFE,1967-05-01,17.842
PCEPILFE,1967-06-01,17.887
PCEPILFE,1967-07-01,17.948
PCEPILFE,1967-08-01,18.003
PCEPILFE,1967-09-01,18.067
PCEPILFE,1967-10-01,18.134
PCEPILFE,1967-11-01,18.192
PCEPILFE,1967-12-01,18.237
PCEPILFE,1968-01-01,18.318
PCEPILFE,1968-02-01,18.397
PCEPILFE,1968-03-01,18.47
PCEPILFE,1968-04-01,18.538
PCEPILFE,1968-05-01,18.608
PCEPILFE,1968-06-01,18.681
PCEPILFE,1968-07-01,18.743
PCEPILFE,1968-08-01,18.816
PCEPILFE,1968-09-01,18.892
PCEPILFE,1968-10-01,18.969
PCEPILFE,1968-11-01,19.041
PCEPILFE,1968-12-01,19.098
PCEPILFE,1969-01-01,19.17
PCEPILFE,1969-02-01,19.236
PCEPILFE,1969-03-01,19.326
PCEPILFE,1969-04-01,19.4
PCEPILFE,1969-05-01,19.478
PCEPILFE,1969-06-01,19.545
PCEPILFE,1969-07-01,19.636
PCEPILFE,1969-08-01,19.691
PCEPILFE,1969-09-01,19.77
PCEPILFE,1969-10-01,19.855
PCEPILFE,1969-11-01,19.931
PCEPILFE,1969-12-01,20.005
PCEPILFE,1970-01-01,20.071
PCEPILFE,1970-02-01,20.148
PCEPILFE,1970-03-01,20.223
PCEPILFE,1970-04-01,20.303
PCEPILFE,1970-05-01,20.375
PCEPILFE,1970-06-01,20.448
PCEPILFE,1970-07-01,20.526
PCEPILFE,1970-08-01,20.597
PCEPILFE,1970-09-01,20.683
PCEPILFE,1970-10-01,20.785
PCEPILFE,1970-11-01,20.892
PCEPILFE,1970-12-01,20.997
PCEPILFE,1971-01-01,21.08
PCEPILFE,1971-02-01,21.16
PCEPILFE,1971-03-01,21.228
PCEPILFE,1971-04-01,21.307
PCEPILFE,1971-05-01,21.4
PCEPILFE,1971-06-01,21.485
PCEPILFE,1971-07-01,21.567
PCEPILFE,1971-08-01,21.597
PCEPILFE,1971-09-01,21.633
PCEPILFE,1971-10-01,21.667
PCEPILFE,1971-11-01,21.716
PCEPILFE,1971-12-01,21.784
PCEPILFE,1972-01-01,21.877
PCEPILFE,1972-02-01,21.936
PCEPILFE,1972-03-01,21.979
PCEPILFE,1972-04-01,22.03
PCEPILFE,1972-05-01,22.081
PCEPILFE,1972-06-01,22.126
PCEPILFE,1972-07-01,22.189
PCEPILFE,1972-08-01,22.236
PCEPILFE,1972-09-01,22.31
PCEPILFE,1972-10-01,22.323
PCEPILFE,1972-11-01,22.382
PCEPILFE,1972-12-01,22.449
PCEPILFE,1973-01-01,22.463
PCEPILFE,1973-02-01,22.534
PCEPILFE,1973-03-01,22.625
PCEPILFE,1973-04-01,22.756
PCEPILFE,1973-05-01,22.844
PCEPILFE,1973-06-01,22.943
PCEPILFE,1973-07-01,23.041
PCEPILFE,1973-08-01,23.148
PCEPILFE,1973-09-01,23.265
PCEPILFE,1973-10-01,23.355
PCEPILFE,1973-11-01,23.468
PCEPILFE,1973-12-01,23.598
PCEPILFE,1974-01-01,23.714
PCEPILFE,1974-02-01,23.865
PCEPILFE,1974-03-01,24.051
PCEPILFE,1974-04-01,24.231
PCEPILFE,1974-05-01,24.464
PCEPILFE,1974-06-01,24.715
PCEPILFE,1974-07-01,24.934
PCEPILFE,1974-08-01,25.174
PCEPILFE,1974-09-01,25.4
PCEPILFE,1974-10-01,25.599
PCEPILFE,1974-11-01,25.786
PCEPILFE,1974-12-01,25.968
PCEPILFE,1975-01-01,26.119
PCEPILFE,1975-02-01,26.304
PCEPILFE,1975-03-01,26.441
PCEPILFE,1975-04-01,26.57
PCEPILFE,1975-05-01,26.683
PCEPILFE,1975-06-01,26.813
PCEPILFE,1975-07-01,26.978
PCEPILFE,1975-08-01,27.071
PCEPILFE,1975-09-01,27.218
PCEPILFE,1975-10-01,27.354
PCEPILFE,1975-11-01,27.535
PCEPILFE,1975-12-01,27.702
PCEPILFE,1976-01-01,27.844
PCEPILFE,1976-02-01,27.955
PCEPILFE,1976-03-01,28.047
PCEPILFE,1976-04-01,28.157
PCEPILFE,1976-05-01,28.29
PCEPILFE,1976-06-01,28.405
PCEPILFE,1976-07-01,28.561
PCEPILFE,1976-08-01,28.726
PCEPILFE,1976-09-01,28.894
PCEPILFE,1976-10-01,29.036
PCEPILFE,1976-11-01,29.168
PCEPILFE,1976-12-01,29.326
PCEPILFE,1977-01-01,29.505
PCEPILFE,1977-02-01,29.686
PCEPILFE,1977-03-01,29.812
PCEPILFE,1977-04-01,29.959
PCEPILFE,1977-05-01,30.112
PCEPILFE,1977-06-01,30.292
PCEPILFE,1977-07-01,30.479
PCEPILFE,1977-08-01,30.629
PCEPILFE,1977-09-01,30.758
PCEPILFE,1977-10-01,30.907
PCEPILFE,1977-11-01,31.067
PCEPILFE,1977-12-01,31.227
PCEPILFE,1978-01-01,31.414
PCEPILFE,1978-02-01,31.535
PCEPILFE,1978-03-01,31.706
PCEPILFE,1978-04-01,31.911
PCEPILFE,1978-05-01,32.099
PCEPILFE,1978-06-01,32.278
PCEPILFE,1978-07-01,32.468
PCEPILFE,1978-08-01,32.642
PCEPILFE,1978-09-01,32.83
PCEPILFE,1978-10-01,33.071
PCEPILFE,1978-11-01,33.249
PCEPILFE,1978-12-01,33.378
PCEPILFE,1979-01-01,33.549
PCEPILFE,1979-02-01,33.659
PCEPILFE,1979-03-01,33.852
PCEPILFE,1979-04-01,34.165
PCEPILFE,1979-05-01,34.462
PCEPILFE,1979-06-01,34.655
PCEPILFE,1979-07-01,34.829
PCEPILFE,1979-08-01,35.06
PCEPILFE,1979-09-01,35.299
PCEPILFE,1979-10-01,35.557
PCEPILFE,1979-11-01,35.784
PCEPILFE,1979-12-01,36.041
PCEPILFE,1980-01-01,36.315
PCEPILFE,1980-02-01,36.677
PCEPILFE,1980-03-01,37.017
PCEPILFE,1980-04-01,37.207
PCEPILFE,1980-05-01,37.507
PCEPILFE,1980-06-01,37.756
PCEPILFE,1980-07-01,38.021
PCEPILFE,1980-08-01,38.296
PCEPILFE,1980-09-01,38.657
PCEPILFE,1980-10-01,38.975
PCEPILFE,1980-11-01,39.282
PCEPILFE,1980-12-01,39.518
PCEPILFE,1981-01-01,39.861
PCEPILFE,1981-02-01,40.152
PCEPILFE,1981-03-01,40.375
PCEPILFE,1981-04-01,40.633
PCEPILFE,1981-05-01,40.913
PCEPILFE,1981-06-01,41.117
PCEPILFE,1981-07-01,41.365
PCEPILFE,1981-08-01,41.642
PCEPILFE,1981-09-01,41.915
PCEPILFE,1981-10-01,42.165
PCEPILFE,1981-11-01,42.411
PCEPILFE,1981-12-01,42.568
PCEPILFE,1982-01-01,42.829
PCEPILFE,1982-02-01,42.994
PCEPILFE,1982-03-01,43.182
PCEPILFE,1982-04-01,43.353
PCEPILFE,1982-05-01,43.589
PCEPILFE,1982-06-01,43.808
PCEPILFE,1982-07-01,44.092
PCEPILFE,1982-08-01,44.295
PCEPILFE,1982-09-01,44.459
PCEPILFE,1982-10-01,44.741
PCEPILFE,1982-11-01,44.906
PCEPILFE,1982-12-01,45.049
PCEPILFE,1983-01-01,45.357
PCEPILFE,1983-02-01,45.525
PCEPILFE,1983-03-01,45.583
PCEPILFE,1983-04-01,45.721
PCEPILFE,1983-05-01,45.787
PCEPILFE,1983-06-01,46.001
PCEPILFE,1983-07-01,46.311
PCEPILFE,1983-08-01,46.55
PCEPILFE,1983-09-01,46.738
PCEPILFE,1983-10-01,46.821
PCEPILFE,1983-11-01,46.93
PCEPILFE,1983-12-01,46.965
PCEPILFE,1984-01-01,47.121
PCEPILFE,1984-02-01,47.418
PCEPILFE,1984-03-01,47.598
PCEPILFE,1984-04-01,47.822
PCEPILFE,1984-05-01,47.933
PCEPILFE,1984-06-01,48.046
PCEPILFE,1984-07-01,48.253
PCEPILFE,1984-08-01,48.412
PCEPILFE,1984-09-01,48.486
PCEPILFE,1984-10-01,48.595
PCEPILFE,1984-11-01,48.698
PCEPILFE,1984-12-01,48.891
PCEPILFE,1985-01-01,49.165
PCEPILFE,1985-02-01,49.42
PCEPILFE,1985-03-01,49.593
PCEPILFE,1985-04-01,49.652
PCEPILFE,1985-05-01,49.823
PCEPILFE,1985-06-01,49.988
PCEPILFE,1985-07-01,50.134
PCEPILFE,1985-08-01,50.38
PCEPILFE,1985-09-01,50.484
PCEPILFE,1985-10-01,50.565
PCEPILFE,1985-11-01,50.689
PCEPILFE,1985-12-01,50.827
PCEPILFE,1986-01-01,51.101
PCEPILFE,1986-02-01,51.233
PCEPILFE,1986-03-01,51.389
PCEPILFE,1986-04-01,51.482
PCEPILFE,1986-05-01,51.57
PCEPILFE,1986-06-01,51.725
PCEPILFE,1986-07-01,51.819
PCEPILFE,1986-08-01,51.925
PCEPILFE,1986-09-01,52.096
PCEPILFE,1986-10-01,52.273
PCEPILFE,1986-11-01,52.384
PCEPILFE,1986-12-01,52.452
PCEPILFE,1987-01-01,52.578
PCEPILFE,1987-02-01,52.685
PCEPILFE,1987-03-01,52.841
PCEPILFE,1987-04-01,53.065
PCEPILFE,1987-05-01,53.214
PCEPILFE,1987-06-01,53.36
PCEPILFE,1987-07-01,53.498
PCEPILFE,1987-08-01,53.679
PCEPILFE,1987-09-01,53.892
PCEPILFE,1987-10-01,54.122
PCEPILFE,1987-11-01,54.235
PCEPILFE,1987-12-01,54.349
PCEPILFE,1988-01-01,54.606
PCEPILFE,1988-02-01,54.718
PCEPILFE,1988-03-01,54.952
PCEPILFE,1988-04-01,55.219
PCEPILFE,1988-05-01,55.407
PCEPILFE,1988-06-01,55.641
PCEPILFE,1988-07-01,55.868
PCEPILFE,1988-08-01,56.007
PCEPILFE,1988-09-01,56.307
PCEPILFE,1988-10-01,56.521
PCEPILFE,1988-11-01,56.676
PCEPILFE,1988-12-01,56.864
PCEPILFE,1989-01-01,57.152
PCEPILFE,1989-02-01,57.297
PCEPILFE,1989-03-01,57.468
PCEPILFE,1989-04-01,57.661
PCEPILFE,1989-05-01,57.833
PCEPILFE,1989-06-01,57.987
PCEPILFE,1989-07-01,58.136
PCEPILFE,1989-08-01,58.217
PCEPILFE,1989-09-01,58.419
PCEPILFE,1989-10-01,58.631
PCEPILFE,1989-11-01,58.787
PCEPILFE,1989-12-01,58.954
PCEPILFE,1990-01-01,59.181
PCEPILFE,1990-02-01,59.468
PCEPILFE,1990-03-01,59.754
PCEPILFE,1990-04-01,59.932
PCEPILFE,1990-05-01,60.115
PCEPILFE,1990-06-01,60.349
PCEPILFE,1990-07-01,60.501
PCEPILFE,1990-08-01,60.753
PCEPILFE,1990-09-01,60.965
PCEPILFE,1990-10-01,61.172
PCEPILFE,1990-11-01,61.246
PCEPILFE,1990-12-01,61.331
PCEPILFE,1991-01-01,61.637
PCEPILFE,1991-02-01,61.807
PCEPILFE,1991-03-01,61.936
PCEPILFE,1991-04-01,62.06
PCEPILFE,1991-05-01,62.307
PCEPILFE,1991-06-01,62.442
PCEPILFE,1991-07-01,62.632
PCEPILFE,1991-08-01,62.804
PCEPILFE,1991-09-01,63.055
PCEPILFE,1991-10-01,63.194
PCEPILFE,1991-11-01,63.312
PCEPILFE,1991-12-01,63.468
PCEPILFE,1992-01-01,63.641
PCEPILFE,1992-02-01,63.814
PCEPILFE,1992-03-01,63.973
PCEPILFE,1992-04-01,64.183
PCEPILFE,1992-05-01,64.273
PCEPILFE,1992-06-01,64.323
PCEPILFE,1992-07-01,64.566
PCEPILFE,1992-08-01,64.625
PCEPILFE,1992-09-01,64.73
PCEPILFE,1992-10-01,64.979
PCEPILFE,1992-11-01,65.121
PCEPILFE,1992-12-01,65.242
PCEPILFE,1993-01-01,65.432
PCEPILFE,1993-02-01,65.557
PCEPILFE,1993-03-01,65.7
PCEPILFE,1993-04-01,65.891
PCEPILFE,1993-05-01,66.114
PCEPILFE,1993-06-01,66.177
PCEPILFE,1993-07-01,66.314
PCEPILFE,1993-08-01,66.438
PCEPILFE,1993-09-01,66.538
PCEPILFE,1993-10-01,66.647
PCEPILFE,1993-11-01,66.819
PCEPILFE,1993-12-01,66.849
PCEPILFE,1994-01-01,66.902
PCEPILFE,1994-02-01,67.047
PCEPILFE,1994-03-01,67.275
PCEPILFE,1994-04-01,67.376
PCEPILFE,1994-05-01,67.526
PCEPILFE,1994-06-01,67.676
PCEPILFE,1994-07-01,67.818
PCEPILFE,1994-08-01,67.894
PCEPILFE,1994-09-01,67.997
PCEPILFE,1994-10-01,68.157
PCEPILFE,1994-11-01,68.282
PCEPILFE,1994-12-01,68.305
PCEPILFE,1995-01-01,68.475
PCEPILFE,1995-02-01,68.587
PCEPILFE,1995-03-01,68.755
PCEPILFE,1995-04-01,68.915
PCEPILFE,1995-05-01,69.032
PCEPILFE,1995-06-01,69.092
PCEPILFE,1995-07-01,69.201
PCEPILFE,1995-08-01,69.367
PCEPILFE,1995-09-01,69.458
PCEPILFE,1995-10-01,69.627
PCEPILFE,1995-11-01,69.672
PCEPILFE,1995-12-01,69.77
PCEPILFE,1996-01-01,69.849
PCEPILFE,1996-02-01,69.94
PCEPILFE,1996-03-01,70.102
PCEPILFE,1996-04-01,70.197
PCEPILFE,1996-05-01,70.319
PCEPILFE,1996-06-01,70.373
PCEPILFE,1996-07-01,70.505
PCEPILFE,1996-08-01,70.566
PCEPILFE,1996-09-01,70.78
PCEPILFE,1996-10-01,70.948
PCEPILFE,1996-11-01,71.041
PCEPILFE,1996-12-01,71.068
PCEPILFE,1997-01-01,71.144
PCEPILFE,1997-02-01,71.29
PCEPILFE,1997-03-01,71.46
PCEPILFE,1997-04-01,71.6
PCEPILFE,1997-05-01,71.652
PCEPILFE,1997-06-01,71.758
PCEPILFE,1997-07-01,71.807
PCEPILFE,1997-08-01,71.778
PCEPILFE,1997-09-01,71.927
PCEPILFE,1997-10-01,72.036
PCEPILFE,1997-11-01,72.058
PCEPILFE,1997-12-01,72.1
PCEPILFE,1998-01-01,72.21
PCEPILFE,1998-02-01,72.272
PCEPILFE,1998-03-01,72.349
PCEPILFE,1998-04-01,72.482
PCEPILFE,1998-05-01,72.552
PCEPILFE,1998-06-01,72.461
PCEPILFE,1998-07-01,72.665
PCEPILFE,1998-08-01,72.807
PCEPILFE,1998-09-01,72.795
PCEPILFE,1998-10-01,72.937
PCEPILFE,1998-11-01,72.95
PCEPILFE,1998-12-01,73.076
PCEPILFE,1999-01-01,73.18
PCEPILFE,1999-02-01,73.155
PCEPILFE,1999-03-01,73.177
PCEPILFE,1999-04-01,73.365
PCEPILFE,1999-05-01,73.435
PCEPILFE,1999-06-01,73.474
PCEPILFE,1999-07-01,73.606
PCEPILFE,1999-08-01,73.642
PCEPILFE,1999-09-01,73.837
PCEPILFE,1999-10-01,73.963
PCEPILFE,1999-11-01,74.034
PCEPILFE,1999-12-01,74.128
PCEPILFE,2000-01-01,74.306
PCEPILFE,2000-02-01,74.415
PCEPILFE,2000-03-01,74.568
PCEPILFE,2000-04-01,74.617
PCEPILFE,2000-05-01,74.697
PCEPILFE,2000-06-01,74.754
PCEPILFE,2000-07-01,74.925
PCEPILFE,2000-08-01,75.021
PCEPILFE,2000-09-01,75.203
PCEPILFE,2000-10-01,75.308
PCEPILFE,2000-11-01,75.441
PCEPILFE,2000-12-01,75.515
PCEPILFE,2001-01-01,75.796
PCEPILFE,2001-02-01,75.93
PCEPILFE,2001-03-01,76.009
PCEPILFE,2001-04-01,76.13
PCEPILFE,2001-05-01,76.148
PCEPILFE,2001-06-01,76.318
PCEPILFE,2001-07-01,76.515
PCEPILFE,2001-08-01,76.553
PCEPILFE,2001-09-01,76.118
PCEPILFE,2001-10-01,76.654
PCEPILFE,2001-11-01,76.81
PCEPILFE,2001-12-01,76.828
PCEPILFE,2002-01-01,76.871
PCEPILFE,2002-02-01,77.018
PCEPILFE,2002-03-01,77.11
PCEPILFE,2002-04-01,77.325
PCEPILFE,2002-05-01,77.411
PCEPILFE,2002-06-01,77.534
PCEPILFE,2002-07-01,77.692
PCEPILFE,2002-08-01,77.845
PCEPILFE,2002-09-01,77.972
PCEPILFE,2002-10-01,78.038
PCEPILFE,2002-11-01,78.114
PCEPILFE,2002-12-01,78.187
PCEPILFE,2003-01-01,78.24
PCEPILFE,2003-02-01,78.348
PCEPILFE,2003-03-01,78.474
PCEPILFE,2003-04-01,78.561
PCEPILFE,2003-05-01,78.674
PCEPILFE,2003-06-01,78.718
PCEPILFE,2003-07-01,78.915
PCEPILFE,2003-08-01,79.004
PCEPILFE,2003-09-01,79.114
PCEPILFE,2003-10-01,79.26
PCEPILFE,2003-11-01,79.368
PCEPILFE,2003-12-01,79.467
PCEPILFE,2004-01-01,79.671
PCEPILFE,2004-02-01,79.8
PCEPILFE,2004-03-01,79.934
PCEPILFE,2004-04-01,80.142
PCEPILFE,2004-05-01,80.252
PCEPILFE,2004-06-01,80.379
PCEPILFE,2004-07-01,80.474
PCEPILFE,2004-08-01,80.505
PCEPILFE,2004-09-01,80.656
PCEPILFE,2004-10-01,80.831
PCEPILFE,2004-11-01,81.005
PCEPILFE,2004-12-01,81.109
PCEPILFE,2005-01-01,81.401
PCEPILFE,2005-02-01,81.536
PCEPILFE,2005-03-01,81.737
PCEPILFE,2005-04-01,81.831
PCEPILFE,2005-05-01,81.999
PCEPILFE,2005-06-01,82.056
PCEPILFE,2005-07-01,82.176
PCEPILFE,2005-08-01,82.243
PCEPILFE,2005-09-01,82.425
PCEPILFE,2005-10-01,82.662
PCEPILFE,2005-11-01,82.873
PCEPILFE,2005-12-01,82.959
PCEPILFE,2006-01-01,83.145
PCEPILFE,2006-02-01,83.279
PCEPILFE,2006-03-01,83.509
PCEPILFE,2006-04-01,83.764
PCEPILFE,2006-05-01,83.974
PCEPILFE,2006-06-01,84.186
PCEPILFE,2006-07-01,84.268
PCEPILFE,2006-08-01,84.44
PCEPILFE,2006-09-01,84.573
PCEPILFE,2006-10-01,84.726
PCEPILFE,2006-11-01,84.766
PCEPILFE,2006-12-01,84.88
PCEPILFE,2007-01-01,85.224
PCEPILFE,2007-02-01,85.408
PCEPILFE,2007-03-01,85.494
PCEPILFE,2007-04-01,85.616
PCEPILFE,2007-05-01,85.717
PCEPILFE,2007-06-01,85.859
PCEPILFE,2007-07-01,85.988
PCEPILFE,2007-08-01,86.116
PCEPILFE,2007-09-01,86.351
PCEPILFE,2007-10-01,86.576
PCEPILFE,2007-11-01,86.746
PCEPILFE,2007-12-01,86.92
PCEPILFE,2008-01-01,87.093
PCEPILFE,2008-02-01,87.178
PCEPILFE,2008-03-01,87.349
PCEPILFE,2008-04-01,87.4
PCEPILFE,2008-05-01,87.559
PCEPILFE,2008-06-01,87.76
PCEPILFE,2008-07-01,87.918
PCEPILFE,2008-08-01,88.026
PCEPILFE,2008-09-01,88.116
PCEPILFE,2008-10-01,87.991
PCEPILFE,2008-11-01,87.952
PCEPILFE,2008-12-01,87.909
PCEPILFE,2009-01-01,87.882
PCEPILFE,2009-02-01,87.952
PCEPILFE,2009-03-01,88.015
PCEPILFE,2009-04-01,88.211
PCEPILFE,2009-05-01,88.279
PCEPILFE,2009-06-01,88.392
PCEPILFE,2009-07-01,88.468
PCEPILFE,2009-08-01,88.599
PCEPILFE,2009-09-01,88.755
PCEPILFE,2009-10-01,89.082
PCEPILFE,2009-11-01,89.16
PCEPILFE,2009-12-01,89.236
PCEPILFE,2010-01-01,89.368
PCEPILFE,2010-02-01,89.446
PCEPILFE,2010-03-01,89.579
PCEPILFE,2010-04-01,89.625
PCEPILFE,2010-05-01,89.724
PCEPILFE,2010-06-01,89.767
PCEPILFE,2010-07-01,89.769
PCEPILFE,2010-08-01,89.855
PCEPILFE,2010-09-01,89.906
PCEPILFE,2010-10-01,90.043
PCEPILFE,2010-11-01,90.16
PCEPILFE,2010-12-01,90.179
PCEPILFE,2011-01-01,90.372
PCEPILFE,2011-02-01,90.53
PCEPILFE,2011-03-01,90.667
PCEPILFE,2011-04-01,90.875
PCEPILFE,2011-05-01,91.091
PCEPILFE,2011-06-01,91.191
PCEPILFE,2011-07-01,91.326
PCEPILFE,2011-08-01,91.508
PCEPILFE,2011-09-01,91.57
PCEPILFE,2011-10-01,91.614
PCEPILFE,2011-11-01,91.808
PCEPILFE,2011-12-01,91.96
PCEPILFE,2012-01-01,92.235
PCEPILFE,2012-02-01,92.364
PCEPILFE,2012-03-01,92.521
PCEPILFE,2012-04-01,92.661
PCEPILFE,2012-05-01,92.755
PCEPILFE,2012-06-01,92.85
PCEPILFE,2012-07-01,92.946
PCEPILFE,2012-08-01,93.005
PCEPILFE,2012-09-01,93.119
PCEPILFE,2012-10-01,93.345
PCEPILFE,2012-11-01,93.445
PCEPILFE,2012-12-01,93.514
PCEPILFE,2013-01-01,93.703
PCEPILFE,2013-02-01,93.805
PCEPILFE,2013-03-01,93.891
PCEPILFE,2013-04-01,93.937
PCEPILFE,2013-05-01,94.047
PCEPILFE,2013-06-01,94.209
PCEPILFE,2013-07-01,94.329
PCEPILFE,2013-08-01,94.431
PCEPILFE,2013-09-01,94.543
PCEPILFE,2013-10-01,94.703
PCEPILFE,2013-11-01,94.86
PCEPILFE,2013-12-01,94.961
PCEPILFE,2014-01-01,95.064
PCEPILFE,2014-02-01,95.109
PCEPILFE,2014-03-01,95.25
PCEPILFE,2014-04-01,95.413
PCEPILFE,2014-05-01,95.574
PCEPILFE,2014-06-01,95.682
PCEPILFE,2014-07-01,95.848
PCEPILFE,2014-08-01,95.885
PCEPILFE,2014-09-01,96.013
PCEPILFE,2014-10-01,96.096
PCEPILFE,2014-11-01,96.181
PCEPILFE,2014-12-01,96.249
PCEPILFE,2015-01-01,96.214
PCEPILFE,2015-02-01,96.324
PCEPILFE,2015-03-01,96.47
PCEPILFE,2015-04-01,96.648
PCEPILFE,2015-05-01,96.766
PCEPILFE,2015-06-01,96.882
PCEPILFE,2015-07-01,96.978
PCEPILFE,2015-08-01,97.056
PCEPILFE,2015-09-01,97.196
PCEPILFE,2015-10-01,97.228
PCEPILFE,2015-11-01,97.332
PCEPILFE,2015-12-01,97.396
PCEPILFE,2016-01-01,97.567
PCEPILFE,2016-02-01,97.736
PCEPILFE,2016-03-01,97.876
PCEPILFE,2016-04-01,98.117
PCEPILFE,2016-05-01,98.284
PCEPILFE,2016-06-01,98.386
PCEPILFE,2016-07-01,98.529
PCEPILFE,2016-08-01,98.703
PCEPILFE,2016-09-01,98.834
PCEPILFE,2016-10-01,98.961
PCEPILFE,2016-11-01,99.005
PCEPILFE,2016-12-01,99.12
PCEPILFE,2017-01-01,99.385
PCEPILFE,2017-02-01,99.561
PCEPILFE,2017-03-01,99.519
PCEPILFE,2017-04-01,99.723
PCEPILFE,2017-05-01,99.803
PCEPILFE,2017-06-01,99.937
PCEPILFE,2017-07-01,100.01
PCEPILFE,2017-08-01,100.118
PCEPILFE,2017-09-01,100.24
PCEPILFE,2017-10-01,100.486
PCEPILFE,2017-11-01,100.535
PCEPILFE,2017-12-01,100.683
PCEPILFE,2018-01-01,101.007
PCEPILFE,2018-02-01,101.198
PCEPILFE,2018-03-01,101.419
PCEPILFE,2018-04-01,101.602
PCEPILFE,2018-05-01,101.78
PCEPILFE,2018-06-01,101.872
PCEPILFE,2018-07-01,102.006
PCEPILFE,2018-08-01,102.016
PCEPILFE,2018-09-01,102.205
PCEPILFE,2018-10-01,102.366
PCEPILFE,2018-11-01,102.556
PCEPILFE,2018-12-01,102.735
PCEPILFE,2019-01-01,102.87
PCEPILFE,2019-02-01,102.963
PCEPILFE,2019-03-01,103.058
PCEPILFE,2019-04-01,103.265
PCEPILFE,2019-05-01,103.371
PCEPILFE,2019-06-01,103.56
PCEPILFE,2019-07-01,103.678
PCEPILFE,2019-08-01,103.797
PCEPILFE,2019-09-01,103.873
PCEPILFE,2019-10-01,104.028
PCEPILFE,2019-11-01,104.092
PCEPILFE,2019-12-01,104.322
PCEPILFE,2020-01-01,104.507
PCEPILFE,2020-02-01,104.711
PCEPILFE,2020-03-01,104.632
PCEPILFE,2020-04-01,104.293
PCEPILFE,2020-05-01,104.402
PCEPILFE,2020-06-01,104.565
PCEPILFE,2020-07-01,104.937
PCEPILFE,2020-08-01,105.243
PCEPILFE,2020-09-01,105.41
PCEPILFE,2020-10-01,105.507
PCEPILFE,2020-11-01,105.605
PCEPILFE,2020-12-01,105.896
PCEPILFE,2021-01-01,106.168
PCEPILFE,2021-02-01,106.435
PCEPILFE,2021-03-01,106.865
PCEPILFE,2021-04-01,107.493
PCEPILFE,2021-05-01,107.989
PCEPILFE,2021-06-01,108.522
PCEPILFE,2021-07-01,108.971
PCEPILFE,2021-08-01,109.34
PCEPILFE,2021-09-01,109.548
PCEPILFE,2021-10-01,110.119
PCEPILFE,2021-11-01,110.671
PCEPILFE,2021-12-01,111.28
PCEPILFE,2022-01-01,111.822
PCEPILFE,2022-02-01,112.362
PCEPILFE,2022-03-01,112.807
PCEPILFE,2022-04-01,113.178
PCEPILFE,2022-05-01,113.571
PCEPILFE,2022-06-01,114.273
PCEPILFE,2022-07-01,114.658
PCEPILFE,2022-08-01,115.248
PCEPILFE,2022-09-01,115.727
PCEPILFE,2022-10-01,116.186
PCEPILFE,2022-11-01,116.52
PCEPILFE,2022-12-01,116.923
PCEPILFE,2023-01-01,117.415
PCEPILFE,2023-02-01,117.825
PCEPILFE,2023-03-01,118.295
PCEPILFE,2023-04-01,118.671
PCEPILFE,2023-05-01,119.061
PCEPILFE,2023-06-01,119.35
PCEPILFE,2023-07-01,119.515
PCEPILFE,2023-08-01,119.662
PCEPILFE,2023-09-01,120.053
PCEPILFE,2023-10-01,120.321
PCEPILFE,2023-11-01,120.525
PCEPILFE,2023-12-01,120.694
PCEPILFE,2024-01-01,121.201
PCEPILFE,2024-02-01,121.57
PCEPILFE,2024-03-01,122.016
PCEPILFE,2024-04-01,122.252
PCEPILFE,2024-05-01,122.406
PCEPILFE,2024-06-01,122.667
PCEPILFE,2024-07-01,122.872
PCEPILFE,2024-08-01,123.135
PCEPILFE,2024-09-01,123.462
PCEPILFE,2024-10-01,123.816
PCEPILFE,2024-11-01,123.989
PCEPILFE,2024-12-01,124.198
PCEPILFE,2025-01-01,124.609
PCEPILFE,2025-02-01,125.002
PCEPILFE,2025-03-01,125.144
PCEPILFE,2025-04-01,125.524
PCEPILFE,2025-05-01,125.818
PCEPILFE,2025-06-01,126.133
PCEPILFE,2025-07-01,126.363
PCEPILFE,2025-08-01,126.646
PCEPILFE,2025-09-01,126.94
PCEPILFE,2025-10-01,127.165
PCEPILFE,2025-11-01,127.363
PCEPILFE,2025-12-01,127.765
PCEPILFE,2026-01-01,128.27
PCEPILFE,2026-02-01,128.701
PCEPILFE,2026-03-01,129.03
PCEPILFE,2026-04-01,129.395
PCEPILFE,2026-05-01,129.796
PCEPILFE,2026-06-01,129.969
PCEPILFE,2026-07-01,130.133
PCEPILFE,2026-08-01,130.455
PPIFIS,2009-11-01,100.2
PPIFIS,2009-12-01,100.3
PPIFIS,2010-01-01,101.2
PPIFIS,2010-02-01,101.0
PPIFIS,2010-03-01,101.1
PPIFIS,2010-04-01,101.4
PPIFIS,2010-05-01,101.6
PPIFIS,2010-06-01,101.4
PPIFIS,2010-07-01,101.6
PPIFIS,2010-08-01,101.8
PPIFIS,2010-09-01,102.1
PPIFIS,2010-10-01,102.5
PPIFIS,2010-11-01,102.8
PPIFIS,2010-12-01,103.1
PPIFIS,2011-01-01,103.7
PPIFIS,2011-02-01,104.3
PPIFIS,2011-03-01,105.0
PPIFIS,2011-04-01,105.5
PPIFIS,2011-05-01,105.8
PPIFIS,2011-06-01,105.9
PPIFIS,2011-07-01,106.1
PPIFIS,2011-08-01,106.3
PPIFIS,2011-09-01,106.7
PPIFIS,2011-10-01,106.3
PPIFIS,2011-11-01,106.6
PPIFIS,2011-12-01,106.5
PPIFIS,2012-01-01,106.9
PPIFIS,2012-02-01,107.2
PPIFIS,2012-03-01,107.4
PPIFIS,2012-04-01,107.7
PPIFIS,2012-05-01,107.6
PPIFIS,2012-06-01,107.3
PPIFIS,2012-07-01,107.2
PPIFIS,2012-08-01,107.5
PPIFIS,2012-09-01,108.2
PPIFIS,2012-10-01,108.3
PPIFIS,2012-11-01,108.4
PPIFIS,2012-12-01,108.4
PPIFIS,2013-01-01,108.7
PPIFIS,2013-02-01,108.9
PPIFIS,2013-03-01,108.9
PPIFIS,2013-04-01,108.7
PPIFIS,2013-05-01,108.6
PPIFIS,2013-06-01,109.0
PPIFIS,2013-07-01,109.2
PPIFIS,2013-08-01,109.3
PPIFIS,2013-09-01,109.3
PPIFIS,2013-10-01,109.5
PPIFIS,2013-11-01,109.7
PPIFIS,2013-12-01,109.8
PPIFIS,2014-01-01,110.1
PPIFIS,2014-02-01,110.3
PPIFIS,2014-03-01,110.7
PPIFIS,2014-04-01,110.8
PPIFIS,2014-05-01,111.0
PPIFIS,2014-06-01,110.9
PPIFIS,2014-07-01,111.3
PPIFIS,2014-08-01,111.3
PPIFIS,2014-09-01,111.1
PPIFIS,2014-10-01,111.3
PPIFIS,2014-11-01,111.1
PPIFIS,2014-12-01,110.8
PPIFIS,2015-01-01,110.1
PPIFIS,2015-02-01,109.6
PPIFIS,2015-03-01,109.8
PPIFIS,2015-04-01,109.6
PPIFIS,2015-05-01,110.0
PPIFIS,2015-06-01,110.3
PPIFIS,2015-07-01,110.5
PPIFIS,2015-08-01,110.3
PPIFIS,2015-09-01,109.9
PPIFIS,2015-10-01,109.6
PPIFIS,2015-11-01,109.7
PPIFIS,2015-12-01,109.6
PPIFIS,2016-01-01,110.0
PPIFIS,2016-02-01,109.7
PPIFIS,2016-03-01,109.7
PPIFIS,2016-04-01,109.9
PPIFIS,2016-05-01,110.1
PPIFIS,2016-06-01,110.6
PPIFIS,2016-07-01,110.5
PPIFIS,2016-08-01,110.3
PPIFIS,2016-09-01,110.6
PPIFIS,2016-10-01,110.9
PPIFIS,2016-11-01,111.1
PPIFIS,2016-12-01,111.4
PPIFIS,2017-01-01,111.9
PPIFIS,2017-02-01,111.9
PPIFIS,2017-03-01,112.1
PPIFIS,2017-04-01,112.6
PPIFIS,2017-05-01,112.5
PPIFIS,2017-06-01,112.6
PPIFIS,2017-07-01,112.7
PPIFIS,2017-08-01,113.1
PPIFIS,2017-09-01,113.5
PPIFIS,2017-10-01,113.9
PPIFIS,2017-11-01,114.3
PPIFIS,2017-12-01,114.4
PPIFIS,2018-01-01,114.8
PPIFIS,2018-02-01,115.1
PPIFIS,2018-03-01,115.3
PPIFIS,2018-04-01,115.5
PPIFIS,2018-05-01,115.9
PPIFIS,2018-06-01,116.3
PPIFIS,2018-07-01,116.4
PPIFIS,2018-08-01,116.5
PPIFIS,2018-09-01,116.7
PPIFIS,2018-10-01,117.5
PPIFIS,2018-11-01,117.4
PPIFIS,2018-12-01,117.4
PPIFIS,2019-01-01,117.0
PPIFIS,2019-02-01,117.2
PPIFIS,2019-03-01,117.6
PPIFIS,2019-04-01,118.2
PPIFIS,2019-05-01,118.3
PPIFIS,2019-06-01,118.2
PPIFIS,2019-07-01,118.5
PPIFIS,2019-08-01,118.6
PPIFIS,2019-09-01,118.3
PPIFIS,2019-10-01,118.8
PPIFIS,2019-11-01,118.6
PPIFIS,2019-12-01,119.0
PPIFIS,2020-01-01,119.2
PPIFIS,2020-02-01,118.6
PPIFIS,2020-03-01,118.0
PPIFIS,2020-04-01,116.6
PPIFIS,2020-05-01,117.2
PPIFIS,2020-06-01,117.5
PPIFIS,2020-07-01,118.2
PPIFIS,2020-08-01,118.4
PPIFIS,2020-09-01,118.8
PPIFIS,2020-10-01,119.4
PPIFIS,2020-11-01,119.5
PPIFIS,2020-12-01,120.0
PPIFIS,2021-01-01,121.2
PPIFIS,2021-02-01,122.0
PPIFIS,2021-03-01,122.8
PPIFIS,2021-04-01,124.0
PPIFIS,2021-05-01,125.3
PPIFIS,2021-06-01,126.2
PPIFIS,2021-07-01,127.486
PPIFIS,2021-08-01,128.603
PPIFIS,2021-09-01,129.226
PPIFIS,2021-10-01,130.045
PPIFIS,2021-11-01,131.475
PPIFIS,2021-12-01,132.26
PPIFIS,2022-01-01,133.529
PPIFIS,2022-02-01,134.771
PPIFIS,2022-03-01,137.037
PPIFIS,2022-04-01,137.773
PPIFIS,2022-05-01,139.013
PPIFIS,2022-06-01,140.273
PPIFIS,2022-07-01,139.837
PPIFIS,2022-08-01,139.755
PPIFIS,2022-09-01,140.2
PPIFIS,2022-10-01,140.681
PPIFIS,2022-11-01,141.16
PPIFIS,2022-12-01,140.694
PPIFIS,2023-01-01,141.203
PPIFIS,2023-02-01,141.135
PPIFIS,2023-03-01,140.736
PPIFIS,2023-04-01,140.934
PPIFIS,2023-05-01,140.614
PPIFIS,2023-06-01,140.698
PPIFIS,2023-07-01,141.485
PPIFIS,2023-08-01,142.409
PPIFIS,2023-09-01,142.744
PPIFIS,2023-10-01,142.249
PPIFIS,2023-11-01,142.334
PPIFIS,2023-12-01,142.165
PPIFIS,2024-01-01,142.576
PPIFIS,2024-02-01,143.356
PPIFIS,2024-03-01,143.521
PPIFIS,2024-04-01,144.197
PPIFIS,2024-05-01,144.224
PPIFIS,2024-06-01,144.869
PPIFIS,2024-07-01,144.922
PPIFIS,2024-08-01,145.409
PPIFIS,2024-09-01,145.803
PPIFIS,2024-10-01,146.294
PPIFIS,2024-11-01,146.447
PPIFIS,2024-12-01,147.052
PPIFIS,2025-01-01,147.975
PPIFIS,2025-02-01,148.233
PPIFIS,2025-03-01,148.055
PPIFIS,2025-04-01,147.655
PPIFIS,2025-05-01,148.153
PPIFIS,2025-06-01,148.393
PPIFIS,2025-07-01,149.597
PPIFIS,2025-08-01,149.327
PPIFIS,2025-09-01,150.245
PPIFIS,2025-10-01,150.439
PPIFIS,2025-11-01,151.054
PPIFIS,2025-12-01,151.592
PPIFIS,2026-01-01,152.468
PPIFIS,2026-02-01,153.204
PPIFIS,2026-03-01,154.393
PPIFIS,2026-04-01,156.061
PPIFIS,2026-05-01,156.864
PPIFIS,2026-06-01,156.667
PPIFIS,2026-07-01,156.784
PPIFIS,2026-08-01,157.411
PPIFES,2010-04-01,99.9
PPIFES,2010-05-01,100.2
PPIFES,2010-06-01,100.1
PPIFES,2010-07-01,100.3
PPIFES,2010-08-01,100.3
PPIFES,2010-09-01,100.5
PPIFES,2010-10-01,100.6
PPIFES,2010-11-01,100.7
PPIFES,2010-12-01,100.8
PPIFES,2011-01-01,101.2
PPIFES,2011-02-01,101.5
PPIFES,2011-03-01,102.0
PPIFES,2011-04-01,102.3
PPIFES,2011-05-01,102.5
PPIFES,2011-06-01,102.7
PPIFES,2011-07-01,102.9
PPIFES,2011-08-01,103.3
PPIFES,2011-09-01,103.5
PPIFES,2011-10-01,103.2
PPIFES,2011-11-01,103.4
PPIFES,2011-12-01,103.4
PPIFES,2012-01-01,103.8
PPIFES,2012-02-01,104.1
PPIFES,2012-03-01,104.3
PPIFES,2012-04-01,104.6
PPIFES,2012-05-01,104.8
PPIFES,2012-06-01,104.7
PPIFES,2012-07-01,104.6
PPIFES,2012-08-01,104.5
PPIFES,2012-09-01,104.8
PPIFES,2012-10-01,104.9
PPIFES,2012-11-01,105.4
PPIFES,2012-12-01,105.5
PPIFES,2013-01-01,105.6
PPIFES,2013-02-01,105.6
PPIFES,2013-03-01,105.8
PPIFES,2013-04-01,106.0
PPIFES,2013-05-01,105.7
PPIFES,2013-06-01,106.1
PPIFES,2013-07-01,106.4
PPIFES,2013-08-01,106.4
PPIFES,2013-09-01,106.5
PPIFES,2013-10-01,106.7
PPIFES,2013-11-01,106.9
PPIFES,2013-12-01,106.9
PPIFES,2014-01-01,107.1
PPIFES,2014-02-01,107.3
PPIFES,2014-03-01,107.6
PPIFES,2014-04-01,107.6
PPIFES,2014-05-01,107.9
PPIFES,2014-06-01,107.9
PPIFES,2014-07-01,108.4
PPIFES,2014-08-01,108.4
PPIFES,2014-09-01,108.3
PPIFES,2014-10-01,108.7
PPIFES,2014-11-01,108.7
PPIFES,2014-12-01,108.9
PPIFES,2015-01-01,108.9
PPIFES,2015-02-01,108.5
PPIFES,2015-03-01,108.6
PPIFES,2015-04-01,108.6
PPIFES,2015-05-01,108.7
PPIFES,2015-06-01,109.0
PPIFES,2015-07-01,109.2
PPIFES,2015-08-01,109.2
PPIFES,2015-09-01,109.1
PPIFES,2015-10-01,108.9
PPIFES,2015-11-01,109.0
PPIFES,2015-12-01,109.2
PPIFES,2016-01-01,109.8
PPIFES,2016-02-01,109.8
PPIFES,2016-03-01,109.7
PPIFES,2016-04-01,109.9
PPIFES,2016-05-01,109.9
PPIFES,2016-06-01,110.3
PPIFES,2016-07-01,110.2
PPIFES,2016-08-01,110.2
PPIFES,2016-09-01,110.4
PPIFES,2016-10-01,110.5
PPIFES,2016-11-01,110.8
PPIFES,2016-12-01,110.9
PPIFES,2017-01-01,111.3
PPIFES,2017-02-01,111.2
PPIFES,2017-03-01,111.4
PPIFES,2017-04-01,111.9
PPIFES,2017-05-01,112.2
PPIFES,2017-06-01,112.3
PPIFES,2017-07-01,112.4
PPIFES,2017-08-01,112.6
PPIFES,2017-09-01,112.7
PPIFES,2017-10-01,113.2
PPIFES,2017-11-01,113.4
PPIFES,2017-12-01,113.4
PPIFES,2018-01-01,113.8
PPIFES,2018-02-01,114.0
PPIFES,2018-03-01,114.4
PPIFES,2018-04-01,114.5
PPIFES,2018-05-01,114.8
PPIFES,2018-06-01,115.3
PPIFES,2018-07-01,115.5
PPIFES,2018-08-01,115.5
PPIFES,2018-09-01,115.6
PPIFES,2018-10-01,116.4
PPIFES,2018-11-01,116.6
PPIFES,2018-12-01,116.7
PPIFES,2019-01-01,116.7
PPIFES,2019-02-01,116.9
PPIFES,2019-03-01,117.0
PPIFES,2019-04-01,117.5
PPIFES,2019-05-01,117.7
PPIFES,2019-06-01,117.7
PPIFES,2019-07-01,118.0
PPIFES,2019-08-01,118.2
PPIFES,2019-09-01,117.9
PPIFES,2019-10-01,118.2
PPIFES,2019-11-01,118.0
PPIFES,2019-12-01,118.2
PPIFES,2020-01-01,118.6
PPIFES,2020-02-01,118.2
PPIFES,2020-03-01,118.3
PPIFES,2020-04-01,117.9
PPIFES,2020-05-01,117.9
PPIFES,2020-06-01,118.1
PPIFES,2020-07-01,118.7
PPIFES,2020-08-01,118.8
PPIFES,2020-09-01,119.1
PPIFES,2020-10-01,119.7
PPIFES,2020-11-01,119.7
PPIFES,2020-12-01,119.9
PPIFES,2021-01-01,120.9
PPIFES,2021-02-01,121.3
PPIFES,2021-03-01,121.9
PPIFES,2021-04-01,123.2
PPIFES,2021-05-01,124.2
PPIFES,2021-06-01,124.9
PPIFES,2021-07-01,126.26
PPIFES,2021-08-01,127.256
PPIFES,2021-09-01,127.482
PPIFES,2021-10-01,128.052
PPIFES,2021-11-01,129.39
PPIFES,2021-12-01,130.267
PPIFES,2022-01-01,131.327
PPIFES,2022-02-01,132.104
PPIFES,2022-03-01,133.695
PPIFES,2022-04-01,134.28
PPIFES,2022-05-01,134.904
PPIFES,2022-06-01,135.297
PPIFES,2022-07-01,135.872
PPIFES,2022-08-01,136.441
PPIFES,2022-09-01,136.643
PPIFES,2022-10-01,136.926
PPIFES,2022-11-01,137.503
PPIFES,2022-12-01,137.696
PPIFES,2023-01-01,137.924
PPIFES,2023-02-01,138.279
PPIFES,2023-03-01,138.213
PPIFES,2023-04-01,138.508
PPIFES,2023-05-01,138.671
PPIFES,2023-06-01,138.702
PPIFES,2023-07-01,139.562
PPIFES,2023-08-01,139.839
PPIFES,2023-09-01,139.819
PPIFES,2023-10-01,139.884
PPIFES,2023-11-01,140.182
PPIFES,2023-12-01,140.138
PPIFES,2024-01-01,140.679
PPIFES,2024-02-01,141.179
PPIFES,2024-03-01,141.347
PPIFES,2024-04-01,142.038
PPIFES,2024-05-01,142.411
PPIFES,2024-06-01,143.263
PPIFES,2024-07-01,143.186
PPIFES,2024-08-01,143.81
PPIFES,2024-09-01,144.442
PPIFES,2024-10-01,144.913
PPIFES,2024-11-01,144.908
PPIFES,2024-12-01,145.369
PPIFES,2025-01-01,146.179
PPIFES,2025-02-01,146.429
PPIFES,2025-03-01,146.691
PPIFES,2025-04-01,146.385
PPIFES,2025-05-01,146.947
PPIFES,2025-06-01,147.115
PPIFES,2025-07-01,148.281
PPIFES,2025-08-01,148.001
PPIFES,2025-09-01,148.767
PPIFES,2025-10-01,149.219
PPIFES,2025-11-01,149.594
PPIFES,2025-12-01,150.35
PPIFES,2026-01-01,151.6
PPIFES,2026-02-01,152.033
PPIFES,2026-03-01,152.471
PPIFES,2026-04-01,153.594
PPIFES,2026-05-01,153.567
PPIFES,2026-06-01,154.183
PPIFES,2026-07-01,154.592
PPIFES,2026-08-01,154.842
DFEDTARU,2008-12-31,0.25
DFEDTARU,2009-01-31,0.25
DFEDTARU,2009-02-28,0.25
DFEDTARU,2009-03-31,0.25
DFEDTARU,2009-04-30,0.25
DFEDTARU,2009-05-31,0.25
DFEDTARU,2009-06-30,0.25
DFEDTARU,2009-07-31,0.25
DFEDTARU,2009-08-31,0.25
DFEDTARU,2009-09-30,0.25
DFEDTARU,2009-10-31,0.25
DFEDTARU,2009-11-30,0.25
DFEDTARU,2009-12-31,0.25
DFEDTARU,2010-01-31,0.25
DFEDTARU,2010-02-28,0.25
DFEDTARU,2010-03-31,0.25
DFEDTARU,2010-04-30,0.25
DFEDTARU,2010-05-31,0.25
DFEDTARU,2010-06-30,0.25
DFEDTARU,2010-07-31,0.25
DFEDTARU,2010-08-31,0.25
DFEDTARU,2010-09-30,0.25
DFEDTARU,2010-10-31,0.25
DFEDTARU,2010-11-30,0.25
DFEDTARU,2010-12-31,0.25
DFEDTARU,2011-01-31,0.25
DFEDTARU,2011-02-28,0.25
DFEDTARU,2011-03-31,0.25
DFEDTARU,2011-04-30,0.25
DFEDTARU,2011-05-31,0.25
DFEDTARU,2011-06-30,0.25
DFEDTARU,2011-07-31,0.25
DFEDTARU,2011-08-31,0.25
DFEDTARU,2011-09-30,0.25
DFEDTARU,2011-10-31,0.25
DFEDTARU,2011-11-30,0.25
DFEDTARU,2011-12-31,0.25
DFEDTARU,2012-01-31,0.25
DFEDTARU,2012-02-29,0.25
DFEDTARU,2012-03-31,0.25
DFEDTARU,2012-04-30,0.25
DFEDTARU,2012-05-31,0.25
DFEDTARU,2012-06-30,0.25
DFEDTARU,2012-07-31,0.25
DFEDTARU,2012-08-31,0.25
DFEDTARU,2012-09-30,0.25
DFEDTARU,2012-10-31,0.25
DFEDTARU,2012-11-30,0.25
DFEDTARU,2012-12-31,0.25
DFEDTARU,2013-01-31,0.25
DFEDTARU,2013-02-28,0.25
DFEDTARU,2013-03-31,0.25
DFEDTARU,2013-04-30,0.25
DFEDTARU,2013-05-31,0.25
DFEDTARU,2013-06-30,0.25
DFEDTARU,2013-07-31,0.25
DFEDTARU,2013-08-31,0.25
DFEDTARU,2013-09-30,0.25
DFEDTARU,2013-10-31,0.25
DFEDTARU,2013-11-30,0.25
DFEDTARU,2013-12-31,0.25
DFEDTARU,2014-01-31,0.25
DFEDTARU,2014-02-28,0.25
DFEDTARU,2014-03-31,0.25
DFEDTARU,2014-04-30,0.25
DFEDTARU,2014-05-31,0.25
DFEDTARU,2014-06-30,0.25
DFEDTARU,2014-07-31,0.25
DFEDTARU,2014-08-31,0.25
DFEDTARU,2014-09-30,0.25
DFEDTARU,2014-10-31,0.25
DFEDTARU,2014-11-30,0.25
DFEDTARU,2014-12-31,0.25
DFEDTARU,2015-01-31,0.25
DFEDTARU,2015-02-28,0.25
DFEDTARU,2015-03-31,0.25
DFEDTARU,2015-04-30,0.25
DFEDTARU,2015-05-31,0.25
DFEDTARU,2015-06-30,0.25
DFEDTARU,2015-07-31,0.25
DFEDTARU,2015-08-31,0.25
DFEDTARU,2015-09-30,0.25
DFEDTARU,2015-10-31,0.25
DFEDTARU,2015-11-30,0.25
DFEDTARU,2015-12-31,0.5
DFEDTARU,2016-01-31,0.5
DFEDTARU,2016-02-29,0.5
DFEDTARU,2016-03-31,0.5
DFEDTARU,2016-04-30,0.5
DFEDTARU,2016-05-31,0.5
DFEDTARU,2016-06-30,0.5
DFEDTARU,2016-07-31,0.5
DFEDTARU,2016-08-31,0.5
DFEDTARU,2016-09-30,0.5
DFEDTARU,2016-10-31,0.5
DFEDTARU,2016-11-30,0.5
DFEDTARU,2016-12-31,0.75
DFEDTARU,2017-01-31,0.75
DFEDTARU,2017-02-28,0.75
DFEDTARU,2017-03-31,1.0
DFEDTARU,2017-04-30,1.0
DFEDTARU,2017-05-31,1.0
DFEDTARU,2017-06-30,1.25
DFEDTARU,2017-07-31,1.25
DFEDTARU,2017-08-31,1.25
DFEDTARU,2017-09-30,1.25
DFEDTARU,2017-10-31,1.25
DFEDTARU,2017-11-30,1.25
DFEDTARU,2017-12-31,1.5
DFEDTARU,2018-01-31,1.5
DFEDTARU,2018-02-28,1.5
DFEDTARU,2018-03-31,1.75
DFEDTARU,2018-04-30,1.75
DFEDTARU,2018-05-31,1.75
DFEDTARU,2018-06-30,2.0
DFEDTARU,2018-07-31,2.0
DFEDTARU,2018-08-31,2.0
DFEDTARU,2018-09-30,2.25
DFEDTARU,2018-10-31,2.25
DFEDTARU,2018-11-30,2.25
DFEDTARU,2018-12-31,2.5
DFEDTARU,2019-01-31,2.5
DFEDTARU,2019-02-28,2.5
DFEDTARU,2019-03-31,2.5
DFEDTARU,2019-04-30,2.5
DFEDTARU,2019-05-31,2.5
DFEDTARU,2019-06-30,2.5
DFEDTARU,2019-07-31,2.5
DFEDTARU,2019-08-31,2.25
DFEDTARU,2019-09-30,2.0
DFEDTARU,2019-10-31,1.75
DFEDTARU,2019-11-30,1.75
DFEDTARU,2019-12-31,1.75
DFEDTARU,2020-01-31,1.75
DFEDTARU,2020-02-29,1.75
DFEDTARU,2020-03-31,0.25
DFEDTARU,2020-04-30,0.25
DFEDTARU,2020-05-31,0.25
DFEDTARU,2020-06-30,0.25
DFEDTARU,2020-07-31,0.25
DFEDTARU,2020-08-31,0.25
DFEDTARU,2020-09-30,0.25
DFEDTARU,2020-10-31,0.25
DFEDTARU,2020-11-30,0.25
DFEDTARU,2020-12-31,0.25
DFEDTARU,2021-01-31,0.25
DFEDTARU,2021-02-28,0.25
DFEDTARU,2021-03-31,0.25
DFEDTARU,2021-04-30,0.25
DFEDTARU,2021-05-31,0.25
DFEDTARU,2021-06-30,0.25
DFEDTARU,2021-07-31,0.25
DFEDTARU,2021-08-31,0.25
DFEDTARU,2021-09-30,0.25
DFEDTARU,2021-10-31,0.25
DFEDTARU,2021-11-30,0.25
DFEDTARU,2021-12-31,0.25
DFEDTARU,2022-01-31,0.25
DFEDTARU,2022-02-28,0.25
DFEDTARU,2022-03-31,0.5
DFEDTARU,2022-04-30,0.5
DFEDTARU,2022-05-31,1.0
DFEDTARU,2022-06-30,1.75
DFEDTARU,2022-07-31,2.5
DFEDTARU,2022-08-31,2.5
DFEDTARU,2022-09-30,3.25
DFEDTARU,2022-10-31,3.25
DFEDTARU,2022-11-30,4.0
DFEDTARU,2022-12-31,4.5
DFEDTARU,2023-01-31,4.5
DFEDTARU,2023-02-28,4.75
DFEDTARU,2023-03-31,5.0
DFEDTARU,2023-04-30,5.0
DFEDTARU,2023-05-31,5.25
DFEDTARU,2023-06-30,5.25
DFEDTARU,2023-07-31,5.5
DFEDTARU,2023-08-31,5.5
DFEDTARU,2023-09-30,5.5
DFEDTARU,2023-10-31,5.5
DFEDTARU,2023-11-30,5.5
DFEDTARU,2023-12-31,5.5
DFEDTARU,2024-01-31,5.5
DFEDTARU,2024-02-29,5.5
DFEDTARU,2024-03-31,5.5
DFEDTARU,2024-04-30,5.5
DFEDTARU,2024-05-31,5.5
DFEDTARU,2024-06-30,5.5
DFEDTARU,2024-07-31,5.5
DFEDTARU,2024-08-31,5.5
DFEDTARU,2024-09-30,5.0
DFEDTARU,2024-10-31,5.0
DFEDTARU,2024-11-30,4.75
DFEDTARU,2024-12-31,4.5
DFEDTARU,2025-01-31,4.5
DFEDTARU,2025-02-28,4.5
DFEDTARU,2025-03-31,4.5
DFEDTARU,2025-04-30,4.5
DFEDTARU,2025-05-31,4.5
DFEDTARU,2025-06-30,4.5
DFEDTARU,2025-07-31,4.5
DFEDTARU,2025-08-31,4.5
DFEDTARU,2025-09-30,4.25
DFEDTARU,2025-10-31,4.0
DFEDTARU,2025-11-30,4.0
DFEDTARU,2025-12-31,3.75
DFEDTARU,2026-01-31,3.75
DFEDTARU,2026-02-28,3.75
DFEDTARU,2026-03-31,3.75
DFEDTARU,2026-04-30,3.75
DFEDTARU,2026-05-31,3.75
DFEDTARU,2026-06-30,3.75
DFEDTARU,2026-07-31,3.75
DFEDTARU,2026-08-31,3.75
DFEDTARU,2026-09-30,4.0
DFEDTARU,2026-10-08,4.0
DGS1,1962-01-31,3.29
DGS1,1962-02-28,3.21
DGS1,1962-03-30,2.97
DGS1,1962-04-30,3.07
DGS1,1962-05-31,2.99
DGS1,1962-06-29,3.2
DGS1,1962-07-31,3.33
DGS1,1962-08-31,3.14
DGS1,1962-09-28,3.02
DGS1,1962-10-31,2.97
DGS1,1962-11-30,3.02
DGS1,1962-12-31,3.05
DGS1,1963-01-31,3.03
DGS1,1963-02-28,3.02
DGS1,1963-03-29,3.09
DGS1,1963-04-30,3.11
DGS1,1963-05-31,3.2
DGS1,1963-06-28,3.19
DGS1,1963-07-31,3.5
DGS1,1963-08-30,3.59
DGS1,1963-09-30,3.59
DGS1,1963-10-31,3.68
DGS1,1963-11-29,3.74
DGS1,1963-12-31,3.83
DGS1,1964-01-31,3.76
DGS1,1964-02-28,3.91
DGS1,1964-03-31,3.94
DGS1,1964-04-30,3.84
DGS1,1964-05-28,3.84
DGS1,1964-06-30,3.78
DGS1,1964-07-31,3.69
DGS1,1964-08-31,3.81
DGS1,1964-09-30,3.84
DGS1,1964-10-30,3.86
DGS1,1964-11-30,4.1
DGS1,1964-12-31,3.99
DGS1,1965-01-29,3.96
DGS1,1965-02-26,4.09
DGS1,1965-03-31,4.03
DGS1,1965-04-30,4.04
DGS1,1965-05-28,4.04
DGS1,1965-06-30,3.96
DGS1,1965-07-30,4.02
DGS1,1965-08-31,4.13
DGS1,1965-09-30,4.36
DGS1,1965-10-29,4.33
DGS1,1965-11-30,4.4
DGS1,1965-12-31,4.96
DGS1,1966-01-31,4.89
DGS1,1966-02-28,5.01
DGS1,1966-03-31,4.9
DGS1,1966-04-29,4.91
DGS1,1966-05-31,5.04
DGS1,1966-06-30,5.05
DGS1,1966-07-29,5.24
DGS1,1966-08-31,5.84
DGS1,1966-09-30,5.62
DGS1,1966-10-31,5.5
DGS1,1966-11-30,5.45
DGS1,1966-12-30,5.0
DGS1,1967-01-31,4.62
DGS1,1967-02-28,4.76
DGS1,1967-03-31,4.13
DGS1,1967-04-28,4.14
DGS1,1967-05-31,4.18
DGS1,1967-06-30,4.97
DGS1,1967-07-31,5.05
DGS1,1967-08-31,5.2
DGS1,1967-09-29,5.27
DGS1,1967-10-31,5.47
DGS1,1967-11-30,5.65
DGS1,1967-12-29,5.76
DGS1,1968-01-31,5.36
DGS1,1968-02-29,5.43
DGS1,1968-03-29,5.59
DGS1,1968-04-30,6.0
DGS1,1968-05-31,6.06
DGS1,1968-06-28,5.91
DGS1,1968-07-31,5.5
DGS1,1968-08-30,5.43
DGS1,1968-09-30,5.44
DGS1,1968-10-31,5.66
DGS1,1968-11-29,5.78
DGS1,1968-12-31,6.46
DGS1,1969-01-31,6.41
DGS1,1969-02-28,6.47
DGS1,1969-03-28,6.27
DGS1,1969-04-30,6.26
DGS1,1969-05-29,6.64
DGS1,1969-06-30,7.58
DGS1,1969-07-31,7.57
DGS1,1969-08-29,7.64
DGS1,1969-09-30,8.01
DGS1,1969-10-31,7.58
DGS1,1969-11-28,8.04
DGS1,1969-12-31,8.32
DGS1,1970-01-30,8.15
DGS1,1970-02-27,7.11
DGS1,1970-03-31,6.9
DGS1,1970-04-30,7.72
DGS1,1970-05-29,7.65
DGS1,1970-06-30,7.4
DGS1,1970-07-31,7.0
DGS1,1970-08-31,6.84
DGS1,1970-09-30,6.58
DGS1,1970-10-30,6.29
DGS1,1970-11-30,5.06
DGS1,1970-12-31,4.94
DGS1,1971-01-29,4.23
DGS1,1971-02-26,3.69
DGS1,1971-03-31,3.92
DGS1,1971-04-30,4.77
DGS1,1971-05-28,5.13
DGS1,1971-06-30,6.24
DGS1,1971-07-30,6.18
DGS1,1971-08-31,5.28
DGS1,1971-09-30,5.27
DGS1,1971-10-29,4.64
DGS1,1971-11-30,4.76
DGS1,1971-12-31,4.46
DGS1,1972-01-31,4.36
DGS1,1972-02-29,4.34
DGS1,1972-03-30,5.11
DGS1,1972-04-28,4.61
DGS1,1972-05-31,4.64
DGS1,1972-06-30,5.15
DGS1,1972-07-31,4.82
DGS1,1972-08-31,5.4
DGS1,1972-09-29,5.61
DGS1,1972-10-31,5.44
DGS1,1972-11-30,5.35
DGS1,1972-12-29,5.68
DGS1,1973-01-31,6.09
DGS1,1973-02-28,6.43
DGS1,1973-03-30,7.09
DGS1,1973-04-30,6.8
DGS1,1973-05-31,7.16
DGS1,1973-06-29,7.74
DGS1,1973-07-31,8.87
DGS1,1973-08-31,8.47
DGS1,1973-09-28,7.5
DGS1,1973-10-31,7.21
DGS1,1973-11-30,7.28
DGS1,1973-12-31,7.3
DGS1,1974-01-31,7.12
DGS1,1974-02-28,7.16
DGS1,1974-03-29,8.36
DGS1,1974-04-30,8.99
DGS1,1974-05-31,8.71
DGS1,1974-06-28,8.87
DGS1,1974-07-31,9.0
DGS1,1974-08-30,9.73
DGS1,1974-09-30,8.21
DGS1,1974-10-31,7.93
DGS1,1974-11-29,7.66
DGS1,1974-12-31,7.35
DGS1,1975-01-31,6.36
DGS1,1975-02-28,6.01
DGS1,1975-03-31,6.36
DGS1,1975-04-30,6.88
DGS1,1975-05-30,6.08
DGS1,1975-06-30,6.85
DGS1,1975-07-31,7.38
DGS1,1975-08-29,7.56
DGS1,1975-09-30,7.83
DGS1,1975-10-31,6.27
DGS1,1975-11-28,6.68
DGS1,1975-12-31,6.16
DGS1,1976-01-30,5.65
DGS1,1976-02-27,6.21
DGS1,1976-03-31,6.11
DGS1,1976-04-30,6.14
DGS1,1976-05-28,6.75
DGS1,1976-06-30,6.46
DGS1,1976-07-30,6.12
DGS1,1976-08-31,5.9
DGS1,1976-09-30,5.78
DGS1,1976-10-29,5.5
DGS1,1976-11-30,4.95
DGS1,1976-12-31,4.86
DGS1,1977-01-31,5.56
DGS1,1977-02-28,5.56
DGS1,1977-03-31,5.4
DGS1,1977-04-29,5.6
DGS1,1977-05-31,5.86
DGS1,1977-06-30,5.72
DGS1,1977-07-29,6.22
DGS1,1977-08-31,6.36
DGS1,1977-09-30,6.66
DGS1,1977-10-31,7.05
DGS1,1977-11-30,6.92
DGS1,1977-12-30,6.98
DGS1,1978-01-31,7.26
DGS1,1978-02-28,7.32
DGS1,1978-03-31,7.48
DGS1,1978-04-28,7.7
DGS1,1978-05-31,7.94
DGS1,1978-06-30,8.38
DGS1,1978-07-31,8.33
DGS1,1978-08-31,8.48
DGS1,1978-09-29,8.81
DGS1,1978-10-31,9.92
DGS1,1978-11-30,10.09
DGS1,1978-12-29,10.57
DGS1,1979-01-31,10.13
DGS1,1979-02-28,10.33
DGS1,1979-03-30,10.17
DGS1,1979-04-30,10.29
DGS1,1979-05-31,9.91
DGS1,1979-06-29,9.4
DGS1,1979-07-31,9.75
DGS1,1979-08-31,10.4
DGS1,1979-09-28,10.8
DGS1,1979-10-31,12.89
DGS1,1979-11-30,11.88
DGS1,1979-12-31,11.7
DGS1,1980-01-31,12.4
DGS1,1980-02-29,15.45
DGS1,1980-03-31,15.8
DGS1,1980-04-30,11.12
DGS1,1980-05-30,8.83
DGS1,1980-06-30,8.49
DGS1,1980-07-31,9.36
DGS1,1980-08-29,11.15
DGS1,1980-09-30,12.29
DGS1,1980-10-31,13.78
DGS1,1980-11-28,15.13
DGS1,1980-12-31,13.86
DGS1,1981-01-30,14.0
DGS1,1981-02-27,14.59
DGS1,1981-03-31,13.05
DGS1,1981-04-30,15.33
DGS1,1981-05-29,14.81
DGS1,1981-06-30,14.87
DGS1,1981-07-31,16.12
DGS1,1981-08-31,16.97
DGS1,1981-09-30,16.64
DGS1,1981-10-30,14.31
DGS1,1981-11-30,11.82
DGS1,1981-12-31,13.35
DGS1,1982-01-29,14.04
DGS1,1982-02-26,14.27
DGS1,1982-03-31,14.3
DGS1,1982-04-30,13.67
DGS1,1982-05-28,12.93
DGS1,1982-06-30,14.34
DGS1,1982-07-30,12.56
DGS1,1982-08-31,11.13
DGS1,1982-09-30,10.26
DGS1,1982-10-29,9.21
DGS1,1982-11-30,9.38
DGS1,1982-12-31,8.68
DGS1,1983-01-31,8.91
DGS1,1983-02-28,8.61
DGS1,1983-03-31,9.34
DGS1,1983-04-29,8.75
DGS1,1983-05-31,9.48
DGS1,1983-06-30,9.7
DGS1,1983-07-29,10.48
DGS1,1983-08-31,10.59
DGS1,1983-09-30,9.89
DGS1,1983-10-31,9.82
DGS1,1983-11-30,9.98
DGS1,1983-12-30,10.08
DGS1,1984-01-31,9.85
DGS1,1984-02-29,10.21
DGS1,1984-03-30,10.8
DGS1,1984-04-30,11.11
DGS1,1984-05-31,12.15
DGS1,1984-06-29,12.3
DGS1,1984-07-31,11.86
DGS1,1984-08-31,11.96
DGS1,1984-09-28,11.43
DGS1,1984-10-31,10.26
DGS1,1984-11-30,9.71
DGS1,1984-12-31,9.22
DGS1,1985-01-31,9.09
DGS1,1985-02-28,9.72
DGS1,1985-03-29,9.49
DGS1,1985-04-30,8.99
DGS1,1985-05-31,7.98
DGS1,1985-06-28,7.71
DGS1,1985-07-31,8.12
DGS1,1985-08-30,8.03
DGS1,1985-09-30,7.99
DGS1,1985-10-31,7.92
DGS1,1985-11-29,7.85
DGS1,1985-12-31,7.6
DGS1,1986-01-31,7.57
DGS1,1986-02-28,7.43
DGS1,1986-03-31,6.72
DGS1,1986-04-30,6.54
DGS1,1986-05-30,6.88
DGS1,1986-06-30,6.41
DGS1,1986-07-31,6.2
DGS1,1986-08-29,5.52
DGS1,1986-09-30,5.82
DGS1,1986-10-31,5.73
DGS1,1986-11-28,5.76
DGS1,1986-12-31,5.95
DGS1,1987-01-30,5.93
DGS1,1987-02-27,5.9
DGS1,1987-03-31,6.15
DGS1,1987-04-30,6.62
DGS1,1987-05-29,6.88
DGS1,1987-06-30,6.77
DGS1,1987-07-31,6.89
DGS1,1987-08-31,7.23
DGS1,1987-09-30,7.92
DGS1,1987-10-30,6.75
DGS1,1987-11-30,7.0
DGS1,1987-12-31,7.1
DGS1,1988-01-29,6.66
DGS1,1988-02-29,6.63
DGS1,1988-03-31,6.76
DGS1,1988-04-29,7.14
DGS1,1988-05-31,7.66
DGS1,1988-06-30,7.5
DGS1,1988-07-29,7.9
DGS1,1988-08-31,8.28
DGS1,1988-09-30,8.13
DGS1,1988-10-31,8.06
DGS1,1988-11-30,8.62
DGS1,1988-12-30,9.02
DGS1,1989-01-31,9.04
DGS1,1989-02-28,9.4
DGS1,1989-03-31,9.64
DGS1,1989-04-28,9.12
DGS1,1989-05-31,8.86
DGS1,1989-06-30,8.12
DGS1,1989-07-31,7.65
DGS1,1989-08-31,8.28
DGS1,1989-09-29,8.48
DGS1,1989-10-31,7.88
DGS1,1989-11-30,7.72
DGS1,1989-12-29,7.76
DGS1,1990-01-31,8.08
DGS1,1990-02-28,8.12
DGS1,1990-03-30,8.35
DGS1,1990-04-30,8.58
DGS1,1990-05-31,8.22
DGS1,1990-06-29,8.05
DGS1,1990-07-31,7.72
DGS1,1990-08-31,7.76
DGS1,1990-09-28,7.69
DGS1,1990-10-31,7.43
DGS1,1990-11-30,7.31
DGS1,1990-12-31,6.82
DGS1,1991-01-31,6.51
DGS1,1991-02-28,6.41
DGS1,1991-03-28,6.28
DGS1,1991-04-30,6.06
DGS1,1991-05-31,6.16
DGS1,1991-06-28,6.32
DGS1,1991-07-31,6.19
DGS1,1991-08-30,5.72
DGS1,1991-09-30,5.42
DGS1,1991-10-31,5.1
DGS1,1991-11-29,4.69
DGS1,1991-12-31,4.12
DGS1,1992-01-31,4.23
DGS1,1992-02-28,4.35
DGS1,1992-03-31,4.54
DGS1,1992-04-30,4.4
DGS1,1992-05-29,4.24
DGS1,1992-06-30,4.05
DGS1,1992-07-31,3.62
DGS1,1992-08-31,3.47
DGS1,1992-09-30,3.06
DGS1,1992-10-30,3.54
DGS1,1992-11-30,3.83
DGS1,1992-12-31,3.61
DGS1,1993-01-29,3.39
DGS1,1993-02-26,3.32
DGS1,1993-03-31,3.32
DGS1,1993-04-30,3.26
DGS1,1993-05-28,3.62
DGS1,1993-06-30,3.45
DGS1,1993-07-30,3.53
DGS1,1993-08-31,3.38
DGS1,1993-09-30,3.39
DGS1,1993-10-29,3.47
DGS1,1993-11-30,3.65
DGS1,1993-12-31,3.63
DGS1,1994-01-31,3.53
DGS1,1994-02-28,4.03
DGS1,1994-03-31,4.5
DGS1,1994-04-29,5.07
DGS1,1994-05-31,5.38
DGS1,1994-06-30,5.51
DGS1,1994-07-29,5.37
DGS1,1994-08-31,5.56
DGS1,1994-09-30,5.96
DGS1,1994-10-31,6.18
DGS1,1994-11-30,6.91
DGS1,1994-12-30,7.2
DGS1,1995-01-31,6.84
DGS1,1995-02-28,6.44
DGS1,1995-03-31,6.49
DGS1,1995-04-28,6.32
DGS1,1995-05-31,5.8
DGS1,1995-06-30,5.65
DGS1,1995-07-31,5.67
DGS1,1995-08-31,5.65
DGS1,1995-09-29,5.65
DGS1,1995-10-31,5.55
DGS1,1995-11-30,5.36
DGS1,1995-12-29,5.18
DGS1,1996-01-31,4.9
DGS1,1996-02-29,5.23
DGS1,1996-03-29,5.41
DGS1,1996-04-30,5.62
DGS1,1996-05-31,5.77
DGS1,1996-06-28,5.7
DGS1,1996-07-31,5.85
DGS1,1996-08-30,5.91
DGS1,1996-09-30,5.71
DGS1,1996-10-31,5.44
DGS1,1996-11-29,5.38
DGS1,1996-12-31,5.51
DGS1,1997-01-31,5.58
DGS1,1997-02-28,5.67
DGS1,1997-03-31,6.02
DGS1,1997-04-30,5.9
DGS1,1997-05-30,5.78
DGS1,1997-06-30,5.67
DGS1,1997-07-31,5.45
DGS1,1997-08-29,5.59
DGS1,1997-09-30,5.47
DGS1,1997-10-31,5.36
DGS1,1997-11-28,5.52
DGS1,1997-12-31,5.51
DGS1,1998-01-30,5.24
DGS1,1998-02-27,5.41
DGS1,1998-03-31,5.41
DGS1,1998-04-30,5.4
DGS1,1998-05-29,5.42
DGS1,1998-06-30,5.38
DGS1,1998-07-31,5.38
DGS1,1998-08-31,4.95
DGS1,1998-09-30,4.41
DGS1,1998-10-30,4.18
DGS1,1998-11-30,4.53
DGS1,1998-12-31,4.53
DGS1,1999-01-29,4.51
DGS1,1999-02-26,4.88
DGS1,1999-03-31,4.72
DGS1,1999-04-30,4.78
DGS1,1999-05-28,4.97
DGS1,1999-06-30,5.07
DGS1,1999-07-30,5.13
DGS1,1999-08-31,5.3
DGS1,1999-09-30,5.22
DGS1,1999-10-29,5.43
DGS1,1999-11-30,5.7
DGS1,1999-12-31,5.98
DGS1,2000-01-31,6.3
DGS1,2000-02-29,6.2
DGS1,2000-03-31,6.28
DGS1,2000-04-28,6.24
DGS1,2000-05-31,6.37
DGS1,2000-06-30,6.08
DGS1,2000-07-31,6.07
DGS1,2000-08-31,6.22
DGS1,2000-09-29,6.07
DGS1,2000-10-31,6.12
DGS1,2000-11-30,5.92
DGS1,2000-12-29,5.32
DGS1,2001-01-31,4.6
DGS1,2001-02-28,4.47
DGS1,2001-03-30,4.09
DGS1,2001-04-30,3.94
DGS1,2001-05-31,3.63
DGS1,2001-06-29,3.72
DGS1,2001-07-31,3.53
DGS1,2001-08-31,3.41
DGS1,2001-09-28,2.49
DGS1,2001-10-31,2.07
DGS1,2001-11-30,2.06
DGS1,2001-12-31,2.17
DGS1,2002-01-31,2.29
DGS1,2002-02-28,2.25
DGS1,2002-03-28,2.7
DGS1,2002-04-30,2.35
DGS1,2002-05-31,2.34
DGS1,2002-06-28,2.06
DGS1,2002-07-31,1.8
DGS1,2002-08-30,1.74
DGS1,2002-09-30,1.53
DGS1,2002-10-31,1.46
DGS1,2002-11-29,1.56
DGS1,2002-12-31,1.32
DGS1,2003-01-31,1.31
DGS1,2003-02-28,1.24
DGS1,2003-03-31,1.19
DGS1,2003-04-30,1.22
DGS1,2003-05-30,1.13
DGS1,2003-06-30,1.09
DGS1,2003-07-31,1.28
DGS1,2003-08-29,1.35
DGS1,2003-09-30,1.15
DGS1,2003-10-31,1.31
DGS1,2003-11-28,1.39
DGS1,2003-12-31,1.26
DGS1,2004-01-30,1.28
DGS1,2004-02-27,1.21
DGS1,2004-03-31,1.2
DGS1,2004-04-30,1.55
DGS1,2004-05-28,1.83
DGS1,2004-06-30,2.09
DGS1,2004-07-30,2.13
DGS1,2004-08-31,1.99
DGS1,2004-09-30,2.21
DGS1,2004-10-29,2.28
DGS1,2004-11-30,2.63
DGS1,2004-12-31,2.75
DGS1,2005-01-31,2.96
DGS1,2005-02-28,3.2
DGS1,2005-03-31,3.35
DGS1,2005-04-29,3.33
DGS1,2005-05-31,3.32
DGS1,2005-06-30,3.45
DGS1,2005-07-29,3.8
DGS1,2005-08-31,3.77
DGS1,2005-09-30,4.01
DGS1,2005-10-31,4.31
DGS1,2005-11-30,4.34
DGS1,2005-12-30,4.38
DGS1,2006-01-31,4.58
DGS1,2006-02-28,4.73
DGS1,2006-03-31,4.82
DGS1,2006-04-28,4.9
DGS1,2006-05-31,5.07
DGS1,2006-06-30,5.21
DGS1,2006-07-31,5.11
DGS1,2006-08-31,5.01
DGS1,2006-09-29,4.91
DGS1,2006-10-31,4.99
DGS1,2006-11-30,4.94
DGS1,2006-12-29,5.0
DGS1,2007-01-31,5.09
DGS1,2007-02-28,4.96
DGS1,2007-03-30,4.9
DGS1,2007-04-30,4.89
DGS1,2007-05-31,4.95
DGS1,2007-06-29,4.91
DGS1,2007-07-31,4.85
DGS1,2007-08-31,4.19
DGS1,2007-09-28,4.05
DGS1,2007-10-31,4.04
DGS1,2007-11-30,3.26
DGS1,2007-12-31,3.34
DGS1,2008-01-31,2.11
DGS1,2008-02-29,1.77
DGS1,2008-03-31,1.55
DGS1,2008-04-30,1.85
DGS1,2008-05-30,2.22
DGS1,2008-06-30,2.36
DGS1,2008-07-31,2.27
DGS1,2008-08-29,2.17
DGS1,2008-09-30,1.78
DGS1,2008-10-31,1.34
DGS1,2008-11-28,0.9
DGS1,2008-12-31,0.37
DGS1,2009-01-30,0.51
DGS1,2009-02-27,0.72
DGS1,2009-03-31,0.57
DGS1,2009-04-30,0.49
DGS1,2009-05-29,0.47
DGS1,2009-06-30,0.56
DGS1,2009-07-31,0.48
DGS1,2009-08-31,0.43
DGS1,2009-09-30,0.4
DGS1,2009-10-30,0.37
DGS1,2009-11-30,0.27
DGS1,2009-12-31,0.47
DGS1,2010-01-29,0.3
DGS1,2010-02-26,0.32
DGS1,2010-03-31,0.41
DGS1,2010-04-30,0.41
DGS1,2010-05-28,0.34
DGS1,2010-06-30,0.32
DGS1,2010-07-30,0.29
DGS1,2010-08-31,0.25
DGS1,2010-09-30,0.27
DGS1,2010-10-29,0.22
DGS1,2010-11-30,0.27
DGS1,2010-12-31,0.29
DGS1,2011-01-31,0.26
DGS1,2011-02-28,0.25
DGS1,2011-03-31,0.3
DGS1,2011-04-29,0.22
DGS1,2011-05-31,0.18
DGS1,2011-06-30,0.19
DGS1,2011-07-29,0.2
DGS1,2011-08-31,0.1
DGS1,2011-09-30,0.13
DGS1,2011-10-31,0.12
DGS1,2011-11-30,0.12
DGS1,2011-12-30,0.12
DGS1,2012-01-31,0.13
DGS1,2012-02-29,0.18
DGS1,2012-03-30,0.19
DGS1,2012-04-30,0.2
DGS1,2012-05-31,0.18
DGS1,2012-06-29,0.21
DGS1,2012-07-31,0.16
DGS1,2012-08-31,0.16
DGS1,2012-09-28,0.17
DGS1,2012-10-31,0.18
DGS1,2012-11-30,0.18
DGS1,2012-12-31,0.16
DGS1,2013-01-31,0.15
DGS1,2013-02-28,0.17
DGS1,2013-03-28,0.14
DGS1,2013-04-30,0.11
DGS1,2013-05-31,0.14
DGS1,2013-06-28,0.15
DGS1,2013-07-31,0.11
DGS1,2013-08-30,0.13
DGS1,2013-09-30,0.1
DGS1,2013-10-31,0.1
DGS1,2013-11-29,0.13
DGS1,2013-12-31,0.13
DGS1,2014-01-31,0.1
DGS1,2014-02-28,0.12
DGS1,2014-03-31,0.13
DGS1,2014-04-30,0.11
DGS1,2014-05-30,0.1
DGS1,2014-06-30,0.11
DGS1,2014-07-31,0.12
DGS1,2014-08-29,0.09
DGS1,2014-09-30,0.13
DGS1,2014-10-31,0.11
DGS1,2014-11-28,0.13
DGS1,2014-12-31,0.25
DGS1,2015-01-30,0.18
DGS1,2015-02-27,0.22
DGS1,2015-03-31,0.26
DGS1,2015-04-30,0.24
DGS1,2015-05-29,0.26
DGS1,2015-06-30,0.28
DGS1,2015-07-31,0.33
DGS1,2015-08-31,0.39
DGS1,2015-09-30,0.33
DGS1,2015-10-30,0.34
DGS1,2015-11-30,0.51
DGS1,2015-12-31,0.65
DGS1,2016-01-29,0.47
DGS1,2016-02-29,0.62
DGS1,2016-03-31,0.59
DGS1,2016-04-29,0.56
DGS1,2016-05-31,0.68
DGS1,2016-06-30,0.45
DGS1,2016-07-29,0.5
DGS1,2016-08-31,0.61
DGS1,2016-09-30,0.59
DGS1,2016-10-31,0.66
DGS1,2016-11-30,0.8
DGS1,2016-12-30,0.85
DGS1,2017-01-31,0.84
DGS1,2017-02-28,0.88
DGS1,2017-03-31,1.03
DGS1,2017-04-28,1.07
DGS1,2017-05-31,1.17
DGS1,2017-06-30,1.24
DGS1,2017-07-31,1.23
DGS1,2017-08-31,1.23
DGS1,2017-09-29,1.31
DGS1,2017-10-31,1.43
DGS1,2017-11-30,1.62
DGS1,2017-12-29,1.76
DGS1,2018-01-31,1.9
DGS1,2018-02-28,2.07
DGS1,2018-03-29,2.09
DGS1,2018-04-30,2.24
DGS1,2018-05-31,2.23
DGS1,2018-06-29,2.33
DGS1,2018-07-31,2.44
DGS1,2018-08-31,2.46
DGS1,2018-09-28,2.59
DGS1,2018-10-31,2.69
DGS1,2018-11-30,2.7
DGS1,2018-12-31,2.63
DGS1,2019-01-31,2.55
DGS1,2019-02-28,2.54
DGS1,2019-03-29,2.4
DGS1,2019-04-30,2.39
DGS1,2019-05-31,2.21
DGS1,2019-06-28,1.92
DGS1,2019-07-31,2.0
DGS1,2019-08-30,1.76
DGS1,2019-09-30,1.75
DGS1,2019-10-31,1.53
DGS1,2019-11-29,1.6
DGS1,2019-12-31,1.59
DGS1,2020-01-31,1.45
DGS1,2020-02-28,0.97
DGS1,2020-03-31,0.17
DGS1,2020-04-30,0.16
DGS1,2020-05-29,0.17
DGS1,2020-06-30,0.16
DGS1,2020-07-31,0.11
DGS1,2020-08-31,0.12
DGS1,2020-09-30,0.12
DGS1,2020-10-30,0.13
DGS1,2020-11-30,0.11
DGS1,2020-12-31,0.1
DGS1,2021-01-29,0.1
DGS1,2021-02-26,0.08
DGS1,2021-03-31,0.07
DGS1,2021-04-30,0.05
DGS1,2021-05-28,0.05
DGS1,2021-06-30,0.07
DGS1,2021-07-30,0.07
DGS1,2021-08-31,0.07
DGS1,2021-09-30,0.09
DGS1,2021-10-29,0.15
DGS1,2021-11-30,0.24
DGS1,2021-12-31,0.39
DGS1,2022-01-31,0.78
DGS1,2022-02-28,1.01
DGS1,2022-03-31,1.63
DGS1,2022-04-29,2.1
DGS1,2022-05-31,2.08
DGS1,2022-06-30,2.8
DGS1,2022-07-29,2.98
DGS1,2022-08-31,3.5
DGS1,2022-09-30,4.05
DGS1,2022-10-31,4.66
DGS1,2022-11-30,4.74
DGS1,2022-12-30,4.73
DGS1,2023-01-31,4.68
DGS1,2023-02-28,5.02
DGS1,2023-03-31,4.64
DGS1,2023-04-28,4.8
DGS1,2023-05-31,5.18
DGS1,2023-06-30,5.4
DGS1,2023-07-31,5.37
DGS1,2023-08-31,5.37
DGS1,2023-09-29,5.46
DGS1,2023-10-31,5.44
DGS1,2023-11-30,5.16
DGS1,2023-12-29,4.79
DGS1,2024-01-31,4.73
DGS1,2024-02-29,5.01
DGS1,2024-03-28,5.03
DGS1,2024-04-30,5.25
DGS1,2024-05-31,5.18
DGS1,2024-06-28,5.09
DGS1,2024-07-31,4.73
DGS1,2024-08-30,4.38
DGS1,2024-09-30,3.98
DGS1,2024-10-31,4.27
DGS1,2024-11-29,4.3
DGS1,2024-12-31,4.16
DGS1,2025-01-31,4.17
DGS1,2025-02-28,4.08
DGS1,2025-03-31,4.03
DGS1,2025-04-30,3.85
DGS1,2025-05-30,4.11
DGS1,2025-06-30,3.96
DGS1,2025-07-31,4.1
DGS1,2025-08-29,3.83
DGS1,2025-09-30,3.68
DGS1,2025-10-31,3.7
DGS1,2025-11-28,3.61
DGS1,2025-12-31,3.48
DGS1,2026-01-30,3.48
DGS1,2026-02-27,3.48
DGS1,2026-03-31,3.68
DGS1,2026-04-30,3.72
DGS1,2026-05-29,3.79
DGS1,2026-06-30,3.98
DGS1,2026-07-31,4.08
DGS1,2026-08-31,4.16
DGS1,2026-09-30,4.54
DGS1,2026-10-07,4.42
EFFR,2000-07-31,6.64
EFFR,2000-08-31,6.65
EFFR,2000-09-29,6.6
EFFR,2000-10-31,6.59
EFFR,2000-11-30,6.62
EFFR,2000-12-29,5.41
EFFR,2001-01-31,5.74
EFFR,2001-02-28,5.59
EFFR,2001-03-30,5.29
EFFR,2001-04-30,4.67
EFFR,2001-05-31,4.24
EFFR,2001-06-29,3.95
EFFR,2001-07-31,3.82
EFFR,2001-08-31,3.66
EFFR,2001-09-28,2.75
EFFR,2001-10-31,2.66
EFFR,2001-11-30,2.06
EFFR,2001-12-31,1.52
EFFR,2002-01-31,1.85
EFFR,2002-02-28,1.83
EFFR,2002-03-29,1.74
EFFR,2002-04-30,1.82
EFFR,2002-05-31,1.79
EFFR,2002-06-28,1.73
EFFR,2002-07-31,1.76
EFFR,2002-08-30,1.81
EFFR,2002-09-30,1.85
EFFR,2002-10-31,1.82
EFFR,2002-11-29,1.23
EFFR,2002-12-31,1.16
EFFR,2003-01-31,1.33
EFFR,2003-02-28,1.33
EFFR,2003-03-31,1.38
EFFR,2003-04-30,1.31
EFFR,2003-05-30,1.28
EFFR,2003-06-30,1.45
EFFR,2003-07-31,1.04
EFFR,2003-08-29,1.01
EFFR,2003-09-30,1.17
EFFR,2003-10-29,0.97
EFFR,2003-11-28,1.01
EFFR,2003-12-31,0.94
EFFR,2004-01-30,1.03
EFFR,2004-02-27,1.04
EFFR,2004-03-31,1.05
EFFR,2004-04-30,1.03
EFFR,2004-05-28,1.02
EFFR,2004-06-30,1.38
EFFR,2004-07-30,1.29
EFFR,2004-08-31,1.55
EFFR,2004-09-30,1.94
EFFR,2004-10-29,1.79
EFFR,2004-11-30,2.02
EFFR,2004-12-31,1.97
EFFR,2005-01-31,2.5
EFFR,2005-02-28,2.52
EFFR,2005-03-31,2.96
EFFR,2005-04-29,2.97
EFFR,2005-05-31,3.09
EFFR,2005-06-30,3.35
EFFR,2005-07-29,3.31
EFFR,2005-08-31,3.63
EFFR,2005-09-30,3.93
EFFR,2005-10-31,4.02
EFFR,2005-11-30,4.03
EFFR,2005-12-30,4.09
EFFR,2006-01-31,4.47
EFFR,2006-02-28,4.52
EFFR,2006-03-31,5.0
EFFR,2006-04-28,4.86
EFFR,2006-05-31,5.05
EFFR,2006-06-30,5.05
EFFR,2006-07-31,5.31
EFFR,2006-08-31,5.31
EFFR,2006-09-29,5.34
EFFR,2006-10-31,5.31
EFFR,2006-11-30,5.31
EFFR,2006-12-29,5.17
EFFR,2007-01-31,5.33
EFFR,2007-02-28,5.41
EFFR,2007-03-30,5.3
EFFR,2007-04-30,5.29
EFFR,2007-05-31,5.28
EFFR,2007-06-29,5.31
EFFR,2007-07-31,5.28
EFFR,2007-08-31,4.96
EFFR,2007-09-28,4.58
EFFR,2007-10-31,4.6
EFFR,2007-11-30,4.66
EFFR,2007-12-31,3.06
EFFR,2008-01-31,3.22
EFFR,2008-02-29,3.01
EFFR,2008-03-31,2.51
EFFR,2008-04-30,2.37
EFFR,2008-05-30,1.98
EFFR,2008-06-30,2.47
EFFR,2008-07-31,2.09
EFFR,2008-08-29,1.94
EFFR,2008-09-30,2.03
EFFR,2008-10-31,0.22
EFFR,2008-11-28,0.52
EFFR,2008-12-31,0.14
EFFR,2009-01-30,0.23
EFFR,2009-02-27,0.22
EFFR,2009-03-31,0.16
EFFR,2009-04-30,0.2
EFFR,2009-05-29,0.19
EFFR,2009-06-30,0.22
EFFR,2009-07-31,0.18
EFFR,2009-08-31,0.15
EFFR,2009-09-30,0.07
EFFR,2009-10-30,0.11
EFFR,2009-11-30,0.13
EFFR,2009-12-31,0.05
EFFR,2010-01-29,0.12
EFFR,2010-02-26,0.13
EFFR,2010-03-31,0.09
EFFR,2010-04-30,0.2
EFFR,2010-05-28,0.19
EFFR,2010-06-30,0.09
EFFR,2010-07-30,0.18
EFFR,2010-08-31,0.21
EFFR,2010-09-30,0.15
EFFR,2010-10-29,0.2
EFFR,2010-11-30,0.2
EFFR,2010-12-31,0.13
EFFR,2011-01-31,0.17
EFFR,2011-02-28,0.16
EFFR,2011-03-31,0.1
EFFR,2011-04-29,0.09
EFFR,2011-05-31,0.1
EFFR,2011-06-30,0.07
EFFR,2011-07-29,0.11
EFFR,2011-08-31,0.08
EFFR,2011-09-30,0.06
EFFR,2011-10-31,0.09
EFFR,2011-11-30,0.1
EFFR,2011-12-30,0.04
EFFR,2012-01-31,0.11
EFFR,2012-02-29,0.1
EFFR,2012-03-30,0.09
EFFR,2012-04-30,0.16
EFFR,2012-05-31,0.16
EFFR,2012-06-29,0.09
EFFR,2012-07-31,0.13
EFFR,2012-08-31,0.13
EFFR,2012-09-28,0.09
EFFR,2012-10-31,0.18
EFFR,2012-11-30,0.16
EFFR,2012-12-31,0.09
EFFR,2013-01-31,0.15
EFFR,2013-02-28,0.14
EFFR,2013-03-29,0.09
EFFR,2013-04-30,0.14
EFFR,2013-05-31,0.09
EFFR,2013-06-28,0.07
EFFR,2013-07-31,0.09
EFFR,2013-08-30,0.07
EFFR,2013-09-30,0.06
EFFR,2013-10-31,0.07
EFFR,2013-11-29,0.07
EFFR,2013-12-31,0.07
EFFR,2014-01-31,0.07
EFFR,2014-02-28,0.06
EFFR,2014-03-31,0.06
EFFR,2014-04-30,0.09
EFFR,2014-05-30,0.08
EFFR,2014-06-30,0.09
EFFR,2014-07-31,0.08
EFFR,2014-08-29,0.07
EFFR,2014-09-30,0.07
EFFR,2014-10-31,0.07
EFFR,2014-11-28,0.08
EFFR,2014-12-31,0.06
EFFR,2015-01-30,0.06
EFFR,2015-02-27,0.06
EFFR,2015-03-31,0.06
EFFR,2015-04-30,0.08
EFFR,2015-05-29,0.08
EFFR,2015-06-30,0.08
EFFR,2015-07-31,0.08
EFFR,2015-08-31,0.08
EFFR,2015-09-30,0.07
EFFR,2015-10-30,0.07
EFFR,2015-11-30,0.08
EFFR,2015-12-31,0.2
EFFR,2016-01-29,0.29
EFFR,2016-02-29,0.29
EFFR,2016-03-31,0.25
EFFR,2016-04-29,0.3
EFFR,2016-05-31,0.29
EFFR,2016-06-30,0.3
EFFR,2016-07-29,0.3
EFFR,2016-08-31,0.3
EFFR,2016-09-30,0.29
EFFR,2016-10-31,0.31
EFFR,2016-11-30,0.31
EFFR,2016-12-30,0.55
EFFR,2017-01-31,0.56
EFFR,2017-02-28,0.57
EFFR,2017-03-31,0.82
EFFR,2017-04-28,0.83
EFFR,2017-05-31,0.83
EFFR,2017-06-30,1.06
EFFR,2017-07-31,1.07
EFFR,2017-08-31,1.07
EFFR,2017-09-29,1.06
EFFR,2017-10-31,1.07
EFFR,2017-11-30,1.07
EFFR,2017-12-29,1.33
EFFR,2018-01-31,1.34
EFFR,2018-02-28,1.35
EFFR,2018-03-30,1.67
EFFR,2018-04-30,1.69
EFFR,2018-05-31,1.7
EFFR,2018-06-29,1.91
EFFR,2018-07-31,1.91
EFFR,2018-08-31,1.91
EFFR,2018-09-28,2.18
EFFR,2018-10-31,2.2
EFFR,2018-11-30,2.2
EFFR,2018-12-31,2.4
EFFR,2019-01-31,2.4
EFFR,2019-02-28,2.4
EFFR,2019-03-29,2.43
EFFR,2019-04-30,2.45
EFFR,2019-05-31,2.4
EFFR,2019-06-28,2.4
EFFR,2019-07-31,2.4
EFFR,2019-08-30,2.13
EFFR,2019-09-30,1.9
EFFR,2019-10-31,1.58
EFFR,2019-11-29,1.56
EFFR,2019-12-31,1.55
EFFR,2020-01-31,1.59
EFFR,2020-02-28,1.58
EFFR,2020-03-31,0.08
EFFR,2020-04-30,0.05
EFFR,2020-05-29,0.05
EFFR,2020-06-30,0.08
EFFR,2020-07-31,0.1
EFFR,2020-08-31,0.09
EFFR,2020-09-30,0.09
EFFR,2020-10-30,0.09
EFFR,2020-11-30,0.09
EFFR,2020-12-31,0.09
EFFR,2021-01-29,0.07
EFFR,2021-02-26,0.07
EFFR,2021-03-31,0.06
EFFR,2021-04-30,0.05
EFFR,2021-05-28,0.05
EFFR,2021-06-30,0.08
EFFR,2021-07-30,0.07
EFFR,2021-08-31,0.06
EFFR,2021-09-30,0.06
EFFR,2021-10-29,0.07
EFFR,2021-11-30,0.07
EFFR,2021-12-31,0.07
EFFR,2022-01-31,0.08
EFFR,2022-02-28,0.08
EFFR,2022-03-31,0.33
EFFR,2022-04-29,0.33
EFFR,2022-05-31,0.83
EFFR,2022-06-30,1.58
EFFR,2022-07-29,2.32
EFFR,2022-08-31,2.33
EFFR,2022-09-30,3.08
EFFR,2022-10-31,3.08
EFFR,2022-11-30,3.83
EFFR,2022-12-30,4.33
EFFR,2023-01-31,4.33
EFFR,2023-02-28,4.57
EFFR,2023-03-31,4.83
EFFR,2023-04-28,4.83
EFFR,2023-05-31,5.08
EFFR,2023-06-30,5.08
EFFR,2023-07-31,5.33
EFFR,2023-08-31,5.33
EFFR,2023-09-29,5.33
EFFR,2023-10-31,5.33
EFFR,2023-11-30,5.33
EFFR,2023-12-29,5.33
EFFR,2024-01-31,5.33
EFFR,2024-02-29,5.33
EFFR,2024-03-29,5.33
EFFR,2024-04-30,5.33
EFFR,2024-05-31,5.33
EFFR,2024-06-28,5.33
EFFR,2024-07-31,5.33
EFFR,2024-08-30,5.33
EFFR,2024-09-30,4.83
EFFR,2024-10-31,4.83
EFFR,2024-11-29,4.58
EFFR,2024-12-31,4.33
EFFR,2025-01-31,4.33
EFFR,2025-02-28,4.33
EFFR,2025-03-31,4.33
EFFR,2025-04-30,4.33
EFFR,2025-05-30,4.33
EFFR,2025-06-30,4.33
EFFR,2025-07-31,4.33
EFFR,2025-08-29,4.33
EFFR,2025-09-30,4.09
EFFR,2025-10-31,3.86
EFFR,2025-11-28,3.89
EFFR,2025-12-31,3.64
EFFR,2026-01-30,3.64
EFFR,2026-02-27,3.64
EFFR,2026-03-31,3.64
EFFR,2026-04-30,3.64
EFFR,2026-05-29,3.62
EFFR,2026-06-30,3.63
EFFR,2026-07-31,3.63
EFFR,2026-08-31,3.63
EFFR,2026-09-30,3.88
EFFR,2026-10-07,3.88
MORTGAGE30US,1971-04-02,7.33
MORTGAGE30US,1971-04-09,7.31
MORTGAGE30US,1971-04-16,7.31
MORTGAGE30US,1971-04-23,7.31
MORTGAGE30US,1971-04-30,7.29
MORTGAGE30US,1971-05-07,7.38
MORTGAGE30US,1971-05-14,7.42
MORTGAGE30US,1971-05-21,7.44
MORTGAGE30US,1971-05-28,7.46
MORTGAGE30US,1971-06-04,7.52
MORTGAGE30US,1971-06-11,7.52
MORTGAGE30US,1971-06-18,7.54
MORTGAGE30US,1971-06-25,7.54
MORTGAGE30US,1971-07-02,7.54
MORTGAGE30US,1971-07-09,7.54
MORTGAGE30US,1971-07-16,7.6
MORTGAGE30US,1971-07-23,7.65
MORTGAGE30US,1971-07-30,7.69
MORTGAGE30US,1971-08-06,7.66
MORTGAGE30US,1971-08-13,7.73
MORTGAGE30US,1971-08-20,7.71
MORTGAGE30US,1971-08-27,7.69
MORTGAGE30US,1971-09-03,7.71
MORTGAGE30US,1971-09-10,7.67
MORTGAGE30US,1971-09-17,7.7
MORTGAGE30US,1971-09-24,7.67
MORTGAGE30US,1971-10-01,7.67
MORTGAGE30US,1971-10-08,7.63
MORTGAGE30US,1971-10-15,7.63
MORTGAGE30US,1971-10-22,7.58
MORTGAGE30US,1971-10-29,7.63
MORTGAGE30US,1971-11-05,7.59
MORTGAGE30US,1971-11-12,7.56
MORTGAGE30US,1971-11-19,7.54
MORTGAGE30US,1971-11-26,7.51
MORTGAGE30US,1971-12-03,7.49
MORTGAGE30US,1971-12-10,7.47
MORTGAGE30US,1971-12-17,7.48
MORTGAGE30US,1971-12-24,7.48
MORTGAGE30US,1971-12-31,7.48
MORTGAGE30US,1972-01-07,7.46
MORTGAGE30US,1972-01-14,7.46
MORTGAGE30US,1972-01-21,7.43
MORTGAGE30US,1972-01-28,7.4
MORTGAGE30US,1972-02-04,7.35
MORTGAGE30US,1972-02-11,7.33
MORTGAGE30US,1972-02-18,7.31
MORTGAGE30US,1972-02-25,7.31
MORTGAGE30US,1972-03-03,7.32
MORTGAGE30US,1972-03-10,7.32
MORTGAGE30US,1972-03-17,7.31
MORTGAGE30US,1972-03-24,7.31
MORTGAGE30US,1972-03-31,7.23
MORTGAGE30US,1972-04-07,7.25
MORTGAGE30US,1972-04-14,7.29
MORTGAGE30US,1972-04-21,7.29
MORTGAGE30US,1972-04-28,7.33
MORTGAGE30US,1972-05-05,7.33
MORTGAGE30US,1972-05-12,7.38
MORTGAGE30US,1972-05-19,7.38
MORTGAGE30US,1972-05-26,7.4
MORTGAGE30US,1972-06-02,7.36
MORTGAGE30US,1972-06-09,7.38
MORTGAGE30US,1972-06-16,7.38
MORTGAGE30US,1972-06-23,7.36
MORTGAGE30US,1972-06-30,7.38
MORTGAGE30US,1972-07-07,7.38
MORTGAGE30US,1972-07-14,7.4
MORTGAGE30US,1972-07-21,7.4
MORTGAGE30US,1972-07-28,7.4
MORTGAGE30US,1972-08-04,7.35
MORTGAGE30US,1972-08-11,7.41
MORTGAGE30US,1972-08-18,7.42
MORTGAGE30US,1972-08-25,7.42
MORTGAGE30US,1972-09-01,7.42
MORTGAGE30US,1972-09-08,7.42
MORTGAGE30US,1972-09-15,7.42
MORTGAGE30US,1972-09-22,7.41
MORTGAGE30US,1972-09-29,7.43
MORTGAGE30US,1972-10-06,7.41
MORTGAGE30US,1972-10-13,7.41
MORTGAGE30US,1972-10-20,7.44
MORTGAGE30US,1972-10-27,7.42
MORTGAGE30US,1972-11-03,7.43
MORTGAGE30US,1972-11-10,7.42
MORTGAGE30US,1972-11-17,7.42
MORTGAGE30US,1972-11-24,7.44
MORTGAGE30US,1972-12-01,7.45
MORTGAGE30US,1972-12-08,7.43
MORTGAGE30US,1972-12-15,7.43
MORTGAGE30US,1972-12-22,7.45
MORTGAGE30US,1972-12-29,7.45
MORTGAGE30US,1973-01-05,7.44
MORTGAGE30US,1973-01-12,7.44
MORTGAGE30US,1973-01-19,7.44
MORTGAGE30US,1973-01-26,7.43
MORTGAGE30US,1973-02-02,7.43
MORTGAGE30US,1973-02-09,7.43
MORTGAGE30US,1973-02-16,7.45
MORTGAGE30US,1973-02-23,7.45
MORTGAGE30US,1973-03-02,7.45
MORTGAGE30US,1973-03-09,7.45
MORTGAGE30US,1973-03-16,7.45
MORTGAGE30US,1973-03-23,7.45
MORTGAGE30US,1973-03-30,7.49
MORTGAGE30US,1973-04-06,7.51
MORTGAGE30US,1973-04-13,7.54
MORTGAGE30US,1973-04-20,7.56
MORTGAGE30US,1973-04-27,7.56
MORTGAGE30US,1973-05-04,7.58
MORTGAGE30US,1973-05-11,7.64
MORTGAGE30US,1973-05-18,7.69
MORTGAGE30US,1973-05-24,7.7
MORTGAGE30US,1973-06-01,7.7
MORTGAGE30US,1973-06-08,7.73
MORTGAGE30US,1973-06-15,7.73
MORTGAGE30US,1973-06-22,7.75
MORTGAGE30US,1973-06-29,7.76
MORTGAGE30US,1973-07-06,7.89
MORTGAGE30US,1973-07-13,8.01
MORTGAGE30US,1973-07-20,8.12
MORTGAGE30US,1973-07-27,8.18
MORTGAGE30US,1973-08-03,8.26
MORTGAGE30US,1973-08-10,8.4
MORTGAGE30US,1973-08-17,8.55
MORTGAGE30US,1973-08-24,8.61
MORTGAGE30US,1973-08-31,8.66
MORTGAGE30US,1973-09-07,8.77
MORTGAGE30US,1973-09-14,8.81
MORTGAGE30US,1973-09-21,8.83
MORTGAGE30US,1973-09-28,8.85
MORTGAGE30US,1973-10-05,8.82
MORTGAGE30US,1973-10-12,8.83
MORTGAGE30US,1973-10-19,8.75
MORTGAGE30US,1973-10-26,8.68
MORTGAGE30US,1973-11-02,8.62
MORTGAGE30US,1973-11-09,8.59
MORTGAGE30US,1973-11-16,8.58
MORTGAGE30US,1973-11-23,8.57
MORTGAGE30US,1973-11-30,8.55
MORTGAGE30US,1973-12-07,8.53
MORTGAGE30US,1973-12-14,8.53
MORTGAGE30US,1973-12-21,8.53
MORTGAGE30US,1973-12-28,8.56
MORTGAGE30US,1974-01-04,8.56
MORTGAGE30US,1974-01-11,8.53
MORTGAGE30US,1974-01-18,8.55
MORTGAGE30US,1974-01-25,8.52
MORTGAGE30US,1974-02-01,8.48
MORTGAGE30US,1974-02-08,8.46
MORTGAGE30US,1974-02-15,8.46
MORTGAGE30US,1974-02-22,8.42
MORTGAGE30US,1974-03-01,8.41
MORTGAGE30US,1974-03-08,8.41
MORTGAGE30US,1974-03-15,8.4
MORTGAGE30US,1974-03-22,8.4
MORTGAGE30US,1974-03-29,8.41
MORTGAGE30US,1974-04-05,8.44
MORTGAGE30US,1974-04-12,8.53
MORTGAGE30US,1974-04-19,8.63
MORTGAGE30US,1974-04-26,8.73
MORTGAGE30US,1974-05-03,8.87
MORTGAGE30US,1974-05-10,8.98
MORTGAGE30US,1974-05-17,8.97
MORTGAGE30US,1974-05-24,9.01
MORTGAGE30US,1974-05-31,9.03
MORTGAGE30US,1974-06-07,9.06
MORTGAGE30US,1974-06-14,9.11
MORTGAGE30US,1974-06-21,9.07
MORTGAGE30US,1974-06-28,9.1
MORTGAGE30US,1974-07-05,9.14
MORTGAGE30US,1974-07-12,9.19
MORTGAGE30US,1974-07-19,9.37
MORTGAGE30US,1974-07-26,9.42
MORTGAGE30US,1974-08-02,9.47
MORTGAGE30US,1974-08-09,9.5
MORTGAGE30US,1974-08-16,9.6
MORTGAGE30US,1974-08-23,9.62
MORTGAGE30US,1974-08-30,9.74
MORTGAGE30US,1974-09-06,9.88
MORTGAGE30US,1974-09-13,9.92
MORTGAGE30US,1974-09-20,10.0
MORTGAGE30US,1974-09-27,10.03
MORTGAGE30US,1974-10-04,10.02
MORTGAGE30US,1974-10-11,9.96
MORTGAGE30US,1974-10-18,9.99
MORTGAGE30US,1974-10-25,9.94
MORTGAGE30US,1974-11-01,9.87
MORTGAGE30US,1974-11-08,9.81
MORTGAGE30US,1974-11-15,9.81
MORTGAGE30US,1974-11-22,9.73
MORTGAGE30US,1974-11-29,9.72
MORTGAGE30US,1974-12-06,9.69
MORTGAGE30US,1974-12-13,9.63
MORTGAGE30US,1974-12-20,9.58
MORTGAGE30US,1974-12-27,9.56
MORTGAGE30US,1975-01-03,9.6
MORTGAGE30US,1975-01-10,9.49
MORTGAGE30US,1975-01-17,9.43
MORTGAGE30US,1975-01-24,9.35
MORTGAGE30US,1975-01-31,9.29
MORTGAGE30US,1975-02-07,9.2
MORTGAGE30US,1975-02-14,9.13
MORTGAGE30US,1975-02-21,9.07
MORTGAGE30US,1975-02-28,9.02
MORTGAGE30US,1975-03-07,9.0
MORTGAGE30US,1975-03-14,8.89
MORTGAGE30US,1975-03-21,8.86
MORTGAGE30US,1975-03-28,8.86
MORTGAGE30US,1975-04-04,8.83
MORTGAGE30US,1975-04-11,8.81
MORTGAGE30US,1975-04-18,8.8
MORTGAGE30US,1975-04-25,8.84
MORTGAGE30US,1975-05-02,8.92
MORTGAGE30US,1975-05-09,8.88
MORTGAGE30US,1975-05-16,8.92
MORTGAGE30US,1975-05-23,8.92
MORTGAGE30US,1975-05-30,8.89
MORTGAGE30US,1975-06-06,8.89
MORTGAGE30US,1975-06-13,8.9
MORTGAGE30US,1975-06-20,8.88
MORTGAGE30US,1975-06-27,8.9
MORTGAGE30US,1975-07-03,8.88
MORTGAGE30US,1975-07-11,8.9
MORTGAGE30US,1975-07-18,8.89
MORTGAGE30US,1975-07-25,8.89
MORTGAGE30US,1975-08-01,8.89
MORTGAGE30US,1975-08-08,8.89
MORTGAGE30US,1975-08-15,8.93
MORTGAGE30US,1975-08-22,8.98
MORTGAGE30US,1975-08-29,9.02
MORTGAGE30US,1975-09-05,9.08
MORTGAGE30US,1975-09-12,9.16
MORTGAGE30US,1975-09-19,9.14
MORTGAGE30US,1975-09-26,9.14
MORTGAGE30US,1975-10-03,9.2
MORTGAGE30US,1975-10-10,9.21
MORTGAGE30US,1975-10-17,9.21
MORTGAGE30US,1975-10-24,9.26
MORTGAGE30US,1975-10-31,9.24
MORTGAGE30US,1975-11-07,9.19
MORTGAGE30US,1975-11-14,9.16
MORTGAGE30US,1975-11-21,9.12
MORTGAGE30US,1975-11-28,9.11
MORTGAGE30US,1975-12-05,9.11
MORTGAGE30US,1975-12-12,9.11
MORTGAGE30US,1975-12-19,9.08
MORTGAGE30US,1975-12-26,9.09
MORTGAGE30US,1976-01-02,9.1
MORTGAGE30US,1976-01-09,9.07
MORTGAGE30US,1976-01-16,9.01
MORTGAGE30US,1976-01-23,9.0
MORTGAGE30US,1976-01-30,8.9
MORTGAGE30US,1976-02-06,8.86
MORTGAGE30US,1976-02-13,8.83
MORTGAGE30US,1976-02-20,8.81
MORTGAGE30US,1976-02-27,8.75
MORTGAGE30US,1976-03-05,8.77
MORTGAGE30US,1976-03-12,8.75
MORTGAGE30US,1976-03-19,8.75
MORTGAGE30US,1976-03-26,8.75
MORTGAGE30US,1976-04-02,8.7
MORTGAGE30US,1976-04-09,8.7
MORTGAGE30US,1976-04-16,8.75
MORTGAGE30US,1976-04-23,8.75
MORTGAGE30US,1976-04-30,8.75
MORTGAGE30US,1976-05-07,8.75
MORTGAGE30US,1976-05-14,8.75
MORTGAGE30US,1976-05-21,8.78
MORTGAGE30US,1976-05-28,8.78
MORTGAGE30US,1976-06-04,8.78
MORTGAGE30US,1976-06-11,8.83
MORTGAGE30US,1976-06-18,8.88
MORTGAGE30US,1976-06-25,8.9
MORTGAGE30US,1976-07-02,8.93
MORTGAGE30US,1976-07-09,8.93
MORTGAGE30US,1976-07-16,8.93
MORTGAGE30US,1976-07-23,8.9
MORTGAGE30US,1976-07-30,8.98
MORTGAGE30US,1976-08-06,9.0
MORTGAGE30US,1976-08-13,9.0
MORTGAGE30US,1976-08-20,9.0
MORTGAGE30US,1976-08-27,9.0
MORTGAGE30US,1976-09-03,9.0
MORTGAGE30US,1976-09-10,8.97
MORTGAGE30US,1976-09-17,8.97
MORTGAGE30US,1976-09-24,8.97
MORTGAGE30US,1976-10-01,8.9
MORTGAGE30US,1976-10-08,8.95
MORTGAGE30US,1976-10-15,8.95
MORTGAGE30US,1976-10-22,8.95
MORTGAGE30US,1976-10-29,8.9
MORTGAGE30US,1976-11-05,8.85
MORTGAGE30US,1976-11-12,8.8
MORTGAGE30US,1976-11-19,8.8
MORTGAGE30US,1976-11-26,8.8
MORTGAGE30US,1976-12-03,8.8
MORTGAGE30US,1976-12-10,8.8
MORTGAGE30US,1976-12-17,8.8
MORTGAGE30US,1976-12-24,8.78
MORTGAGE30US,1976-12-31,8.78
MORTGAGE30US,1977-01-07,8.7
MORTGAGE30US,1977-01-14,8.73
MORTGAGE30US,1977-01-21,8.73
MORTGAGE30US,1977-01-28,8.73
MORTGAGE30US,1977-02-04,8.68
MORTGAGE30US,1977-02-11,8.7
MORTGAGE30US,1977-02-18,8.65
MORTGAGE30US,1977-02-25,8.65
MORTGAGE30US,1977-03-04,8.65
MORTGAGE30US,1977-03-11,8.7
MORTGAGE30US,1977-03-18,8.7
MORTGAGE30US,1977-03-25,8.7
MORTGAGE30US,1977-04-01,8.7
MORTGAGE30US,1977-04-08,8.75
MORTGAGE30US,1977-04-15,8.75
MORTGAGE30US,1977-04-22,8.78
MORTGAGE30US,1977-04-29,8.78
MORTGAGE30US,1977-05-06,8.78
MORTGAGE30US,1977-05-13,8.83
MORTGAGE30US,1977-05-20,8.85
MORTGAGE30US,1977-05-27,8.85
MORTGAGE30US,1977-06-03,8.85
MORTGAGE30US,1977-06-10,8.85
MORTGAGE30US,1977-06-17,8.85
MORTGAGE30US,1977-06-24,8.88
MORTGAGE30US,1977-07-01,8.95
MORTGAGE30US,1977-07-08,8.93
MORTGAGE30US,1977-07-15,8.95
MORTGAGE30US,1977-07-22,8.95
MORTGAGE30US,1977-07-29,8.93
MORTGAGE30US,1977-08-05,8.95
MORTGAGE30US,1977-08-12,8.95
MORTGAGE30US,1977-08-19,8.93
MORTGAGE30US,1977-08-26,8.93
MORTGAGE30US,1977-09-02,8.88
MORTGAGE30US,1977-09-09,8.9
MORTGAGE30US,1977-09-16,8.9
MORTGAGE30US,1977-09-23,8.9
MORTGAGE30US,1977-09-30,8.9
MORTGAGE30US,1977-10-07,8.93
MORTGAGE30US,1977-10-14,8.93
MORTGAGE30US,1977-10-21,8.93
MORTGAGE30US,1977-10-28,8.9
MORTGAGE30US,1977-11-04,8.9
MORTGAGE30US,1977-11-11,8.93
MORTGAGE30US,1977-11-18,8.93
MORTGAGE30US,1977-11-25,8.93
MORTGAGE30US,1977-12-02,8.95
MORTGAGE30US,1977-12-09,8.95
MORTGAGE30US,1977-12-16,8.95
MORTGAGE30US,1977-12-23,8.95
MORTGAGE30US,1977-12-30,9.0
MORTGAGE30US,1978-01-06,9.0
MORTGAGE30US,1978-01-13,9.03
MORTGAGE30US,1978-01-20,8.98
MORTGAGE30US,1978-01-27,9.05
MORTGAGE30US,1978-02-03,9.13
MORTGAGE30US,1978-02-10,9.15
MORTGAGE30US,1978-02-17,9.15
MORTGAGE30US,1978-02-24,9.15
MORTGAGE30US,1978-03-03,9.15
MORTGAGE30US,1978-03-10,9.15
MORTGAGE30US,1978-03-17,9.23
MORTGAGE30US,1978-03-24,9.23
MORTGAGE30US,1978-03-31,9.25
MORTGAGE30US,1978-04-07,9.28
MORTGAGE30US,1978-04-14,9.33
MORTGAGE30US,1978-04-21,9.38
MORTGAGE30US,1978-04-28,9.43
MORTGAGE30US,1978-05-05,9.48
MORTGAGE30US,1978-05-12,9.55
MORTGAGE30US,1978-05-19,9.58
MORTGAGE30US,1978-05-26,9.68
MORTGAGE30US,1978-06-02,9.68
MORTGAGE30US,1978-06-09,9.7
MORTGAGE30US,1978-06-16,9.73
MORTGAGE30US,1978-06-23,9.7
MORTGAGE30US,1978-06-30,9.73
MORTGAGE30US,1978-07-07,9.73
MORTGAGE30US,1978-07-14,9.73
MORTGAGE30US,1978-07-21,9.75
MORTGAGE30US,1978-07-28,9.75
MORTGAGE30US,1978-08-04,9.78
MORTGAGE30US,1978-08-11,9.78
MORTGAGE30US,1978-08-18,9.78
MORTGAGE30US,1978-08-25,9.8
MORTGAGE30US,1978-09-01,9.75
MORTGAGE30US,1978-09-08,9.75
MORTGAGE30US,1978-09-15,9.75
MORTGAGE30US,1978-09-22,9.75
MORTGAGE30US,1978-09-29,9.78
MORTGAGE30US,1978-10-06,9.85
MORTGAGE30US,1978-10-13,9.85
MORTGAGE30US,1978-10-20,9.85
MORTGAGE30US,1978-10-27,9.88
MORTGAGE30US,1978-11-03,9.9
MORTGAGE30US,1978-11-10,10.05
MORTGAGE30US,1978-11-17,10.2
MORTGAGE30US,1978-11-24,10.28
MORTGAGE30US,1978-12-01,10.3
MORTGAGE30US,1978-12-08,10.35
MORTGAGE30US,1978-12-15,10.35
MORTGAGE30US,1978-12-22,10.35
MORTGAGE30US,1978-12-29,10.38
MORTGAGE30US,1979-01-05,10.38
MORTGAGE30US,1979-01-12,10.38
MORTGAGE30US,1979-01-19,10.4
MORTGAGE30US,1979-01-26,10.4
MORTGAGE30US,1979-02-02,10.4
MORTGAGE30US,1979-02-09,10.43
MORTGAGE30US,1979-02-16,10.4
MORTGAGE30US,1979-02-23,10.4
MORTGAGE30US,1979-03-02,10.43
MORTGAGE30US,1979-03-09,10.4
MORTGAGE30US,1979-03-16,10.4
MORTGAGE30US,1979-03-23,10.45
MORTGAGE30US,1979-03-30,10.45
MORTGAGE30US,1979-04-06,10.48
MORTGAGE30US,1979-04-13,10.48
MORTGAGE30US,1979-04-20,10.5
MORTGAGE30US,1979-04-27,10.53
MORTGAGE30US,1979-05-04,10.6
MORTGAGE30US,1979-05-11,10.68
MORTGAGE30US,1979-05-18,10.73
MORTGAGE30US,1979-05-25,10.75
MORTGAGE30US,1979-06-01,10.9
MORTGAGE30US,1979-06-08,11.03
MORTGAGE30US,1979-06-15,11.05
MORTGAGE30US,1979-06-22,11.1
MORTGAGE30US,1979-06-29,11.1
MORTGAGE30US,1979-07-06,11.13
MORTGAGE30US,1979-07-13,11.08
MORTGAGE30US,1979-07-20,11.08
MORTGAGE30US,1979-07-27,11.08
MORTGAGE30US,1979-08-03,11.08
MORTGAGE30US,1979-08-10,11.08
MORTGAGE30US,1979-08-17,11.08
MORTGAGE30US,1979-08-24,11.1
MORTGAGE30US,1979-08-31,11.13
MORTGAGE30US,1979-09-07,11.2
MORTGAGE30US,1979-09-14,11.3
MORTGAGE30US,1979-09-21,11.35
MORTGAGE30US,1979-09-28,11.35
MORTGAGE30US,1979-10-05,11.35
MORTGAGE30US,1979-10-12,11.45
MORTGAGE30US,1979-10-19,11.75
MORTGAGE30US,1979-10-26,12.0
MORTGAGE30US,1979-11-02,12.8
MORTGAGE30US,1979-11-09,12.85
MORTGAGE30US,1979-11-16,12.8
MORTGAGE30US,1979-11-23,12.8
MORTGAGE30US,1979-11-30,12.9
MORTGAGE30US,1979-12-07,12.9
MORTGAGE30US,1979-12-14,12.9
MORTGAGE30US,1979-12-21,12.9
MORTGAGE30US,1979-12-28,12.9
MORTGAGE30US,1980-01-04,12.85
MORTGAGE30US,1980-01-11,12.9
MORTGAGE30US,1980-01-18,12.87
MORTGAGE30US,1980-01-25,12.89
MORTGAGE30US,1980-02-01,12.85
MORTGAGE30US,1980-02-08,12.85
MORTGAGE30US,1980-02-15,12.88
MORTGAGE30US,1980-02-22,13.03
MORTGAGE30US,1980-02-29,13.59
MORTGAGE30US,1980-03-07,14.0
MORTGAGE30US,1980-03-14,15.4
MORTGAGE30US,1980-03-21,15.7
MORTGAGE30US,1980-03-28,16.03
MORTGAGE30US,1980-04-04,16.35
MORTGAGE30US,1980-04-11,16.35
MORTGAGE30US,1980-04-18,16.35
MORTGAGE30US,1980-04-25,16.25
MORTGAGE30US,1980-05-02,15.9
MORTGAGE30US,1980-05-09,14.68
MORTGAGE30US,1980-05-16,14.15
MORTGAGE30US,1980-05-23,13.38
MORTGAGE30US,1980-05-30,13.2
MORTGAGE30US,1980-06-06,13.06
MORTGAGE30US,1980-06-13,12.85
MORTGAGE30US,1980-06-20,12.58
MORTGAGE30US,1980-06-27,12.35
MORTGAGE30US,1980-07-04,12.18
MORTGAGE30US,1980-07-11,12.23
MORTGAGE30US,1980-07-18,12.18
MORTGAGE30US,1980-07-25,12.18
MORTGAGE30US,1980-08-01,12.25
MORTGAGE30US,1980-08-08,12.25
MORTGAGE30US,1980-08-15,12.55
MORTGAGE30US,1980-08-22,12.8
MORTGAGE30US,1980-08-29,12.95
MORTGAGE30US,1980-09-05,13.03
MORTGAGE30US,1980-09-12,13.08
MORTGAGE30US,1980-09-19,13.25
MORTGAGE30US,1980-09-26,13.43
MORTGAGE30US,1980-10-03,13.6
MORTGAGE30US,1980-10-10,13.73
MORTGAGE30US,1980-10-17,13.78
MORTGAGE30US,1980-10-24,13.85
MORTGAGE30US,1980-10-31,14.0
MORTGAGE30US,1980-11-07,14.08
MORTGAGE30US,1980-11-14,14.18
MORTGAGE30US,1980-11-21,14.28
MORTGAGE30US,1980-11-28,14.28
MORTGAGE30US,1980-12-05,14.43
MORTGAGE30US,1980-12-12,14.83
MORTGAGE30US,1980-12-19,14.95
MORTGAGE30US,1980-12-26,14.95
MORTGAGE30US,1981-01-02,14.95
MORTGAGE30US,1981-01-09,14.8
MORTGAGE30US,1981-01-16,14.85
MORTGAGE30US,1981-01-23,14.85
MORTGAGE30US,1981-01-30,15.07
MORTGAGE30US,1981-02-06,15.0
MORTGAGE30US,1981-02-13,15.03
MORTGAGE30US,1981-02-20,15.2
MORTGAGE30US,1981-02-27,15.3
MORTGAGE30US,1981-03-06,15.4
MORTGAGE30US,1981-03-13,15.4
MORTGAGE30US,1981-03-20,15.4
MORTGAGE30US,1981-03-27,15.4
MORTGAGE30US,1981-04-03,15.4
MORTGAGE30US,1981-04-10,15.5
MORTGAGE30US,1981-04-17,15.65
MORTGAGE30US,1981-04-24,15.77
MORTGAGE30US,1981-05-01,15.82
MORTGAGE30US,1981-05-08,16.12
MORTGAGE30US,1981-05-15,16.64
MORTGAGE30US,1981-05-22,16.63
MORTGAGE30US,1981-05-29,16.8
MORTGAGE30US,1981-06-05,16.76
MORTGAGE30US,1981-06-12,16.69
MORTGAGE30US,1981-06-19,16.71
MORTGAGE30US,1981-06-26,16.62
MORTGAGE30US,1981-07-03,16.64
MORTGAGE30US,1981-07-10,16.79
MORTGAGE30US,1981-07-17,16.74
MORTGAGE30US,1981-07-24,16.88
MORTGAGE30US,1981-07-31,17.11
MORTGAGE30US,1981-08-07,17.13
MORTGAGE30US,1981-08-14,17.27
MORTGAGE30US,1981-08-21,17.26
MORTGAGE30US,1981-08-28,17.48
MORTGAGE30US,1981-09-04,17.79
MORTGAGE30US,1981-09-11,18.22
MORTGAGE30US,1981-09-18,18.27
MORTGAGE30US,1981-09-25,18.36
MORTGAGE30US,1981-10-02,18.28
MORTGAGE30US,1981-10-09,18.63
MORTGAGE30US,1981-10-16,18.53
MORTGAGE30US,1981-10-21,18.39
MORTGAGE30US,1981-10-30,18.44
MORTGAGE30US,1981-11-06,18.37
MORTGAGE30US,1981-11-13,18.02
MORTGAGE30US,1981-11-20,17.7
MORTGAGE30US,1981-11-27,17.21
MORTGAGE30US,1981-12-04,16.9
MORTGAGE30US,1981-12-11,16.94
MORTGAGE30US,1981-12-18,16.9
MORTGAGE30US,1981-12-25,16.95
MORTGAGE30US,1981-12-31,17.04
MORTGAGE30US,1982-01-08,17.3
MORTGAGE30US,1982-01-15,17.44
MORTGAGE30US,1982-01-22,17.61
MORTGAGE30US,1982-01-29,17.59
MORTGAGE30US,1982-02-05,17.56
MORTGAGE30US,1982-02-12,17.65
MORTGAGE30US,1982-02-19,17.66
MORTGAGE30US,1982-02-26,17.52
MORTGAGE30US,1982-03-05,17.29
MORTGAGE30US,1982-03-12,17.19
MORTGAGE30US,1982-03-19,17.12
MORTGAGE30US,1982-03-26,17.04
MORTGAGE30US,1982-04-02,16.95
MORTGAGE30US,1982-04-09,16.91
MORTGAGE30US,1982-04-16,16.93
MORTGAGE30US,1982-04-23,16.86
MORTGAGE30US,1982-04-30,16.81
MORTGAGE30US,1982-05-07,16.78
MORTGAGE30US,1982-05-14,16.63
MORTGAGE30US,1982-05-21,16.67
MORTGAGE30US,1982-05-28,16.63
MORTGAGE30US,1982-06-04,16.65
MORTGAGE30US,1982-06-11,16.7
MORTGAGE30US,1982-06-18,16.71
MORTGAGE30US,1982-06-25,16.73
MORTGAGE30US,1982-07-02,16.87
MORTGAGE30US,1982-07-09,16.93
MORTGAGE30US,1982-07-16,16.88
MORTGAGE30US,1982-07-23,16.75
MORTGAGE30US,1982-07-30,16.65
MORTGAGE30US,1982-08-06,16.55
MORTGAGE30US,1982-08-13,16.44
MORTGAGE30US,1982-08-20,16.21
MORTGAGE30US,1982-08-27,15.88
MORTGAGE30US,1982-09-03,15.59
MORTGAGE30US,1982-09-10,15.56
MORTGAGE30US,1982-09-17,15.38
MORTGAGE30US,1982-09-24,15.19
MORTGAGE30US,1982-10-01,15.13
MORTGAGE30US,1982-10-08,14.96
MORTGAGE30US,1982-10-15,14.6
MORTGAGE30US,1982-10-22,14.2
MORTGAGE30US,1982-10-29,14.15
MORTGAGE30US,1982-11-05,13.91
MORTGAGE30US,1982-11-12,13.84
MORTGAGE30US,1982-11-19,13.78
MORTGAGE30US,1982-11-26,13.77
MORTGAGE30US,1982-12-03,13.66
MORTGAGE30US,1982-12-10,13.66
MORTGAGE30US,1982-12-17,13.63
MORTGAGE30US,1982-12-24,13.6
MORTGAGE30US,1982-12-31,13.57
MORTGAGE30US,1983-01-07,13.46
MORTGAGE30US,1983-01-14,13.31
MORTGAGE30US,1983-01-21,13.12
MORTGAGE30US,1983-01-28,13.1
MORTGAGE30US,1983-02-04,13.06
MORTGAGE30US,1983-02-11,13.06
MORTGAGE30US,1983-02-18,13.07
MORTGAGE30US,1983-02-25,12.98
MORTGAGE30US,1983-03-04,12.74
MORTGAGE30US,1983-03-11,12.79
MORTGAGE30US,1983-03-18,12.81
MORTGAGE30US,1983-03-25,12.86
MORTGAGE30US,1983-04-01,12.82
MORTGAGE30US,1983-04-08,12.82
MORTGAGE30US,1983-04-15,12.79
MORTGAGE30US,1983-04-22,12.75
MORTGAGE30US,1983-04-29,12.73
MORTGAGE30US,1983-05-06,12.71
MORTGAGE30US,1983-05-13,12.59
MORTGAGE30US,1983-05-20,12.55
MORTGAGE30US,1983-05-27,12.68
MORTGAGE30US,1983-06-03,12.74
MORTGAGE30US,1983-06-10,12.82
MORTGAGE30US,1983-06-17,12.96
MORTGAGE30US,1983-06-24,12.96
MORTGAGE30US,1983-07-01,13.08
MORTGAGE30US,1983-07-08,13.3
MORTGAGE30US,1983-07-15,13.5
MORTGAGE30US,1983-07-22,13.58
MORTGAGE30US,1983-07-29,13.65
MORTGAGE30US,1983-08-05,13.73
MORTGAGE30US,1983-08-12,13.84
MORTGAGE30US,1983-08-19,13.89
MORTGAGE30US,1983-08-26,13.78
MORTGAGE30US,1983-09-02,13.77
MORTGAGE30US,1983-09-09,13.77
MORTGAGE30US,1983-09-16,13.72
MORTGAGE30US,1983-09-23,13.72
MORTGAGE30US,1983-09-30,13.65
MORTGAGE30US,1983-10-07,13.59
MORTGAGE30US,1983-10-14,13.6
MORTGAGE30US,1983-10-21,13.52
MORTGAGE30US,1983-10-28,13.43
MORTGAGE30US,1983-11-04,13.42
MORTGAGE30US,1983-11-11,13.47
MORTGAGE30US,1983-11-18,13.42
MORTGAGE30US,1983-11-25,13.43
MORTGAGE30US,1983-12-02,13.41
MORTGAGE30US,1983-12-09,13.38
MORTGAGE30US,1983-12-16,13.42
MORTGAGE30US,1983-12-23,13.46
MORTGAGE30US,1983-12-30,13.43
MORTGAGE30US,1984-01-06,13.43
MORTGAGE30US,1984-01-13,13.4
MORTGAGE30US,1984-01-20,13.35
MORTGAGE30US,1984-01-27,13.29
MORTGAGE30US,1984-02-03,13.26
MORTGAGE30US,1984-02-10,13.23
MORTGAGE30US,1984-02-17,13.19
MORTGAGE30US,1984-02-24,13.25
MORTGAGE30US,1984-03-02,13.23
MORTGAGE30US,1984-03-09,13.3
MORTGAGE30US,1984-03-16,13.37
MORTGAGE30US,1984-03-23,13.48
MORTGAGE30US,1984-03-30,13.55
MORTGAGE30US,1984-04-06,13.63
MORTGAGE30US,1984-04-13,13.58
MORTGAGE30US,1984-04-20,13.67
MORTGAGE30US,1984-04-27,13.73
MORTGAGE30US,1984-05-04,13.78
MORTGAGE30US,1984-05-11,13.87
MORTGAGE30US,1984-05-18,14.04
MORTGAGE30US,1984-05-25,14.08
MORTGAGE30US,1984-06-01,14.29
MORTGAGE30US,1984-06-08,14.33
MORTGAGE30US,1984-06-15,14.47
MORTGAGE30US,1984-06-22,14.49
MORTGAGE30US,1984-06-29,14.5
MORTGAGE30US,1984-07-06,14.66
MORTGAGE30US,1984-07-13,14.68
MORTGAGE30US,1984-07-20,14.66
MORTGAGE30US,1984-07-27,14.67
MORTGAGE30US,1984-08-03,14.68
MORTGAGE30US,1984-08-10,14.54
MORTGAGE30US,1984-08-17,14.39
MORTGAGE30US,1984-08-24,14.36
MORTGAGE30US,1984-08-31,14.38
MORTGAGE30US,1984-09-07,14.42
MORTGAGE30US,1984-09-14,14.43
MORTGAGE30US,1984-09-21,14.29
MORTGAGE30US,1984-09-28,14.26
MORTGAGE30US,1984-10-05,14.18
MORTGAGE30US,1984-10-12,14.19
MORTGAGE30US,1984-10-19,14.1
MORTGAGE30US,1984-10-26,14.05
MORTGAGE30US,1984-11-02,13.85
MORTGAGE30US,1984-11-09,13.74
MORTGAGE30US,1984-11-16,13.63
MORTGAGE30US,1984-11-23,13.55
MORTGAGE30US,1984-11-30,13.42
MORTGAGE30US,1984-12-07,13.2
MORTGAGE30US,1984-12-14,13.2
MORTGAGE30US,1984-12-21,13.18
MORTGAGE30US,1984-12-28,13.14
MORTGAGE30US,1985-01-04,13.1
MORTGAGE30US,1985-01-11,13.12
MORTGAGE30US,1985-01-18,13.12
MORTGAGE30US,1985-01-25,12.96
MORTGAGE30US,1985-02-01,12.93
MORTGAGE30US,1985-02-08,12.91
MORTGAGE30US,1985-02-15,12.9
MORTGAGE30US,1985-02-22,12.94
MORTGAGE30US,1985-03-01,13.02
MORTGAGE30US,1985-03-08,13.1
MORTGAGE30US,1985-03-15,13.2
MORTGAGE30US,1985-03-22,13.24
MORTGAGE30US,1985-03-29,13.29
MORTGAGE30US,1985-04-05,13.27
MORTGAGE30US,1985-04-12,13.23
MORTGAGE30US,1985-04-19,13.16
MORTGAGE30US,1985-04-26,13.12
MORTGAGE30US,1985-05-03,13.07
MORTGAGE30US,1985-05-10,13.02
MORTGAGE30US,1985-05-17,12.94
MORTGAGE30US,1985-05-24,12.83
MORTGAGE30US,1985-05-31,12.71
MORTGAGE30US,1985-06-07,12.39
MORTGAGE30US,1985-06-14,12.27
MORTGAGE30US,1985-06-21,12.05
MORTGAGE30US,1985-06-28,12.15
MORTGAGE30US,1985-07-05,12.13
MORTGAGE30US,1985-07-12,12.03
MORTGAGE30US,1985-07-19,11.94
MORTGAGE30US,1985-07-26,12.03
MORTGAGE30US,1985-08-02,12.17
MORTGAGE30US,1985-08-09,12.23
MORTGAGE30US,1985-08-16,12.24
MORTGAGE30US,1985-08-23,12.18
MORTGAGE30US,1985-08-30,12.11
MORTGAGE30US,1985-09-06,12.15
MORTGAGE30US,1985-09-13,12.24
MORTGAGE30US,1985-09-20,12.21
MORTGAGE30US,1985-09-27,12.17
MORTGAGE30US,1985-10-04,12.17
MORTGAGE30US,1985-10-11,12.17
MORTGAGE30US,1985-10-18,12.13
MORTGAGE30US,1985-10-25,12.07
MORTGAGE30US,1985-11-01,12.01
MORTGAGE30US,1985-11-08,11.9
MORTGAGE30US,1985-11-15,11.79
MORTGAGE30US,1985-11-22,11.64
MORTGAGE30US,1985-11-29,11.58
MORTGAGE30US,1985-12-06,11.5
MORTGAGE30US,1985-12-13,11.31
MORTGAGE30US,1985-12-20,11.14
MORTGAGE30US,1985-12-27,11.09
MORTGAGE30US,1986-01-03,10.81
MORTGAGE30US,1986-01-10,10.77
MORTGAGE30US,1986-01-17,10.99
MORTGAGE30US,1986-01-24,10.97
MORTGAGE30US,1986-01-31,10.89
MORTGAGE30US,1986-02-07,10.85
MORTGAGE30US,1986-02-14,10.8
MORTGAGE30US,1986-02-21,10.68
MORTGAGE30US,1986-02-28,10.51
MORTGAGE30US,1986-03-07,10.2
MORTGAGE30US,1986-03-14,10.01
MORTGAGE30US,1986-03-21,10.01
MORTGAGE30US,1986-03-28,10.1
MORTGAGE30US,1986-04-04,9.99
MORTGAGE30US,1986-04-11,9.98
MORTGAGE30US,1986-04-18,9.92
MORTGAGE30US,1986-04-25,9.86
MORTGAGE30US,1986-05-02,9.9
MORTGAGE30US,1986-05-09,10.0
MORTGAGE30US,1986-05-16,10.08
MORTGAGE30US,1986-05-23,10.36
MORTGAGE30US,1986-05-30,10.38
MORTGAGE30US,1986-06-06,10.74
MORTGAGE30US,1986-06-13,10.76
MORTGAGE30US,1986-06-20,10.61
MORTGAGE30US,1986-06-27,10.62
MORTGAGE30US,1986-07-04,10.61
MORTGAGE30US,1986-07-11,10.59
MORTGAGE30US,1986-07-18,10.43
MORTGAGE30US,1986-07-25,10.4
MORTGAGE30US,1986-08-01,10.4
MORTGAGE30US,1986-08-08,10.4
MORTGAGE30US,1986-08-15,10.23
MORTGAGE30US,1986-08-22,10.04
MORTGAGE30US,1986-08-29,9.93
MORTGAGE30US,1986-09-05,9.9
MORTGAGE30US,1986-09-12,9.96
MORTGAGE30US,1986-09-19,10.07
MORTGAGE30US,1986-09-26,10.1
MORTGAGE30US,1986-10-03,10.08
MORTGAGE30US,1986-10-10,9.99
MORTGAGE30US,1986-10-17,9.96
MORTGAGE30US,1986-10-24,9.95
MORTGAGE30US,1986-10-31,9.89
MORTGAGE30US,1986-11-07,9.83
MORTGAGE30US,1986-11-14,9.81
MORTGAGE30US,1986-11-21,9.64
MORTGAGE30US,1986-11-28,9.5
MORTGAGE30US,1986-12-05,9.3
MORTGAGE30US,1986-12-12,9.35
MORTGAGE30US,1986-12-19,9.3
MORTGAGE30US,1986-12-26,9.29
MORTGAGE30US,1987-01-02,9.37
MORTGAGE30US,1987-01-09,9.32
MORTGAGE30US,1987-01-16,9.21
MORTGAGE30US,1987-01-23,9.04
MORTGAGE30US,1987-01-30,9.08
MORTGAGE30US,1987-02-06,9.06
MORTGAGE30US,1987-02-13,9.09
MORTGAGE30US,1987-02-20,9.11
MORTGAGE30US,1987-02-27,9.07
MORTGAGE30US,1987-03-06,9.03
MORTGAGE30US,1987-03-13,9.05
MORTGAGE30US,1987-03-20,9.03
MORTGAGE30US,1987-03-27,9.03
MORTGAGE30US,1987-04-03,9.26
MORTGAGE30US,1987-04-10,9.43
MORTGAGE30US,1987-04-17,10.27
MORTGAGE30US,1987-04-24,10.37
MORTGAGE30US,1987-05-01,10.47
MORTGAGE30US,1987-05-08,10.52
MORTGAGE30US,1987-05-15,10.48
MORTGAGE30US,1987-05-22,10.81
MORTGAGE30US,1987-05-29,10.7
MORTGAGE30US,1987-06-05,10.7
MORTGAGE30US,1987-06-12,10.66
MORTGAGE30US,1987-06-19,10.44
MORTGAGE30US,1987-06-26,10.35
MORTGAGE30US,1987-07-03,10.36
MORTGAGE30US,1987-07-10,10.3
MORTGAGE30US,1987-07-17,10.23
MORTGAGE30US,1987-07-24,10.23
MORTGAGE30US,1987-07-31,10.27
MORTGAGE30US,1987-08-07,10.35
MORTGAGE30US,1987-08-14,10.34
MORTGAGE30US,1987-08-21,10.3
MORTGAGE30US,1987-08-28,10.33
MORTGAGE30US,1987-09-04,10.63
MORTGAGE30US,1987-09-11,10.91
MORTGAGE30US,1987-09-18,10.99
MORTGAGE30US,1987-09-25,11.02
MORTGAGE30US,1987-10-02,11.18
MORTGAGE30US,1987-10-09,11.21
MORTGAGE30US,1987-10-16,11.58
MORTGAGE30US,1987-10-23,11.36
MORTGAGE30US,1987-10-30,10.97
MORTGAGE30US,1987-11-06,10.79
MORTGAGE30US,1987-11-13,10.66
MORTGAGE30US,1987-11-20,10.6
MORTGAGE30US,1987-11-27,10.55
MORTGAGE30US,1987-12-04,10.6
MORTGAGE30US,1987-12-11,10.66
MORTGAGE30US,1987-12-18,10.69
MORTGAGE30US,1987-12-25,10.64
MORTGAGE30US,1987-12-31,10.61
MORTGAGE30US,1988-01-08,10.5
MORTGAGE30US,1988-01-15,10.53
MORTGAGE30US,1988-01-22,10.34
MORTGAGE30US,1988-01-29,10.16
MORTGAGE30US,1988-02-05,9.94
MORTGAGE30US,1988-02-12,9.84
MORTGAGE30US,1988-02-19,9.92
MORTGAGE30US,1988-02-26,9.87
MORTGAGE30US,1988-03-04,9.85
MORTGAGE30US,1988-03-11,9.96
MORTGAGE30US,1988-03-18,9.92
MORTGAGE30US,1988-03-25,9.99
MORTGAGE30US,1988-04-01,10.05
MORTGAGE30US,1988-04-08,10.19
MORTGAGE30US,1988-04-15,10.19
MORTGAGE30US,1988-04-22,10.3
MORTGAGE30US,1988-04-29,10.28
MORTGAGE30US,1988-05-06,10.32
MORTGAGE30US,1988-05-13,10.4
MORTGAGE30US,1988-05-20,10.52
MORTGAGE30US,1988-05-27,10.58
MORTGAGE30US,1988-06-03,10.58
MORTGAGE30US,1988-06-10,10.51
MORTGAGE30US,1988-06-17,10.35
MORTGAGE30US,1988-06-24,10.4
MORTGAGE30US,1988-07-01,10.39
MORTGAGE30US,1988-07-08,10.38
MORTGAGE30US,1988-07-15,10.44
MORTGAGE30US,1988-07-22,10.46
MORTGAGE30US,1988-07-29,10.49
MORTGAGE30US,1988-08-05,10.44
MORTGAGE30US,1988-08-12,10.57
MORTGAGE30US,1988-08-19,10.71
MORTGAGE30US,1988-08-26,10.67
MORTGAGE30US,1988-09-02,10.65
MORTGAGE30US,1988-09-09,10.53
MORTGAGE30US,1988-09-16,10.4
MORTGAGE30US,1988-09-23,10.4
MORTGAGE30US,1988-09-30,10.42
MORTGAGE30US,1988-10-07,10.38
MORTGAGE30US,1988-10-14,10.33
MORTGAGE30US,1988-10-21,10.28
MORTGAGE30US,1988-10-28,10.22
MORTGAGE30US,1988-11-04,10.12
MORTGAGE30US,1988-11-11,10.24
MORTGAGE30US,1988-11-18,10.31
MORTGAGE30US,1988-11-25,10.39
MORTGAGE30US,1988-12-02,10.44
MORTGAGE30US,1988-12-09,10.46
MORTGAGE30US,1988-12-16,10.71
MORTGAGE30US,1988-12-23,10.68
MORTGAGE30US,1988-12-30,10.77
MORTGAGE30US,1989-01-06,10.8
MORTGAGE30US,1989-01-13,10.81
MORTGAGE30US,1989-01-20,10.71
MORTGAGE30US,1989-01-27,10.6
MORTGAGE30US,1989-02-03,10.55
MORTGAGE30US,1989-02-10,10.56
MORTGAGE30US,1989-02-17,10.69
MORTGAGE30US,1989-02-24,10.78
MORTGAGE30US,1989-03-03,10.91
MORTGAGE30US,1989-03-10,10.86
MORTGAGE30US,1989-03-17,10.98
MORTGAGE30US,1989-03-24,11.22
MORTGAGE30US,1989-03-31,11.19
MORTGAGE30US,1989-04-07,11.07
MORTGAGE30US,1989-04-14,11.11
MORTGAGE30US,1989-04-21,10.99
MORTGAGE30US,1989-04-28,11.03
MORTGAGE30US,1989-05-05,10.97
MORTGAGE30US,1989-05-12,10.93
MORTGAGE30US,1989-05-19,10.69
MORTGAGE30US,1989-05-26,10.5
MORTGAGE30US,1989-06-02,10.48
MORTGAGE30US,1989-06-09,10.2
MORTGAGE30US,1989-06-16,10.04
MORTGAGE30US,1989-06-23,10.19
MORTGAGE30US,1989-06-30,10.07
MORTGAGE30US,1989-07-07,10.03
MORTGAGE30US,1989-07-14,9.82
MORTGAGE30US,1989-07-21,9.87
MORTGAGE30US,1989-07-28,9.81
MORTGAGE30US,1989-08-04,9.68
MORTGAGE30US,1989-08-11,9.96
MORTGAGE30US,1989-08-18,10.09
MORTGAGE30US,1989-08-25,10.21
MORTGAGE30US,1989-09-01,10.22
MORTGAGE30US,1989-09-08,10.17
MORTGAGE30US,1989-09-15,10.05
MORTGAGE30US,1989-09-22,10.03
MORTGAGE30US,1989-09-29,10.16
MORTGAGE30US,1989-10-06,10.1
MORTGAGE30US,1989-10-13,9.95
MORTGAGE30US,1989-10-20,9.92
MORTGAGE30US,1989-10-27,9.82
MORTGAGE30US,1989-11-03,9.82
MORTGAGE30US,1989-11-10,9.79
MORTGAGE30US,1989-11-17,9.72
MORTGAGE30US,1989-11-24,9.74
MORTGAGE30US,1989-12-01,9.74
MORTGAGE30US,1989-12-08,9.76
MORTGAGE30US,1989-12-15,9.75
MORTGAGE30US,1989-12-22,9.69
MORTGAGE30US,1989-12-29,9.78
MORTGAGE30US,1990-01-05,9.83
MORTGAGE30US,1990-01-12,9.8
MORTGAGE30US,1990-01-19,9.9
MORTGAGE30US,1990-01-26,10.05
MORTGAGE30US,1990-02-02,10.17
MORTGAGE30US,1990-02-09,10.21
MORTGAGE30US,1990-02-16,10.1
MORTGAGE30US,1990-02-23,10.31
MORTGAGE30US,1990-03-02,10.23
MORTGAGE30US,1990-03-09,10.29
MORTGAGE30US,1990-03-16,10.34
MORTGAGE30US,1990-03-23,10.26
MORTGAGE30US,1990-03-30,10.22
MORTGAGE30US,1990-04-06,10.26
MORTGAGE30US,1990-04-13,10.25
MORTGAGE30US,1990-04-20,10.41
MORTGAGE30US,1990-04-27,10.56
MORTGAGE30US,1990-05-04,10.67
MORTGAGE30US,1990-05-11,10.54
MORTGAGE30US,1990-05-18,10.37
MORTGAGE30US,1990-05-25,10.33
MORTGAGE30US,1990-06-01,10.29
MORTGAGE30US,1990-06-08,10.1
MORTGAGE30US,1990-06-15,10.12
MORTGAGE30US,1990-06-22,10.16
MORTGAGE30US,1990-06-29,10.15
MORTGAGE30US,1990-07-06,10.06
MORTGAGE30US,1990-07-13,10.11
MORTGAGE30US,1990-07-20,9.99
MORTGAGE30US,1990-07-27,9.98
MORTGAGE30US,1990-08-03,9.84
MORTGAGE30US,1990-08-10,10.08
MORTGAGE30US,1990-08-17,10.05
MORTGAGE30US,1990-08-24,10.29
MORTGAGE30US,1990-08-31,10.24
MORTGAGE30US,1990-09-07,10.19
MORTGAGE30US,1990-09-14,10.13
MORTGAGE30US,1990-09-21,10.16
MORTGAGE30US,1990-09-28,10.22
MORTGAGE30US,1990-10-05,10.08
MORTGAGE30US,1990-10-12,10.22
MORTGAGE30US,1990-10-19,10.24
MORTGAGE30US,1990-10-26,10.17
MORTGAGE30US,1990-11-02,10.13
MORTGAGE30US,1990-11-09,10.09
MORTGAGE30US,1990-11-16,10.02
MORTGAGE30US,1990-11-23,9.93
MORTGAGE30US,1990-11-30,9.9
MORTGAGE30US,1990-12-07,9.81
MORTGAGE30US,1990-12-14,9.56
MORTGAGE30US,1990-12-21,9.64
MORTGAGE30US,1990-12-28,9.68
MORTGAGE30US,1991-01-04,9.56
MORTGAGE30US,1991-01-11,9.63
MORTGAGE30US,1991-01-18,9.75
MORTGAGE30US,1991-01-25,9.61
MORTGAGE30US,1991-02-01,9.56
MORTGAGE30US,1991-02-08,9.36
MORTGAGE30US,1991-02-15,9.25
MORTGAGE30US,1991-02-22,9.29
MORTGAGE30US,1991-03-01,9.4
MORTGAGE30US,1991-03-08,9.49
MORTGAGE30US,1991-03-15,9.5
MORTGAGE30US,1991-03-22,9.59
MORTGAGE30US,1991-03-29,9.52
MORTGAGE30US,1991-04-05,9.49
MORTGAGE30US,1991-04-12,9.48
MORTGAGE30US,1991-04-19,9.47
MORTGAGE30US,1991-04-26,9.53
MORTGAGE30US,1991-05-03,9.47
MORTGAGE30US,1991-05-10,9.47
MORTGAGE30US,1991-05-17,9.5
MORTGAGE30US,1991-05-24,9.47
MORTGAGE30US,1991-05-31,9.45
MORTGAGE30US,1991-06-07,9.48
MORTGAGE30US,1991-06-14,9.66
MORTGAGE30US,1991-06-21,9.65
MORTGAGE30US,1991-06-28,9.67
MORTGAGE30US,1991-07-05,9.62
MORTGAGE30US,1991-07-12,9.64
MORTGAGE30US,1991-07-19,9.54
MORTGAGE30US,1991-07-26,9.5
MORTGAGE30US,1991-08-02,9.44
MORTGAGE30US,1991-08-09,9.27
MORTGAGE30US,1991-08-16,9.19
MORTGAGE30US,1991-08-23,9.17
MORTGAGE30US,1991-08-30,9.15
MORTGAGE30US,1991-09-06,9.14
MORTGAGE30US,1991-09-13,9.02
MORTGAGE30US,1991-09-20,8.95
MORTGAGE30US,1991-09-27,8.92
MORTGAGE30US,1991-10-04,8.87
MORTGAGE30US,1991-10-11,8.82
MORTGAGE30US,1991-10-18,8.82
MORTGAGE30US,1991-10-25,8.91
MORTGAGE30US,1991-11-01,8.78
MORTGAGE30US,1991-11-08,8.76
MORTGAGE30US,1991-11-15,8.69
MORTGAGE30US,1991-11-22,8.63
MORTGAGE30US,1991-11-29,8.7
MORTGAGE30US,1991-12-06,8.62
MORTGAGE30US,1991-12-13,8.53
MORTGAGE30US,1991-12-20,8.49
MORTGAGE30US,1991-12-27,8.35
MORTGAGE30US,1992-01-03,8.24
MORTGAGE30US,1992-01-10,8.23
MORTGAGE30US,1992-01-17,8.45
MORTGAGE30US,1992-01-24,8.56
MORTGAGE30US,1992-01-31,8.68
MORTGAGE30US,1992-02-07,8.67
MORTGAGE30US,1992-02-14,8.73
MORTGAGE30US,1992-02-21,8.82
MORTGAGE30US,1992-02-28,8.83
MORTGAGE30US,1992-03-06,8.85
MORTGAGE30US,1992-03-13,8.88
MORTGAGE30US,1992-03-20,9.03
MORTGAGE30US,1992-03-27,8.98
MORTGAGE30US,1992-04-03,8.96
MORTGAGE30US,1992-04-10,8.84
MORTGAGE30US,1992-04-17,8.76
MORTGAGE30US,1992-04-24,8.85
MORTGAGE30US,1992-05-01,8.84
MORTGAGE30US,1992-05-08,8.75
MORTGAGE30US,1992-05-15,8.64
MORTGAGE30US,1992-05-22,8.53
MORTGAGE30US,1992-05-29,8.6
MORTGAGE30US,1992-06-05,8.59
MORTGAGE30US,1992-06-12,8.54
MORTGAGE30US,1992-06-19,8.48
MORTGAGE30US,1992-06-26,8.43
MORTGAGE30US,1992-07-03,8.29
MORTGAGE30US,1992-07-10,8.13
MORTGAGE30US,1992-07-17,8.09
MORTGAGE30US,1992-07-24,8.08
MORTGAGE30US,1992-07-31,8.05
MORTGAGE30US,1992-08-07,8.06
MORTGAGE30US,1992-08-14,7.96
MORTGAGE30US,1992-08-21,7.87
MORTGAGE30US,1992-08-28,8.01
MORTGAGE30US,1992-09-04,7.94
MORTGAGE30US,1992-09-11,7.84
MORTGAGE30US,1992-09-18,7.89
MORTGAGE30US,1992-09-24,8.02
MORTGAGE30US,1992-10-02,7.93
MORTGAGE30US,1992-10-09,8.01
MORTGAGE30US,1992-10-16,8.06
MORTGAGE30US,1992-10-23,8.23
MORTGAGE30US,1992-10-30,8.21
MORTGAGE30US,1992-11-06,8.29
MORTGAGE30US,1992-11-13,8.32
MORTGAGE30US,1992-11-20,8.32
MORTGAGE30US,1992-11-27,8.29
MORTGAGE30US,1992-12-04,8.34
MORTGAGE30US,1992-12-11,8.23
MORTGAGE30US,1992-12-18,8.19
MORTGAGE30US,1992-12-25,8.13
MORTGAGE30US,1992-12-31,8.14
MORTGAGE30US,1993-01-08,8.07
MORTGAGE30US,1993-01-15,8.04
MORTGAGE30US,1993-01-22,8.0
MORTGAGE30US,1993-01-29,7.86
MORTGAGE30US,1993-02-05,7.8
MORTGAGE30US,1993-02-12,7.75
MORTGAGE30US,1993-02-19,7.65
MORTGAGE30US,1993-02-26,7.53
MORTGAGE30US,1993-03-05,7.44
MORTGAGE30US,1993-03-12,7.47
MORTGAGE30US,1993-03-19,7.57
MORTGAGE30US,1993-03-26,7.5
MORTGAGE30US,1993-04-02,7.53
MORTGAGE30US,1993-04-09,7.57
MORTGAGE30US,1993-04-16,7.45
MORTGAGE30US,1993-04-23,7.38
MORTGAGE30US,1993-04-30,7.43
MORTGAGE30US,1993-05-07,7.42
MORTGAGE30US,1993-05-14,7.42
MORTGAGE30US,1993-05-21,7.52
MORTGAGE30US,1993-05-28,7.5
MORTGAGE30US,1993-06-04,7.47
MORTGAGE30US,1993-06-11,7.48
MORTGAGE30US,1993-06-18,7.38
MORTGAGE30US,1993-06-25,7.34
MORTGAGE30US,1993-07-02,7.23
MORTGAGE30US,1993-07-09,7.19
MORTGAGE30US,1993-07-16,7.16
MORTGAGE30US,1993-07-23,7.2
MORTGAGE30US,1993-07-30,7.25
MORTGAGE30US,1993-08-06,7.21
MORTGAGE30US,1993-08-13,7.17
MORTGAGE30US,1993-08-20,7.1
MORTGAGE30US,1993-08-27,6.97
MORTGAGE30US,1993-09-03,6.93
MORTGAGE30US,1993-09-10,6.82
MORTGAGE30US,1993-09-17,6.96
MORTGAGE30US,1993-09-24,6.95
MORTGAGE30US,1993-10-01,6.89
MORTGAGE30US,1993-10-08,6.87
MORTGAGE30US,1993-10-15,6.81
MORTGAGE30US,1993-10-22,6.74
MORTGAGE30US,1993-10-29,6.86
MORTGAGE30US,1993-11-05,7.11
MORTGAGE30US,1993-11-12,7.12
MORTGAGE30US,1993-11-19,7.08
MORTGAGE30US,1993-11-26,7.31
MORTGAGE30US,1993-12-04,7.25
MORTGAGE30US,1993-12-10,7.14
MORTGAGE30US,1993-12-17,7.17
MORTGAGE30US,1993-12-24,7.17
MORTGAGE30US,1993-12-31,7.13
MORTGAGE30US,1994-01-07,7.23
MORTGAGE30US,1994-01-14,6.99
MORTGAGE30US,1994-01-21,7.05
MORTGAGE30US,1994-01-28,6.97
MORTGAGE30US,1994-02-04,6.97
MORTGAGE30US,1994-02-11,7.21
MORTGAGE30US,1994-02-18,7.11
MORTGAGE30US,1994-02-25,7.32
MORTGAGE30US,1994-03-04,7.51
MORTGAGE30US,1994-03-11,7.63
MORTGAGE30US,1994-03-18,7.76
MORTGAGE30US,1994-03-25,7.8
MORTGAGE30US,1994-04-01,8.04
MORTGAGE30US,1994-04-08,8.47
MORTGAGE30US,1994-04-15,8.26
MORTGAGE30US,1994-04-22,8.49
MORTGAGE30US,1994-04-29,8.32
MORTGAGE30US,1994-05-06,8.53
MORTGAGE30US,1994-05-13,8.77
MORTGAGE30US,1994-05-20,8.56
MORTGAGE30US,1994-05-27,8.53
MORTGAGE30US,1994-06-03,8.55
MORTGAGE30US,1994-06-10,8.25
MORTGAGE30US,1994-06-17,8.33
MORTGAGE30US,1994-06-24,8.46
MORTGAGE30US,1994-07-01,8.57
MORTGAGE30US,1994-07-08,8.68
MORTGAGE30US,1994-07-15,8.72
MORTGAGE30US,1994-07-22,8.53
MORTGAGE30US,1994-07-29,8.57
MORTGAGE30US,1994-08-05,8.38
MORTGAGE30US,1994-08-12,8.57
MORTGAGE30US,1994-08-19,8.54
MORTGAGE30US,1994-08-26,8.56
MORTGAGE30US,1994-09-02,8.48
MORTGAGE30US,1994-09-09,8.51
MORTGAGE30US,1994-09-16,8.66
MORTGAGE30US,1994-09-23,8.73
MORTGAGE30US,1994-09-30,8.82
MORTGAGE30US,1994-10-07,8.89
MORTGAGE30US,1994-10-14,8.93
MORTGAGE30US,1994-10-21,8.85
MORTGAGE30US,1994-10-28,9.03
MORTGAGE30US,1994-11-04,9.05
MORTGAGE30US,1994-11-11,9.19
MORTGAGE30US,1994-11-18,9.19
MORTGAGE30US,1994-11-25,9.25
MORTGAGE30US,1994-12-02,9.23
MORTGAGE30US,1994-12-09,9.15
MORTGAGE30US,1994-12-16,9.25
MORTGAGE30US,1994-12-23,9.18
MORTGAGE30US,1994-12-30,9.18
MORTGAGE30US,1995-01-06,9.22
MORTGAGE30US,1995-01-13,9.19
MORTGAGE30US,1995-01-20,9.05
MORTGAGE30US,1995-01-27,9.13
MORTGAGE30US,1995-02-03,8.94
MORTGAGE30US,1995-02-10,8.8
MORTGAGE30US,1995-02-17,8.84
MORTGAGE30US,1995-02-24,8.73
MORTGAGE30US,1995-03-03,8.53
MORTGAGE30US,1995-03-10,8.62
MORTGAGE30US,1995-03-17,8.38
MORTGAGE30US,1995-03-24,8.4
MORTGAGE30US,1995-03-31,8.38
MORTGAGE30US,1995-04-07,8.41
MORTGAGE30US,1995-04-14,8.37
MORTGAGE30US,1995-04-21,8.24
MORTGAGE30US,1995-04-28,8.26
MORTGAGE30US,1995-05-05,8.27
MORTGAGE30US,1995-05-12,7.87
MORTGAGE30US,1995-05-19,7.83
MORTGAGE30US,1995-05-26,7.85
MORTGAGE30US,1995-06-02,7.71
MORTGAGE30US,1995-06-09,7.51
MORTGAGE30US,1995-06-16,7.55
MORTGAGE30US,1995-06-23,7.53
MORTGAGE30US,1995-06-30,7.53
MORTGAGE30US,1995-07-07,7.63
MORTGAGE30US,1995-07-14,7.41
MORTGAGE30US,1995-07-21,7.6
MORTGAGE30US,1995-07-28,7.79
MORTGAGE30US,1995-08-04,7.82
MORTGAGE30US,1995-08-11,7.8
MORTGAGE30US,1995-08-18,7.94
MORTGAGE30US,1995-08-25,7.88
MORTGAGE30US,1995-09-01,7.76
MORTGAGE30US,1995-09-08,7.63
MORTGAGE30US,1995-09-15,7.6
MORTGAGE30US,1995-09-22,7.57
MORTGAGE30US,1995-09-29,7.62
MORTGAGE30US,1995-10-06,7.57
MORTGAGE30US,1995-10-13,7.5
MORTGAGE30US,1995-10-20,7.38
MORTGAGE30US,1995-10-27,7.45
MORTGAGE30US,1995-11-03,7.44
MORTGAGE30US,1995-11-09,7.37
MORTGAGE30US,1995-11-17,7.35
MORTGAGE30US,1995-11-24,7.35
MORTGAGE30US,1995-12-01,7.33
MORTGAGE30US,1995-12-08,7.18
MORTGAGE30US,1995-12-15,7.15
MORTGAGE30US,1995-12-22,7.23
MORTGAGE30US,1995-12-29,7.11
MORTGAGE30US,1996-01-05,7.02
MORTGAGE30US,1996-01-12,7.08
MORTGAGE30US,1996-01-19,7.02
MORTGAGE30US,1996-01-26,7.0
MORTGAGE30US,1996-02-02,7.02
MORTGAGE30US,1996-02-09,7.02
MORTGAGE30US,1996-02-16,6.94
MORTGAGE30US,1996-02-23,7.32
MORTGAGE30US,1996-03-01,7.41
MORTGAGE30US,1996-03-08,7.38
MORTGAGE30US,1996-03-15,7.83
MORTGAGE30US,1996-03-22,7.81
MORTGAGE30US,1996-03-29,7.69
MORTGAGE30US,1996-04-05,7.78
MORTGAGE30US,1996-04-12,8.05
MORTGAGE30US,1996-04-19,7.95
MORTGAGE30US,1996-04-26,7.92
MORTGAGE30US,1996-05-03,7.99
MORTGAGE30US,1996-05-10,8.24
MORTGAGE30US,1996-05-17,8.08
MORTGAGE30US,1996-05-24,8.01
MORTGAGE30US,1996-05-31,8.03
MORTGAGE30US,1996-06-07,8.3
MORTGAGE30US,1996-06-14,8.39
MORTGAGE30US,1996-06-21,8.3
MORTGAGE30US,1996-06-28,8.29
MORTGAGE30US,1996-07-05,8.14
MORTGAGE30US,1996-07-12,8.42
MORTGAGE30US,1996-07-19,8.23
MORTGAGE30US,1996-07-26,8.19
MORTGAGE30US,1996-08-02,8.23
MORTGAGE30US,1996-08-09,7.88
MORTGAGE30US,1996-08-16,7.88
MORTGAGE30US,1996-08-23,7.93
MORTGAGE30US,1996-08-30,8.09
MORTGAGE30US,1996-09-06,8.34
MORTGAGE30US,1996-09-13,8.28
MORTGAGE30US,1996-09-20,8.14
MORTGAGE30US,1996-09-27,8.16
MORTGAGE30US,1996-10-04,8.06
MORTGAGE30US,1996-10-11,7.86
MORTGAGE30US,1996-10-18,7.88
MORTGAGE30US,1996-10-25,7.86
MORTGAGE30US,1996-11-01,7.78
MORTGAGE30US,1996-11-08,7.67
MORTGAGE30US,1996-11-15,7.59
MORTGAGE30US,1996-11-22,7.53
MORTGAGE30US,1996-11-29,7.52
MORTGAGE30US,1996-12-06,7.44
MORTGAGE30US,1996-12-13,7.57
MORTGAGE30US,1996-12-20,7.74
MORTGAGE30US,1996-12-27,7.64
MORTGAGE30US,1997-01-03,7.67
MORTGAGE30US,1997-01-10,7.85
MORTGAGE30US,1997-01-17,7.87
MORTGAGE30US,1997-01-24,7.85
MORTGAGE30US,1997-01-31,7.88
MORTGAGE30US,1997-02-07,7.74
MORTGAGE30US,1997-02-14,7.65
MORTGAGE30US,1997-02-21,7.56
MORTGAGE30US,1997-02-28,7.65
MORTGAGE30US,1997-03-07,7.84
MORTGAGE30US,1997-03-14,7.84
MORTGAGE30US,1997-03-21,7.94
MORTGAGE30US,1997-03-28,7.97
MORTGAGE30US,1997-04-04,8.18
MORTGAGE30US,1997-04-11,8.15
MORTGAGE30US,1997-04-18,8.16
MORTGAGE30US,1997-04-25,8.08
MORTGAGE30US,1997-05-02,8.01
MORTGAGE30US,1997-05-09,7.94
MORTGAGE30US,1997-05-16,7.91
MORTGAGE30US,1997-05-23,7.92
MORTGAGE30US,1997-05-30,7.94
MORTGAGE30US,1997-06-06,7.85
MORTGAGE30US,1997-06-13,7.72
MORTGAGE30US,1997-06-20,7.61
MORTGAGE30US,1997-06-27,7.58
MORTGAGE30US,1997-07-04,7.62
MORTGAGE30US,1997-07-11,7.47
MORTGAGE30US,1997-07-18,7.47
MORTGAGE30US,1997-07-25,7.43
MORTGAGE30US,1997-08-01,7.36
MORTGAGE30US,1997-08-08,7.46
MORTGAGE30US,1997-08-15,7.54
MORTGAGE30US,1997-08-22,7.46
MORTGAGE30US,1997-08-29,7.58
MORTGAGE30US,1997-09-05,7.53
MORTGAGE30US,1997-09-12,7.53
MORTGAGE30US,1997-09-19,7.38
MORTGAGE30US,1997-09-26,7.28
MORTGAGE30US,1997-10-03,7.31
MORTGAGE30US,1997-10-10,7.26
MORTGAGE30US,1997-10-17,7.34
MORTGAGE30US,1997-10-24,7.35
MORTGAGE30US,1997-10-31,7.21
MORTGAGE30US,1997-11-07,7.24
MORTGAGE30US,1997-11-14,7.23
MORTGAGE30US,1997-11-21,7.18
MORTGAGE30US,1997-11-28,7.17
MORTGAGE30US,1997-12-05,7.15
MORTGAGE30US,1997-12-12,7.17
MORTGAGE30US,1997-12-19,7.07
MORTGAGE30US,1997-12-26,6.99
MORTGAGE30US,1998-01-02,7.03
MORTGAGE30US,1998-01-09,6.94
MORTGAGE30US,1998-01-16,6.89
MORTGAGE30US,1998-01-23,6.99
MORTGAGE30US,1998-01-30,7.12
MORTGAGE30US,1998-02-06,7.03
MORTGAGE30US,1998-02-13,7.06
MORTGAGE30US,1998-02-20,6.99
MORTGAGE30US,1998-02-28,7.09
MORTGAGE30US,1998-03-06,7.19
MORTGAGE30US,1998-03-13,7.16
MORTGAGE30US,1998-03-20,7.08
MORTGAGE30US,1998-03-27,7.08
MORTGAGE30US,1998-04-03,7.15
MORTGAGE30US,1998-04-10,7.09
MORTGAGE30US,1998-04-17,7.17
MORTGAGE30US,1998-04-24,7.15
MORTGAGE30US,1998-05-01,7.22
MORTGAGE30US,1998-05-08,7.14
MORTGAGE30US,1998-05-15,7.19
MORTGAGE30US,1998-05-22,7.1
MORTGAGE30US,1998-05-29,7.07
MORTGAGE30US,1998-06-05,7.05
MORTGAGE30US,1998-06-12,7.04
MORTGAGE30US,1998-06-19,6.94
MORTGAGE30US,1998-06-26,6.96
MORTGAGE30US,1998-07-03,6.98
MORTGAGE30US,1998-07-10,6.91
MORTGAGE30US,1998-07-17,6.94
MORTGAGE30US,1998-07-24,6.96
MORTGAGE30US,1998-07-31,6.97
MORTGAGE30US,1998-08-07,6.94
MORTGAGE30US,1998-08-14,6.91
MORTGAGE30US,1998-08-21,6.92
MORTGAGE30US,1998-08-28,6.92
MORTGAGE30US,1998-09-04,6.82
MORTGAGE30US,1998-09-11,6.77
MORTGAGE30US,1998-09-18,6.66
MORTGAGE30US,1998-09-25,6.64
MORTGAGE30US,1998-10-02,6.6
MORTGAGE30US,1998-10-09,6.49
MORTGAGE30US,1998-10-16,6.9
MORTGAGE30US,1998-10-23,6.73
MORTGAGE30US,1998-10-30,6.83
MORTGAGE30US,1998-11-06,6.89
MORTGAGE30US,1998-11-13,6.93
MORTGAGE30US,1998-11-20,6.86
MORTGAGE30US,1998-11-27,6.78
MORTGAGE30US,1998-12-04,6.71
MORTGAGE30US,1998-12-11,6.69
MORTGAGE30US,1998-12-18,6.69
MORTGAGE30US,1998-12-25,6.77
MORTGAGE30US,1998-12-31,6.83
MORTGAGE30US,1999-01-08,6.79
MORTGAGE30US,1999-01-15,6.83
MORTGAGE30US,1999-01-22,6.78
MORTGAGE30US,1999-01-29,6.74
MORTGAGE30US,1999-02-05,6.75
MORTGAGE30US,1999-02-12,6.77
MORTGAGE30US,1999-02-19,6.82
MORTGAGE30US,1999-02-26,6.89
MORTGAGE30US,1999-03-05,7.06
MORTGAGE30US,1999-03-12,7.11
MORTGAGE30US,1999-03-19,7.01
MORTGAGE30US,1999-03-26,6.98
MORTGAGE30US,1999-04-02,6.98
MORTGAGE30US,1999-04-09,6.92
MORTGAGE30US,1999-04-16,6.87
MORTGAGE30US,1999-04-23,6.88
MORTGAGE30US,1999-04-30,6.93
MORTGAGE30US,1999-05-07,7.02
MORTGAGE30US,1999-05-14,7.1
MORTGAGE30US,1999-05-21,7.23
MORTGAGE30US,1999-05-28,7.23
MORTGAGE30US,1999-06-04,7.41
MORTGAGE30US,1999-06-11,7.51
MORTGAGE30US,1999-06-18,7.65
MORTGAGE30US,1999-06-25,7.63
MORTGAGE30US,1999-07-02,7.71
MORTGAGE30US,1999-07-09,7.65
MORTGAGE30US,1999-07-16,7.58
MORTGAGE30US,1999-07-23,7.52
MORTGAGE30US,1999-07-30,7.7
MORTGAGE30US,1999-08-06,7.89
MORTGAGE30US,1999-08-13,8.15
MORTGAGE30US,1999-08-20,7.93
MORTGAGE30US,1999-08-27,7.8
MORTGAGE30US,1999-09-03,7.83
MORTGAGE30US,1999-09-10,7.88
MORTGAGE30US,1999-09-17,7.82
MORTGAGE30US,1999-09-24,7.76
MORTGAGE30US,1999-10-01,7.7
MORTGAGE30US,1999-10-08,7.82
MORTGAGE30US,1999-10-15,7.85
MORTGAGE30US,1999-10-22,7.93
MORTGAGE30US,1999-10-29,7.96
MORTGAGE30US,1999-11-05,7.84
MORTGAGE30US,1999-11-12,7.67
MORTGAGE30US,1999-11-19,7.69
MORTGAGE30US,1999-11-26,7.75
MORTGAGE30US,1999-12-03,7.84
MORTGAGE30US,1999-12-10,7.84
MORTGAGE30US,1999-12-17,7.86
MORTGAGE30US,1999-12-24,7.96
MORTGAGE30US,1999-12-31,8.06
MORTGAGE30US,2000-01-07,8.15
MORTGAGE30US,2000-01-14,8.18
MORTGAGE30US,2000-01-21,8.26
MORTGAGE30US,2000-01-28,8.25
MORTGAGE30US,2000-02-04,8.25
MORTGAGE30US,2000-02-11,8.36
MORTGAGE30US,2000-02-18,8.38
MORTGAGE30US,2000-02-25,8.31
MORTGAGE30US,2000-03-03,8.27
MORTGAGE30US,2000-03-10,8.23
MORTGAGE30US,2000-03-17,8.24
MORTGAGE30US,2000-03-24,8.23
MORTGAGE30US,2000-03-31,8.23
MORTGAGE30US,2000-04-07,8.2
MORTGAGE30US,2000-04-14,8.12
MORTGAGE30US,2000-04-21,8.16
MORTGAGE30US,2000-04-28,8.13
MORTGAGE30US,2000-05-05,8.28
MORTGAGE30US,2000-05-12,8.52
MORTGAGE30US,2000-05-19,8.64
MORTGAGE30US,2000-05-26,8.62
MORTGAGE30US,2000-06-02,8.54
MORTGAGE30US,2000-06-09,8.32
MORTGAGE30US,2000-06-16,8.22
MORTGAGE30US,2000-06-23,8.14
MORTGAGE30US,2000-06-30,8.22
MORTGAGE30US,2000-07-07,8.16
MORTGAGE30US,2000-07-14,8.09
MORTGAGE30US,2000-07-21,8.21
MORTGAGE30US,2000-07-28,8.13
MORTGAGE30US,2000-08-04,8.12
MORTGAGE30US,2000-08-11,8.04
MORTGAGE30US,2000-08-18,7.96
MORTGAGE30US,2000-08-25,7.99
MORTGAGE30US,2000-09-01,7.96
MORTGAGE30US,2000-09-08,7.94
MORTGAGE30US,2000-09-15,7.88
MORTGAGE30US,2000-09-22,7.9
MORTGAGE30US,2000-09-29,7.88
MORTGAGE30US,2000-10-06,7.83
MORTGAGE30US,2000-10-13,7.84
MORTGAGE30US,2000-10-20,7.83
MORTGAGE30US,2000-10-27,7.68
MORTGAGE30US,2000-11-03,7.73
MORTGAGE30US,2000-11-10,7.79
MORTGAGE30US,2000-11-17,7.73
MORTGAGE30US,2000-11-24,7.73
MORTGAGE30US,2000-12-01,7.65
MORTGAGE30US,2000-12-08,7.54
MORTGAGE30US,2000-12-15,7.42
MORTGAGE30US,2000-12-22,7.17
MORTGAGE30US,2000-12-29,7.13
MORTGAGE30US,2001-01-05,7.07
MORTGAGE30US,2001-01-12,6.89
MORTGAGE30US,2001-01-19,7.02
MORTGAGE30US,2001-01-26,7.15
MORTGAGE30US,2001-02-02,7.09
MORTGAGE30US,2001-02-09,6.98
MORTGAGE30US,2001-02-16,7.01
MORTGAGE30US,2001-02-23,7.12
MORTGAGE30US,2001-03-02,7.03
MORTGAGE30US,2001-03-09,6.97
MORTGAGE30US,2001-03-16,6.96
MORTGAGE30US,2001-03-23,6.89
MORTGAGE30US,2001-03-30,6.91
MORTGAGE30US,2001-04-06,7.01
MORTGAGE30US,2001-04-13,7.04
MORTGAGE30US,2001-04-20,7.14
MORTGAGE30US,2001-04-27,7.12
MORTGAGE30US,2001-05-04,7.14
MORTGAGE30US,2001-05-11,7.1
MORTGAGE30US,2001-05-18,7.14
MORTGAGE30US,2001-05-25,7.2
MORTGAGE30US,2001-06-01,7.24
MORTGAGE30US,2001-06-08,7.2
MORTGAGE30US,2001-06-15,7.14
MORTGAGE30US,2001-06-22,7.11
MORTGAGE30US,2001-06-29,7.11
MORTGAGE30US,2001-07-06,7.19
MORTGAGE30US,2001-07-13,7.21
MORTGAGE30US,2001-07-20,7.08
MORTGAGE30US,2001-07-27,7.03
MORTGAGE30US,2001-08-03,7.0
MORTGAGE30US,2001-08-10,7.0
MORTGAGE30US,2001-08-17,6.92
MORTGAGE30US,2001-08-24,6.91
MORTGAGE30US,2001-08-31,6.92
MORTGAGE30US,2001-09-07,6.89
MORTGAGE30US,2001-09-14,6.86
MORTGAGE30US,2001-09-21,6.8
MORTGAGE30US,2001-09-28,6.72
MORTGAGE30US,2001-10-05,6.64
MORTGAGE30US,2001-10-12,6.58
MORTGAGE30US,2001-10-19,6.61
MORTGAGE30US,2001-10-26,6.64
MORTGAGE30US,2001-11-02,6.56
MORTGAGE30US,2001-11-09,6.45
MORTGAGE30US,2001-11-16,6.51
MORTGAGE30US,2001-11-23,6.75
MORTGAGE30US,2001-11-30,7.02
MORTGAGE30US,2001-12-07,6.84
MORTGAGE30US,2001-12-14,7.09
MORTGAGE30US,2001-12-21,7.17
MORTGAGE30US,2001-12-28,7.16
MORTGAGE30US,2002-01-04,7.14
MORTGAGE30US,2002-01-11,7.06
MORTGAGE30US,2002-01-18,6.83
MORTGAGE30US,2002-01-25,6.96
MORTGAGE30US,2002-02-01,7.02
MORTGAGE30US,2002-02-08,6.88
MORTGAGE30US,2002-02-15,6.86
MORTGAGE30US,2002-02-22,6.81
MORTGAGE30US,2002-03-01,6.8
MORTGAGE30US,2002-03-08,6.87
MORTGAGE30US,2002-03-15,7.08
MORTGAGE30US,2002-03-22,7.14
MORTGAGE30US,2002-03-29,7.18
MORTGAGE30US,2002-04-05,7.13
MORTGAGE30US,2002-04-12,6.99
MORTGAGE30US,2002-04-19,6.94
MORTGAGE30US,2002-04-26,6.88
MORTGAGE30US,2002-05-03,6.78
MORTGAGE30US,2002-05-10,6.79
MORTGAGE30US,2002-05-17,6.89
MORTGAGE30US,2002-05-24,6.81
MORTGAGE30US,2002-05-31,6.76
MORTGAGE30US,2002-06-07,6.71
MORTGAGE30US,2002-06-14,6.71
MORTGAGE30US,2002-06-21,6.63
MORTGAGE30US,2002-06-28,6.55
MORTGAGE30US,2002-07-05,6.57
MORTGAGE30US,2002-07-12,6.54
MORTGAGE30US,2002-07-19,6.49
MORTGAGE30US,2002-07-26,6.34
MORTGAGE30US,2002-08-02,6.43
MORTGAGE30US,2002-08-09,6.31
MORTGAGE30US,2002-08-16,6.22
MORTGAGE30US,2002-08-23,6.27
MORTGAGE30US,2002-08-30,6.22
MORTGAGE30US,2002-09-06,6.15
MORTGAGE30US,2002-09-13,6.18
MORTGAGE30US,2002-09-20,6.05
MORTGAGE30US,2002-09-27,5.99
MORTGAGE30US,2002-10-04,6.01
MORTGAGE30US,2002-10-11,5.98
MORTGAGE30US,2002-10-18,6.15
MORTGAGE30US,2002-10-25,6.31
MORTGAGE30US,2002-11-01,6.13
MORTGAGE30US,2002-11-08,6.11
MORTGAGE30US,2002-11-15,5.94
MORTGAGE30US,2002-11-22,6.03
MORTGAGE30US,2002-11-29,6.13
MORTGAGE30US,2002-12-06,6.19
MORTGAGE30US,2002-12-13,6.04
MORTGAGE30US,2002-12-20,6.03
MORTGAGE30US,2002-12-27,5.93
MORTGAGE30US,2003-01-03,5.85
MORTGAGE30US,2003-01-10,5.95
MORTGAGE30US,2003-01-17,5.97
MORTGAGE30US,2003-01-24,5.91
MORTGAGE30US,2003-01-31,5.9
MORTGAGE30US,2003-02-07,5.88
MORTGAGE30US,2003-02-14,5.86
MORTGAGE30US,2003-02-21,5.84
MORTGAGE30US,2003-02-28,5.79
MORTGAGE30US,2003-03-07,5.67
MORTGAGE30US,2003-03-14,5.61
MORTGAGE30US,2003-03-21,5.79
MORTGAGE30US,2003-03-28,5.91
MORTGAGE30US,2003-04-04,5.79
MORTGAGE30US,2003-04-11,5.85
MORTGAGE30US,2003-04-18,5.82
MORTGAGE30US,2003-04-25,5.79
MORTGAGE30US,2003-05-02,5.7
MORTGAGE30US,2003-05-09,5.62
MORTGAGE30US,2003-05-16,5.45
MORTGAGE30US,2003-05-23,5.34
MORTGAGE30US,2003-05-30,5.31
MORTGAGE30US,2003-06-06,5.26
MORTGAGE30US,2003-06-13,5.21
MORTGAGE30US,2003-06-20,5.21
MORTGAGE30US,2003-06-27,5.24
MORTGAGE30US,2003-07-04,5.4
MORTGAGE30US,2003-07-11,5.52
MORTGAGE30US,2003-07-18,5.67
MORTGAGE30US,2003-07-25,5.94
MORTGAGE30US,2003-08-01,6.14
MORTGAGE30US,2003-08-08,6.34
MORTGAGE30US,2003-08-15,6.24
MORTGAGE30US,2003-08-22,6.28
MORTGAGE30US,2003-08-29,6.32
MORTGAGE30US,2003-09-05,6.44
MORTGAGE30US,2003-09-12,6.16
MORTGAGE30US,2003-09-19,6.01
MORTGAGE30US,2003-09-26,5.98
MORTGAGE30US,2003-10-03,5.77
MORTGAGE30US,2003-10-10,5.95
MORTGAGE30US,2003-10-17,6.05
MORTGAGE30US,2003-10-24,6.05
MORTGAGE30US,2003-10-31,5.94
MORTGAGE30US,2003-11-07,5.98
MORTGAGE30US,2003-11-14,6.03
MORTGAGE30US,2003-11-21,5.83
MORTGAGE30US,2003-11-28,5.89
MORTGAGE30US,2003-12-05,6.02
MORTGAGE30US,2003-12-12,5.88
MORTGAGE30US,2003-12-19,5.82
MORTGAGE30US,2003-12-26,5.81
MORTGAGE30US,2003-12-31,5.85
MORTGAGE30US,2004-01-08,5.87
MORTGAGE30US,2004-01-15,5.66
MORTGAGE30US,2004-01-22,5.64
MORTGAGE30US,2004-01-29,5.68
MORTGAGE30US,2004-02-05,5.72
MORTGAGE30US,2004-02-12,5.66
MORTGAGE30US,2004-02-19,5.58
MORTGAGE30US,2004-02-26,5.58
MORTGAGE30US,2004-03-04,5.59
MORTGAGE30US,2004-03-11,5.41
MORTGAGE30US,2004-03-18,5.38
MORTGAGE30US,2004-03-25,5.4
MORTGAGE30US,2004-04-01,5.52
MORTGAGE30US,2004-04-08,5.79
MORTGAGE30US,2004-04-15,5.89
MORTGAGE30US,2004-04-22,5.94
MORTGAGE30US,2004-04-29,6.01
MORTGAGE30US,2004-05-06,6.12
MORTGAGE30US,2004-05-13,6.34
MORTGAGE30US,2004-05-20,6.3
MORTGAGE30US,2004-05-27,6.32
MORTGAGE30US,2004-06-03,6.28
MORTGAGE30US,2004-06-10,6.3
MORTGAGE30US,2004-06-17,6.32
MORTGAGE30US,2004-06-24,6.25
MORTGAGE30US,2004-07-01,6.21
MORTGAGE30US,2004-07-08,6.01
MORTGAGE30US,2004-07-15,6.0
MORTGAGE30US,2004-07-22,5.98
MORTGAGE30US,2004-07-29,6.08
MORTGAGE30US,2004-08-05,5.99
MORTGAGE30US,2004-08-12,5.85
MORTGAGE30US,2004-08-19,5.81
MORTGAGE30US,2004-08-26,5.82
MORTGAGE30US,2004-09-02,5.77
MORTGAGE30US,2004-09-09,5.83
MORTGAGE30US,2004-09-16,5.75
MORTGAGE30US,2004-09-23,5.7
MORTGAGE30US,2004-09-30,5.72
MORTGAGE30US,2004-10-07,5.82
MORTGAGE30US,2004-10-14,5.74
MORTGAGE30US,2004-10-21,5.69
MORTGAGE30US,2004-10-28,5.64
MORTGAGE30US,2004-11-04,5.7
MORTGAGE30US,2004-11-11,5.76
MORTGAGE30US,2004-11-18,5.74
MORTGAGE30US,2004-11-24,5.72
MORTGAGE30US,2004-12-02,5.81
MORTGAGE30US,2004-12-09,5.71
MORTGAGE30US,2004-12-16,5.68
MORTGAGE30US,2004-12-22,5.75
MORTGAGE30US,2004-12-29,5.81
MORTGAGE30US,2005-01-06,5.77
MORTGAGE30US,2005-01-13,5.74
MORTGAGE30US,2005-01-20,5.67
MORTGAGE30US,2005-01-27,5.66
MORTGAGE30US,2005-02-03,5.63
MORTGAGE30US,2005-02-10,5.57
MORTGAGE30US,2005-02-17,5.62
MORTGAGE30US,2005-02-24,5.69
MORTGAGE30US,2005-03-03,5.79
MORTGAGE30US,2005-03-10,5.85
MORTGAGE30US,2005-03-17,5.95
MORTGAGE30US,2005-03-24,6.01
MORTGAGE30US,2005-03-31,6.04
MORTGAGE30US,2005-04-07,5.93
MORTGAGE30US,2005-04-14,5.91
MORTGAGE30US,2005-04-21,5.8
MORTGAGE30US,2005-04-28,5.78
MORTGAGE30US,2005-05-05,5.75
MORTGAGE30US,2005-05-12,5.77
MORTGAGE30US,2005-05-19,5.71
MORTGAGE30US,2005-05-26,5.65
MORTGAGE30US,2005-06-02,5.62
MORTGAGE30US,2005-06-09,5.56
MORTGAGE30US,2005-06-16,5.63
MORTGAGE30US,2005-06-23,5.57
MORTGAGE30US,2005-06-30,5.53
MORTGAGE30US,2005-07-07,5.62
MORTGAGE30US,2005-07-14,5.66
MORTGAGE30US,2005-07-21,5.73
MORTGAGE30US,2005-07-28,5.77
MORTGAGE30US,2005-08-04,5.82
MORTGAGE30US,2005-08-11,5.89
MORTGAGE30US,2005-08-18,5.8
MORTGAGE30US,2005-08-25,5.77
MORTGAGE30US,2005-09-01,5.71
MORTGAGE30US,2005-09-08,5.71
MORTGAGE30US,2005-09-15,5.74
MORTGAGE30US,2005-09-22,5.8
MORTGAGE30US,2005-09-29,5.91
MORTGAGE30US,2005-10-06,5.98
MORTGAGE30US,2005-10-13,6.03
MORTGAGE30US,2005-10-20,6.1
MORTGAGE30US,2005-10-27,6.15
MORTGAGE30US,2005-11-03,6.31
MORTGAGE30US,2005-11-10,6.36
MORTGAGE30US,2005-11-17,6.37
MORTGAGE30US,2005-11-23,6.28
MORTGAGE30US,2005-12-01,6.26
MORTGAGE30US,2005-12-08,6.32
MORTGAGE30US,2005-12-15,6.3
MORTGAGE30US,2005-12-22,6.26
MORTGAGE30US,2005-12-29,6.22
MORTGAGE30US,2006-01-05,6.21
MORTGAGE30US,2006-01-12,6.15
MORTGAGE30US,2006-01-19,6.1
MORTGAGE30US,2006-01-26,6.12
MORTGAGE30US,2006-02-02,6.23
MORTGAGE30US,2006-02-09,6.24
MORTGAGE30US,2006-02-16,6.28
MORTGAGE30US,2006-02-23,6.26
MORTGAGE30US,2006-03-02,6.24
MORTGAGE30US,2006-03-09,6.37
MORTGAGE30US,2006-03-16,6.34
MORTGAGE30US,2006-03-23,6.32
MORTGAGE30US,2006-03-30,6.35
MORTGAGE30US,2006-04-06,6.43
MORTGAGE30US,2006-04-13,6.49
MORTGAGE30US,2006-04-20,6.53
MORTGAGE30US,2006-04-27,6.58
MORTGAGE30US,2006-05-04,6.59
MORTGAGE30US,2006-05-11,6.58
MORTGAGE30US,2006-05-18,6.6
MORTGAGE30US,2006-05-25,6.62
MORTGAGE30US,2006-06-01,6.67
MORTGAGE30US,2006-06-08,6.62
MORTGAGE30US,2006-06-15,6.63
MORTGAGE30US,2006-06-22,6.71
MORTGAGE30US,2006-06-29,6.78
MORTGAGE30US,2006-07-06,6.79
MORTGAGE30US,2006-07-13,6.74
MORTGAGE30US,2006-07-20,6.8
MORTGAGE30US,2006-07-27,6.72
MORTGAGE30US,2006-08-03,6.63
MORTGAGE30US,2006-08-10,6.55
MORTGAGE30US,2006-08-17,6.52
MORTGAGE30US,2006-08-24,6.48
MORTGAGE30US,2006-08-31,6.44
MORTGAGE30US,2006-09-07,6.47
MORTGAGE30US,2006-09-14,6.43
MORTGAGE30US,2006-09-21,6.4
MORTGAGE30US,2006-09-28,6.31
MORTGAGE30US,2006-10-05,6.3
MORTGAGE30US,2006-10-12,6.37
MORTGAGE30US,2006-10-19,6.36
MORTGAGE30US,2006-10-26,6.4
MORTGAGE30US,2006-11-02,6.31
MORTGAGE30US,2006-11-09,6.33
MORTGAGE30US,2006-11-16,6.24
MORTGAGE30US,2006-11-22,6.18
MORTGAGE30US,2006-11-30,6.14
MORTGAGE30US,2006-12-07,6.11
MORTGAGE30US,2006-12-14,6.12
MORTGAGE30US,2006-12-21,6.13
MORTGAGE30US,2006-12-28,6.18
MORTGAGE30US,2007-01-04,6.18
MORTGAGE30US,2007-01-11,6.21
MORTGAGE30US,2007-01-18,6.23
MORTGAGE30US,2007-01-25,6.25
MORTGAGE30US,2007-02-01,6.34
MORTGAGE30US,2007-02-08,6.28
MORTGAGE30US,2007-02-15,6.3
MORTGAGE30US,2007-02-22,6.22
MORTGAGE30US,2007-03-01,6.18
MORTGAGE30US,2007-03-08,6.14
MORTGAGE30US,2007-03-15,6.14
MORTGAGE30US,2007-03-22,6.16
MORTGAGE30US,2007-03-29,6.16
MORTGAGE30US,2007-04-05,6.17
MORTGAGE30US,2007-04-12,6.22
MORTGAGE30US,2007-04-19,6.17
MORTGAGE30US,2007-04-26,6.16
MORTGAGE30US,2007-05-03,6.16
MORTGAGE30US,2007-05-10,6.15
MORTGAGE30US,2007-05-17,6.21
MORTGAGE30US,2007-05-24,6.37
MORTGAGE30US,2007-05-31,6.42
MORTGAGE30US,2007-06-07,6.53
MORTGAGE30US,2007-06-14,6.74
MORTGAGE30US,2007-06-21,6.69
MORTGAGE30US,2007-06-28,6.67
MORTGAGE30US,2007-07-05,6.63
MORTGAGE30US,2007-07-12,6.73
MORTGAGE30US,2007-07-19,6.73
MORTGAGE30US,2007-07-26,6.69
MORTGAGE30US,2007-08-02,6.68
MORTGAGE30US,2007-08-09,6.59
MORTGAGE30US,2007-08-16,6.62
MORTGAGE30US,2007-08-23,6.52
MORTGAGE30US,2007-08-30,6.45
MORTGAGE30US,2007-09-06,6.46
MORTGAGE30US,2007-09-13,6.31
MORTGAGE30US,2007-09-20,6.34
MORTGAGE30US,2007-09-27,6.42
MORTGAGE30US,2007-10-04,6.37
MORTGAGE30US,2007-10-11,6.4
MORTGAGE30US,2007-10-18,6.4
MORTGAGE30US,2007-10-25,6.33
MORTGAGE30US,2007-11-01,6.26
MORTGAGE30US,2007-11-08,6.24
MORTGAGE30US,2007-11-15,6.24
MORTGAGE30US,2007-11-21,6.2
MORTGAGE30US,2007-11-29,6.1
MORTGAGE30US,2007-12-06,5.96
MORTGAGE30US,2007-12-13,6.11
MORTGAGE30US,2007-12-20,6.14
MORTGAGE30US,2007-12-27,6.17
MORTGAGE30US,2008-01-03,6.07
MORTGAGE30US,2008-01-10,5.87
MORTGAGE30US,2008-01-17,5.69
MORTGAGE30US,2008-01-24,5.48
MORTGAGE30US,2008-01-31,5.68
MORTGAGE30US,2008-02-07,5.67
MORTGAGE30US,2008-02-14,5.72
MORTGAGE30US,2008-02-21,6.04
MORTGAGE30US,2008-02-28,6.24
MORTGAGE30US,2008-03-06,6.03
MORTGAGE30US,2008-03-13,6.13
MORTGAGE30US,2008-03-20,5.87
MORTGAGE30US,2008-03-27,5.85
MORTGAGE30US,2008-04-03,5.88
MORTGAGE30US,2008-04-10,5.88
MORTGAGE30US,2008-04-17,5.88
MORTGAGE30US,2008-04-24,6.03
MORTGAGE30US,2008-05-01,6.06
MORTGAGE30US,2008-05-08,6.05
MORTGAGE30US,2008-05-15,6.01
MORTGAGE30US,2008-05-22,5.98
MORTGAGE30US,2008-05-29,6.08
MORTGAGE30US,2008-06-05,6.09
MORTGAGE30US,2008-06-12,6.32
MORTGAGE30US,2008-06-19,6.42
MORTGAGE30US,2008-06-26,6.45
MORTGAGE30US,2008-07-03,6.35
MORTGAGE30US,2008-07-10,6.37
MORTGAGE30US,2008-07-17,6.26
MORTGAGE30US,2008-07-24,6.63
MORTGAGE30US,2008-07-31,6.52
MORTGAGE30US,2008-08-07,6.52
MORTGAGE30US,2008-08-14,6.52
MORTGAGE30US,2008-08-21,6.47
MORTGAGE30US,2008-08-28,6.4
MORTGAGE30US,2008-09-04,6.35
MORTGAGE30US,2008-09-11,5.93
MORTGAGE30US,2008-09-18,5.78
MORTGAGE30US,2008-09-25,6.09
MORTGAGE30US,2008-10-02,6.1
MORTGAGE30US,2008-10-09,5.94
MORTGAGE30US,2008-10-16,6.46
MORTGAGE30US,2008-10-23,6.04
MORTGAGE30US,2008-10-30,6.46
MORTGAGE30US,2008-11-06,6.2
MORTGAGE30US,2008-11-13,6.14
MORTGAGE30US,2008-11-20,6.04
MORTGAGE30US,2008-11-26,5.97
MORTGAGE30US,2008-12-04,5.53
MORTGAGE30US,2008-12-11,5.47
MORTGAGE30US,2008-12-18,5.19
MORTGAGE30US,2008-12-24,5.14
MORTGAGE30US,2008-12-31,5.1
MORTGAGE30US,2009-01-08,5.01
MORTGAGE30US,2009-01-15,4.96
MORTGAGE30US,2009-01-22,5.12
MORTGAGE30US,2009-01-29,5.1
MORTGAGE30US,2009-02-05,5.25
MORTGAGE30US,2009-02-12,5.16
MORTGAGE30US,2009-02-19,5.04
MORTGAGE30US,2009-02-26,5.07
MORTGAGE30US,2009-03-05,5.15
MORTGAGE30US,2009-03-12,5.03
MORTGAGE30US,2009-03-19,4.98
MORTGAGE30US,2009-03-26,4.85
MORTGAGE30US,2009-04-02,4.78
MORTGAGE30US,2009-04-09,4.87
MORTGAGE30US,2009-04-16,4.82
MORTGAGE30US,2009-04-23,4.8
MORTGAGE30US,2009-04-30,4.78
MORTGAGE30US,2009-05-07,4.84
MORTGAGE30US,2009-05-14,4.86
MORTGAGE30US,2009-05-21,4.82
MORTGAGE30US,2009-05-28,4.91
MORTGAGE30US,2009-06-04,5.29
MORTGAGE30US,2009-06-11,5.59
MORTGAGE30US,2009-06-18,5.38
MORTGAGE30US,2009-06-25,5.42
MORTGAGE30US,2009-07-02,5.32
MORTGAGE30US,2009-07-09,5.2
MORTGAGE30US,2009-07-16,5.14
MORTGAGE30US,2009-07-23,5.2
MORTGAGE30US,2009-07-30,5.25
MORTGAGE30US,2009-08-06,5.22
MORTGAGE30US,2009-08-13,5.29
MORTGAGE30US,2009-08-20,5.12
MORTGAGE30US,2009-08-27,5.14
MORTGAGE30US,2009-09-03,5.08
MORTGAGE30US,2009-09-10,5.07
MORTGAGE30US,2009-09-17,5.04
MORTGAGE30US,2009-09-24,5.04
MORTGAGE30US,2009-10-01,4.94
MORTGAGE30US,2009-10-08,4.87
MORTGAGE30US,2009-10-15,4.92
MORTGAGE30US,2009-10-22,5.0
MORTGAGE30US,2009-10-29,5.03
MORTGAGE30US,2009-11-05,4.98
MORTGAGE30US,2009-11-12,4.91
MORTGAGE30US,2009-11-19,4.83
MORTGAGE30US,2009-11-25,4.78
MORTGAGE30US,2009-12-03,4.71
MORTGAGE30US,2009-12-10,4.81
MORTGAGE30US,2009-12-17,4.94
MORTGAGE30US,2009-12-24,5.05
MORTGAGE30US,2009-12-31,5.14
MORTGAGE30US,2010-01-07,5.09
MORTGAGE30US,2010-01-14,5.06
MORTGAGE30US,2010-01-21,4.99
MORTGAGE30US,2010-01-28,4.98
MORTGAGE30US,2010-02-04,5.01
MORTGAGE30US,2010-02-11,4.97
MORTGAGE30US,2010-02-18,4.93
MORTGAGE30US,2010-02-25,5.05
MORTGAGE30US,2010-03-04,4.97
MORTGAGE30US,2010-03-11,4.95
MORTGAGE30US,2010-03-18,4.96
MORTGAGE30US,2010-03-25,4.99
MORTGAGE30US,2010-04-01,5.08
MORTGAGE30US,2010-04-08,5.21
MORTGAGE30US,2010-04-15,5.07
MORTGAGE30US,2010-04-22,5.07
MORTGAGE30US,2010-04-29,5.06
MORTGAGE30US,2010-05-06,5.0
MORTGAGE30US,2010-05-13,4.93
MORTGAGE30US,2010-05-20,4.84
MORTGAGE30US,2010-05-27,4.78
MORTGAGE30US,2010-06-03,4.79
MORTGAGE30US,2010-06-10,4.72
MORTGAGE30US,2010-06-17,4.75
MORTGAGE30US,2010-06-24,4.69
MORTGAGE30US,2010-07-01,4.58
MORTGAGE30US,2010-07-08,4.57
MORTGAGE30US,2010-07-15,4.57
MORTGAGE30US,2010-07-22,4.56
MORTGAGE30US,2010-07-29,4.54
MORTGAGE30US,2010-08-05,4.49
MORTGAGE30US,2010-08-12,4.44
MORTGAGE30US,2010-08-19,4.42
MORTGAGE30US,2010-08-26,4.36
MORTGAGE30US,2010-09-02,4.32
MORTGAGE30US,2010-09-09,4.35
MORTGAGE30US,2010-09-16,4.37
MORTGAGE30US,2010-09-23,4.37
MORTGAGE30US,2010-09-30,4.32
MORTGAGE30US,2010-10-07,4.27
MORTGAGE30US,2010-10-14,4.19
MORTGAGE30US,2010-10-21,4.21
MORTGAGE30US,2010-10-28,4.23
MORTGAGE30US,2010-11-04,4.24
MORTGAGE30US,2010-11-11,4.17
MORTGAGE30US,2010-11-18,4.39
MORTGAGE30US,2010-11-24,4.4
MORTGAGE30US,2010-12-02,4.46
MORTGAGE30US,2010-12-09,4.61
MORTGAGE30US,2010-12-16,4.83
MORTGAGE30US,2010-12-23,4.81
MORTGAGE30US,2010-12-30,4.86
MORTGAGE30US,2011-01-06,4.77
MORTGAGE30US,2011-01-13,4.71
MORTGAGE30US,2011-01-20,4.74
MORTGAGE30US,2011-01-27,4.8
MORTGAGE30US,2011-02-03,4.81
MORTGAGE30US,2011-02-10,5.05
MORTGAGE30US,2011-02-17,5.0
MORTGAGE30US,2011-02-24,4.95
MORTGAGE30US,2011-03-03,4.87
MORTGAGE30US,2011-03-10,4.88
MORTGAGE30US,2011-03-17,4.76
MORTGAGE30US,2011-03-24,4.81
MORTGAGE30US,2011-03-31,4.86
MORTGAGE30US,2011-04-07,4.87
MORTGAGE30US,2011-04-14,4.91
MORTGAGE30US,2011-04-21,4.8
MORTGAGE30US,2011-04-28,4.78
MORTGAGE30US,2011-05-05,4.71
MORTGAGE30US,2011-05-12,4.63
MORTGAGE30US,2011-05-19,4.61
MORTGAGE30US,2011-05-26,4.6
MORTGAGE30US,2011-06-02,4.55
MORTGAGE30US,2011-06-09,4.49
MORTGAGE30US,2011-06-16,4.5
MORTGAGE30US,2011-06-23,4.5
MORTGAGE30US,2011-06-30,4.51
MORTGAGE30US,2011-07-07,4.6
MORTGAGE30US,2011-07-14,4.51
MORTGAGE30US,2011-07-21,4.52
MORTGAGE30US,2011-07-28,4.55
MORTGAGE30US,2011-08-04,4.39
MORTGAGE30US,2011-08-11,4.32
MORTGAGE30US,2011-08-18,4.15
MORTGAGE30US,2011-08-25,4.22
MORTGAGE30US,2011-09-01,4.22
MORTGAGE30US,2011-09-08,4.12
MORTGAGE30US,2011-09-15,4.09
MORTGAGE30US,2011-09-22,4.09
MORTGAGE30US,2011-09-29,4.01
MORTGAGE30US,2011-10-06,3.94
MORTGAGE30US,2011-10-13,4.12
MORTGAGE30US,2011-10-20,4.11
MORTGAGE30US,2011-10-27,4.1
MORTGAGE30US,2011-11-03,4.0
MORTGAGE30US,2011-11-10,3.99
MORTGAGE30US,2011-11-17,4.0
MORTGAGE30US,2011-11-23,3.98
MORTGAGE30US,2011-12-01,4.0
MORTGAGE30US,2011-12-08,3.99
MORTGAGE30US,2011-12-15,3.94
MORTGAGE30US,2011-12-22,3.91
MORTGAGE30US,2011-12-29,3.95
MORTGAGE30US,2012-01-05,3.91
MORTGAGE30US,2012-01-12,3.89
MORTGAGE30US,2012-01-19,3.88
MORTGAGE30US,2012-01-26,3.98
MORTGAGE30US,2012-02-02,3.87
MORTGAGE30US,2012-02-09,3.87
MORTGAGE30US,2012-02-16,3.87
MORTGAGE30US,2012-02-23,3.95
MORTGAGE30US,2012-03-01,3.9
MORTGAGE30US,2012-03-08,3.88
MORTGAGE30US,2012-03-15,3.92
MORTGAGE30US,2012-03-22,4.08
MORTGAGE30US,2012-03-29,3.99
MORTGAGE30US,2012-04-05,3.98
MORTGAGE30US,2012-04-12,3.88
MORTGAGE30US,2012-04-19,3.9
MORTGAGE30US,2012-04-26,3.88
MORTGAGE30US,2012-05-03,3.84
MORTGAGE30US,2012-05-10,3.83
MORTGAGE30US,2012-05-17,3.79
MORTGAGE30US,2012-05-24,3.78
MORTGAGE30US,2012-05-31,3.75
MORTGAGE30US,2012-06-07,3.67
MORTGAGE30US,2012-06-14,3.71
MORTGAGE30US,2012-06-21,3.66
MORTGAGE30US,2012-06-28,3.66
MORTGAGE30US,2012-07-05,3.62
MORTGAGE30US,2012-07-12,3.56
MORTGAGE30US,2012-07-19,3.53
MORTGAGE30US,2012-07-26,3.49
MORTGAGE30US,2012-08-02,3.55
MORTGAGE30US,2012-08-09,3.59
MORTGAGE30US,2012-08-16,3.62
MORTGAGE30US,2012-08-23,3.66
MORTGAGE30US,2012-08-30,3.59
MORTGAGE30US,2012-09-06,3.55
MORTGAGE30US,2012-09-13,3.55
MORTGAGE30US,2012-09-20,3.49
MORTGAGE30US,2012-09-27,3.4
MORTGAGE30US,2012-10-04,3.36
MORTGAGE30US,2012-10-11,3.39
MORTGAGE30US,2012-10-18,3.37
MORTGAGE30US,2012-10-25,3.41
MORTGAGE30US,2012-11-01,3.39
MORTGAGE30US,2012-11-08,3.4
MORTGAGE30US,2012-11-15,3.34
MORTGAGE30US,2012-11-21,3.31
MORTGAGE30US,2012-11-29,3.32
MORTGAGE30US,2012-12-06,3.34
MORTGAGE30US,2012-12-13,3.32
MORTGAGE30US,2012-12-20,3.37
MORTGAGE30US,2012-12-27,3.35
MORTGAGE30US,2013-01-03,3.34
MORTGAGE30US,2013-01-10,3.4
MORTGAGE30US,2013-01-17,3.38
MORTGAGE30US,2013-01-24,3.42
MORTGAGE30US,2013-01-31,3.53
MORTGAGE30US,2013-02-07,3.53
MORTGAGE30US,2013-02-14,3.53
MORTGAGE30US,2013-02-21,3.56
MORTGAGE30US,2013-02-28,3.51
MORTGAGE30US,2013-03-07,3.52
MORTGAGE30US,2013-03-14,3.63
MORTGAGE30US,2013-03-21,3.54
MORTGAGE30US,2013-03-28,3.57
MORTGAGE30US,2013-04-04,3.54
MORTGAGE30US,2013-04-11,3.43
MORTGAGE30US,2013-04-18,3.41
MORTGAGE30US,2013-04-25,3.4
MORTGAGE30US,2013-05-02,3.35
MORTGAGE30US,2013-05-09,3.42
MORTGAGE30US,2013-05-16,3.51
MORTGAGE30US,2013-05-23,3.59
MORTGAGE30US,2013-05-30,3.81
MORTGAGE30US,2013-06-06,3.91
MORTGAGE30US,2013-06-13,3.98
MORTGAGE30US,2013-06-20,3.93
MORTGAGE30US,2013-06-27,4.46
MORTGAGE30US,2013-07-03,4.29
MORTGAGE30US,2013-07-11,4.51
MORTGAGE30US,2013-07-18,4.37
MORTGAGE30US,2013-07-25,4.31
MORTGAGE30US,2013-08-01,4.39
MORTGAGE30US,2013-08-08,4.4
MORTGAGE30US,2013-08-15,4.4
MORTGAGE30US,2013-08-22,4.58
MORTGAGE30US,2013-08-29,4.51
MORTGAGE30US,2013-09-05,4.57
MORTGAGE30US,2013-09-12,4.57
MORTGAGE30US,2013-09-19,4.5
MORTGAGE30US,2013-09-26,4.32
MORTGAGE30US,2013-10-03,4.22
MORTGAGE30US,2013-10-10,4.23
MORTGAGE30US,2013-10-17,4.28
MORTGAGE30US,2013-10-24,4.13
MORTGAGE30US,2013-10-31,4.1
MORTGAGE30US,2013-11-07,4.16
MORTGAGE30US,2013-11-14,4.35
MORTGAGE30US,2013-11-21,4.22
MORTGAGE30US,2013-11-27,4.29
MORTGAGE30US,2013-12-05,4.46
MORTGAGE30US,2013-12-12,4.42
MORTGAGE30US,2013-12-19,4.47
MORTGAGE30US,2013-12-26,4.48
MORTGAGE30US,2014-01-02,4.53
MORTGAGE30US,2014-01-09,4.51
MORTGAGE30US,2014-01-16,4.41
MORTGAGE30US,2014-01-23,4.39
MORTGAGE30US,2014-01-30,4.32
MORTGAGE30US,2014-02-06,4.23
MORTGAGE30US,2014-02-13,4.28
MORTGAGE30US,2014-02-20,4.33
MORTGAGE30US,2014-02-27,4.37
MORTGAGE30US,2014-03-06,4.28
MORTGAGE30US,2014-03-13,4.37
MORTGAGE30US,2014-03-20,4.32
MORTGAGE30US,2014-03-27,4.4
MORTGAGE30US,2014-04-03,4.41
MORTGAGE30US,2014-04-10,4.34
MORTGAGE30US,2014-04-17,4.27
MORTGAGE30US,2014-04-24,4.33
MORTGAGE30US,2014-05-01,4.29
MORTGAGE30US,2014-05-08,4.21
MORTGAGE30US,2014-05-15,4.2
MORTGAGE30US,2014-05-22,4.14
MORTGAGE30US,2014-05-29,4.12
MORTGAGE30US,2014-06-05,4.14
MORTGAGE30US,2014-06-12,4.2
MORTGAGE30US,2014-06-19,4.17
MORTGAGE30US,2014-06-26,4.14
MORTGAGE30US,2014-07-03,4.12
MORTGAGE30US,2014-07-10,4.15
MORTGAGE30US,2014-07-17,4.13
MORTGAGE30US,2014-07-24,4.13
MORTGAGE30US,2014-07-31,4.12
MORTGAGE30US,2014-08-07,4.14
MORTGAGE30US,2014-08-14,4.12
MORTGAGE30US,2014-08-21,4.1
MORTGAGE30US,2014-08-28,4.1
MORTGAGE30US,2014-09-04,4.1
MORTGAGE30US,2014-09-11,4.12
MORTGAGE30US,2014-09-18,4.23
MORTGAGE30US,2014-09-25,4.2
MORTGAGE30US,2014-10-02,4.19
MORTGAGE30US,2014-10-09,4.12
MORTGAGE30US,2014-10-16,3.97
MORTGAGE30US,2014-10-23,3.92
MORTGAGE30US,2014-10-30,3.98
MORTGAGE30US,2014-11-06,4.02
MORTGAGE30US,2014-11-13,4.01
MORTGAGE30US,2014-11-20,3.99
MORTGAGE30US,2014-11-26,3.97
MORTGAGE30US,2014-12-04,3.89
MORTGAGE30US,2014-12-11,3.93
MORTGAGE30US,2014-12-18,3.8
MORTGAGE30US,2014-12-24,3.83
MORTGAGE30US,2014-12-31,3.87
MORTGAGE30US,2015-01-08,3.73
MORTGAGE30US,2015-01-15,3.66
MORTGAGE30US,2015-01-22,3.63
MORTGAGE30US,2015-01-29,3.66
MORTGAGE30US,2015-02-05,3.59
MORTGAGE30US,2015-02-12,3.69
MORTGAGE30US,2015-02-19,3.76
MORTGAGE30US,2015-02-26,3.8
MORTGAGE30US,2015-03-05,3.75
MORTGAGE30US,2015-03-12,3.86
MORTGAGE30US,2015-03-19,3.78
MORTGAGE30US,2015-03-26,3.69
MORTGAGE30US,2015-04-02,3.7
MORTGAGE30US,2015-04-09,3.66
MORTGAGE30US,2015-04-16,3.67
MORTGAGE30US,2015-04-23,3.65
MORTGAGE30US,2015-04-30,3.68
MORTGAGE30US,2015-05-07,3.8
MORTGAGE30US,2015-05-14,3.85
MORTGAGE30US,2015-05-21,3.84
MORTGAGE30US,2015-05-28,3.87
MORTGAGE30US,2015-06-04,3.87
MORTGAGE30US,2015-06-11,4.04
MORTGAGE30US,2015-06-18,4.0
MORTGAGE30US,2015-06-25,4.02
MORTGAGE30US,2015-07-02,4.08
MORTGAGE30US,2015-07-09,4.04
MORTGAGE30US,2015-07-16,4.09
MORTGAGE30US,2015-07-23,4.04
MORTGAGE30US,2015-07-30,3.98
MORTGAGE30US,2015-08-06,3.91
MORTGAGE30US,2015-08-13,3.94
MORTGAGE30US,2015-08-20,3.93
MORTGAGE30US,2015-08-27,3.84
MORTGAGE30US,2015-09-03,3.89
MORTGAGE30US,2015-09-10,3.9
MORTGAGE30US,2015-09-17,3.91
MORTGAGE30US,2015-09-24,3.86
MORTGAGE30US,2015-10-01,3.85
MORTGAGE30US,2015-10-08,3.76
MORTGAGE30US,2015-10-15,3.82
MORTGAGE30US,2015-10-22,3.79
MORTGAGE30US,2015-10-29,3.76
MORTGAGE30US,2015-11-05,3.87
MORTGAGE30US,2015-11-12,3.98
MORTGAGE30US,2015-11-19,3.97
MORTGAGE30US,2015-11-25,3.95
MORTGAGE30US,2015-12-03,3.93
MORTGAGE30US,2015-12-10,3.95
MORTGAGE30US,2015-12-17,3.97
MORTGAGE30US,2015-12-24,3.96
MORTGAGE30US,2015-12-31,4.01
MORTGAGE30US,2016-01-07,3.97
MORTGAGE30US,2016-01-14,3.92
MORTGAGE30US,2016-01-21,3.81
MORTGAGE30US,2016-01-28,3.79
MORTGAGE30US,2016-02-04,3.72
MORTGAGE30US,2016-02-11,3.65
MORTGAGE30US,2016-02-18,3.65
MORTGAGE30US,2016-02-25,3.62
MORTGAGE30US,2016-03-03,3.64
MORTGAGE30US,2016-03-10,3.68
MORTGAGE30US,2016-03-17,3.73
MORTGAGE30US,2016-03-24,3.71
MORTGAGE30US,2016-03-31,3.71
MORTGAGE30US,2016-04-07,3.59
MORTGAGE30US,2016-04-14,3.58
MORTGAGE30US,2016-04-21,3.59
MORTGAGE30US,2016-04-28,3.66
MORTGAGE30US,2016-05-05,3.61
MORTGAGE30US,2016-05-12,3.57
MORTGAGE30US,2016-05-19,3.58
MORTGAGE30US,2016-05-26,3.64
MORTGAGE30US,2016-06-02,3.66
MORTGAGE30US,2016-06-09,3.6
MORTGAGE30US,2016-06-16,3.54
MORTGAGE30US,2016-06-23,3.56
MORTGAGE30US,2016-06-30,3.48
MORTGAGE30US,2016-07-07,3.41
MORTGAGE30US,2016-07-14,3.42
MORTGAGE30US,2016-07-21,3.45
MORTGAGE30US,2016-07-28,3.48
MORTGAGE30US,2016-08-04,3.43
MORTGAGE30US,2016-08-11,3.45
MORTGAGE30US,2016-08-18,3.43
MORTGAGE30US,2016-08-25,3.43
MORTGAGE30US,2016-09-01,3.46
MORTGAGE30US,2016-09-08,3.44
MORTGAGE30US,2016-09-15,3.5
MORTGAGE30US,2016-09-22,3.48
MORTGAGE30US,2016-09-29,3.42
MORTGAGE30US,2016-10-06,3.42
MORTGAGE30US,2016-10-13,3.47
MORTGAGE30US,2016-10-20,3.52
MORTGAGE30US,2016-10-27,3.47
MORTGAGE30US,2016-11-03,3.54
MORTGAGE30US,2016-11-10,3.57
MORTGAGE30US,2016-11-17,3.94
MORTGAGE30US,2016-11-23,4.03
MORTGAGE30US,2016-12-01,4.08
MORTGAGE30US,2016-12-08,4.13
MORTGAGE30US,2016-12-15,4.16
MORTGAGE30US,2016-12-22,4.3
MORTGAGE30US,2016-12-29,4.32
MORTGAGE30US,2017-01-05,4.2
MORTGAGE30US,2017-01-12,4.12
MORTGAGE30US,2017-01-19,4.09
MORTGAGE30US,2017-01-26,4.19
MORTGAGE30US,2017-02-02,4.19
MORTGAGE30US,2017-02-09,4.17
MORTGAGE30US,2017-02-16,4.15
MORTGAGE30US,2017-02-23,4.16
MORTGAGE30US,2017-03-02,4.1
MORTGAGE30US,2017-03-09,4.21
MORTGAGE30US,2017-03-16,4.3
MORTGAGE30US,2017-03-23,4.23
MORTGAGE30US,2017-03-30,4.14
MORTGAGE30US,2017-04-06,4.1
MORTGAGE30US,2017-04-13,4.08
MORTGAGE30US,2017-04-20,3.97
MORTGAGE30US,2017-04-27,4.03
MORTGAGE30US,2017-05-04,4.02
MORTGAGE30US,2017-05-11,4.05
MORTGAGE30US,2017-05-18,4.02
MORTGAGE30US,2017-05-25,3.95
MORTGAGE30US,2017-06-01,3.94
MORTGAGE30US,2017-06-08,3.89
MORTGAGE30US,2017-06-15,3.91
MORTGAGE30US,2017-06-22,3.9
MORTGAGE30US,2017-06-29,3.88
MORTGAGE30US,2017-07-06,3.96
MORTGAGE30US,2017-07-13,4.03
MORTGAGE30US,2017-07-20,3.96
MORTGAGE30US,2017-07-27,3.92
MORTGAGE30US,2017-08-03,3.93
MORTGAGE30US,2017-08-10,3.9
MORTGAGE30US,2017-08-17,3.89
MORTGAGE30US,2017-08-24,3.86
MORTGAGE30US,2017-08-31,3.82
MORTGAGE30US,2017-09-07,3.78
MORTGAGE30US,2017-09-14,3.78
MORTGAGE30US,2017-09-21,3.83
MORTGAGE30US,2017-09-28,3.83
MORTGAGE30US,2017-10-05,3.85
MORTGAGE30US,2017-10-12,3.91
MORTGAGE30US,2017-10-19,3.88
MORTGAGE30US,2017-10-26,3.94
MORTGAGE30US,2017-11-02,3.94
MORTGAGE30US,2017-11-09,3.9
MORTGAGE30US,2017-11-16,3.95
MORTGAGE30US,2017-11-22,3.92
MORTGAGE30US,2017-11-30,3.9
MORTGAGE30US,2017-12-07,3.94
MORTGAGE30US,2017-12-14,3.93
MORTGAGE30US,2017-12-21,3.94
MORTGAGE30US,2017-12-28,3.99
MORTGAGE30US,2018-01-04,3.95
MORTGAGE30US,2018-01-11,3.99
MORTGAGE30US,2018-01-18,4.04
MORTGAGE30US,2018-01-25,4.15
MORTGAGE30US,2018-02-01,4.22
MORTGAGE30US,2018-02-08,4.32
MORTGAGE30US,2018-02-15,4.38
MORTGAGE30US,2018-02-22,4.4
MORTGAGE30US,2018-03-01,4.43
MORTGAGE30US,2018-03-08,4.46
MORTGAGE30US,2018-03-15,4.44
MORTGAGE30US,2018-03-22,4.45
MORTGAGE30US,2018-03-29,4.44
MORTGAGE30US,2018-04-05,4.4
MORTGAGE30US,2018-04-12,4.42
MORTGAGE30US,2018-04-19,4.47
MORTGAGE30US,2018-04-26,4.58
MORTGAGE30US,2018-05-03,4.55
MORTGAGE30US,2018-05-10,4.55
MORTGAGE30US,2018-05-17,4.61
MORTGAGE30US,2018-05-24,4.66
MORTGAGE30US,2018-05-31,4.56
MORTGAGE30US,2018-06-07,4.54
MORTGAGE30US,2018-06-14,4.62
MORTGAGE30US,2018-06-21,4.57
MORTGAGE30US,2018-06-28,4.55
MORTGAGE30US,2018-07-05,4.52
MORTGAGE30US,2018-07-12,4.53
MORTGAGE30US,2018-07-19,4.52
MORTGAGE30US,2018-07-26,4.54
MORTGAGE30US,2018-08-02,4.6
MORTGAGE30US,2018-08-09,4.59
MORTGAGE30US,2018-08-16,4.53
MORTGAGE30US,2018-08-23,4.51
MORTGAGE30US,2018-08-30,4.52
MORTGAGE30US,2018-09-06,4.54
MORTGAGE30US,2018-09-13,4.6
MORTGAGE30US,2018-09-20,4.65
MORTGAGE30US,2018-09-27,4.72
MORTGAGE30US,2018-10-04,4.71
MORTGAGE30US,2018-10-11,4.9
MORTGAGE30US,2018-10-18,4.85
MORTGAGE30US,2018-10-25,4.86
MORTGAGE30US,2018-11-01,4.83
MORTGAGE30US,2018-11-08,4.94
MORTGAGE30US,2018-11-15,4.94
MORTGAGE30US,2018-11-21,4.81
MORTGAGE30US,2018-11-29,4.81
MORTGAGE30US,2018-12-06,4.75
MORTGAGE30US,2018-12-13,4.63
MORTGAGE30US,2018-12-20,4.62
MORTGAGE30US,2018-12-27,4.55
MORTGAGE30US,2019-01-03,4.51
MORTGAGE30US,2019-01-10,4.45
MORTGAGE30US,2019-01-17,4.45
MORTGAGE30US,2019-01-24,4.45
MORTGAGE30US,2019-01-31,4.46
MORTGAGE30US,2019-02-07,4.41
MORTGAGE30US,2019-02-14,4.37
MORTGAGE30US,2019-02-21,4.35
MORTGAGE30US,2019-02-28,4.35
MORTGAGE30US,2019-03-07,4.41
MORTGAGE30US,2019-03-14,4.31
MORTGAGE30US,2019-03-21,4.28
MORTGAGE30US,2019-03-28,4.06
MORTGAGE30US,2019-04-04,4.08
MORTGAGE30US,2019-04-11,4.12
MORTGAGE30US,2019-04-18,4.17
MORTGAGE30US,2019-04-25,4.2
MORTGAGE30US,2019-05-02,4.14
MORTGAGE30US,2019-05-09,4.1
MORTGAGE30US,2019-05-16,4.07
MORTGAGE30US,2019-05-23,4.06
MORTGAGE30US,2019-05-30,3.99
MORTGAGE30US,2019-06-06,3.82
MORTGAGE30US,2019-06-13,3.82
MORTGAGE30US,2019-06-20,3.84
MORTGAGE30US,2019-06-27,3.73
MORTGAGE30US,2019-07-03,3.75
MORTGAGE30US,2019-07-11,3.75
MORTGAGE30US,2019-07-18,3.81
MORTGAGE30US,2019-07-25,3.75
MORTGAGE30US,2019-08-01,3.75
MORTGAGE30US,2019-08-08,3.6
MORTGAGE30US,2019-08-15,3.6
MORTGAGE30US,2019-08-22,3.55
MORTGAGE30US,2019-08-29,3.58
MORTGAGE30US,2019-09-05,3.49
MORTGAGE30US,2019-09-12,3.56
MORTGAGE30US,2019-09-19,3.73
MORTGAGE30US,2019-09-26,3.64
MORTGAGE30US,2019-10-03,3.65
MORTGAGE30US,2019-10-10,3.57
MORTGAGE30US,2019-10-17,3.69
MORTGAGE30US,2019-10-24,3.75
MORTGAGE30US,2019-10-31,3.78
MORTGAGE30US,2019-11-07,3.69
MORTGAGE30US,2019-11-14,3.75
MORTGAGE30US,2019-11-21,3.66
MORTGAGE30US,2019-11-27,3.68
MORTGAGE30US,2019-12-05,3.68
MORTGAGE30US,2019-12-12,3.73
MORTGAGE30US,2019-12-19,3.73
MORTGAGE30US,2019-12-26,3.74
MORTGAGE30US,2020-01-02,3.72
MORTGAGE30US,2020-01-09,3.64
MORTGAGE30US,2020-01-16,3.65
MORTGAGE30US,2020-01-23,3.6
MORTGAGE30US,2020-01-30,3.51
MORTGAGE30US,2020-02-06,3.45
MORTGAGE30US,2020-02-13,3.47
MORTGAGE30US,2020-02-20,3.49
MORTGAGE30US,2020-02-27,3.45
MORTGAGE30US,2020-03-05,3.29
MORTGAGE30US,2020-03-12,3.36
MORTGAGE30US,2020-03-19,3.65
MORTGAGE30US,2020-03-26,3.5
MORTGAGE30US,2020-04-02,3.33
MORTGAGE30US,2020-04-09,3.33
MORTGAGE30US,2020-04-16,3.31
MORTGAGE30US,2020-04-23,3.33
MORTGAGE30US,2020-04-30,3.23
MORTGAGE30US,2020-05-07,3.26
MORTGAGE30US,2020-05-14,3.28
MORTGAGE30US,2020-05-21,3.24
MORTGAGE30US,2020-05-28,3.15
MORTGAGE30US,2020-06-04,3.18
MORTGAGE30US,2020-06-11,3.21
MORTGAGE30US,2020-06-18,3.13
MORTGAGE30US,2020-06-25,3.13
MORTGAGE30US,2020-07-02,3.07
MORTGAGE30US,2020-07-09,3.03
MORTGAGE30US,2020-07-16,2.98
MORTGAGE30US,2020-07-23,3.01
MORTGAGE30US,2020-07-30,2.99
MORTGAGE30US,2020-08-06,2.88
MORTGAGE30US,2020-08-13,2.96
MORTGAGE30US,2020-08-20,2.99
MORTGAGE30US,2020-08-27,2.91
MORTGAGE30US,2020-09-03,2.93
MORTGAGE30US,2020-09-10,2.86
MORTGAGE30US,2020-09-17,2.87
MORTGAGE30US,2020-09-24,2.9
MORTGAGE30US,2020-10-01,2.88
MORTGAGE30US,2020-10-08,2.87
MORTGAGE30US,2020-10-15,2.81
MORTGAGE30US,2020-10-22,2.8
MORTGAGE30US,2020-10-29,2.81
MORTGAGE30US,2020-11-05,2.78
MORTGAGE30US,2020-11-12,2.84
MORTGAGE30US,2020-11-19,2.72
MORTGAGE30US,2020-11-25,2.72
MORTGAGE30US,2020-12-03,2.71
MORTGAGE30US,2020-12-10,2.71
MORTGAGE30US,2020-12-17,2.67
MORTGAGE30US,2020-12-24,2.66
MORTGAGE30US,2020-12-31,2.67
MORTGAGE30US,2021-01-07,2.65
MORTGAGE30US,2021-01-14,2.79
MORTGAGE30US,2021-01-21,2.77
MORTGAGE30US,2021-01-28,2.73
MORTGAGE30US,2021-02-04,2.73
MORTGAGE30US,2021-02-11,2.73
MORTGAGE30US,2021-02-18,2.81
MORTGAGE30US,2021-02-25,2.97
MORTGAGE30US,2021-03-04,3.02
MORTGAGE30US,2021-03-11,3.05
MORTGAGE30US,2021-03-18,3.09
MORTGAGE30US,2021-03-25,3.17
MORTGAGE30US,2021-04-01,3.18
MORTGAGE30US,2021-04-08,3.13
MORTGAGE30US,2021-04-15,3.04
MORTGAGE30US,2021-04-22,2.97
MORTGAGE30US,2021-04-29,2.98
MORTGAGE30US,2021-05-06,2.96
MORTGAGE30US,2021-05-13,2.94
MORTGAGE30US,2021-05-20,3.0
MORTGAGE30US,2021-05-27,2.95
MORTGAGE30US,2021-06-03,2.99
MORTGAGE30US,2021-06-10,2.96
MORTGAGE30US,2021-06-17,2.93
MORTGAGE30US,2021-06-24,3.02
MORTGAGE30US,2021-07-01,2.98
MORTGAGE30US,2021-07-08,2.9
MORTGAGE30US,2021-07-15,2.88
MORTGAGE30US,2021-07-22,2.78
MORTGAGE30US,2021-07-29,2.8
MORTGAGE30US,2021-08-05,2.77
MORTGAGE30US,2021-08-12,2.87
MORTGAGE30US,2021-08-19,2.86
MORTGAGE30US,2021-08-26,2.87
MORTGAGE30US,2021-09-02,2.87
MORTGAGE30US,2021-09-09,2.88
MORTGAGE30US,2021-09-16,2.86
MORTGAGE30US,2021-09-23,2.88
MORTGAGE30US,2021-09-30,3.01
MORTGAGE30US,2021-10-07,2.99
MORTGAGE30US,2021-10-14,3.05
MORTGAGE30US,2021-10-21,3.09
MORTGAGE30US,2021-10-28,3.14
MORTGAGE30US,2021-11-04,3.09
MORTGAGE30US,2021-11-10,2.98
MORTGAGE30US,2021-11-18,3.1
MORTGAGE30US,2021-11-24,3.1
MORTGAGE30US,2021-12-02,3.11
MORTGAGE30US,2021-12-09,3.1
MORTGAGE30US,2021-12-16,3.12
MORTGAGE30US,2021-12-23,3.05
MORTGAGE30US,2021-12-30,3.11
MORTGAGE30US,2022-01-06,3.22
MORTGAGE30US,2022-01-13,3.45
MORTGAGE30US,2022-01-20,3.56
MORTGAGE30US,2022-01-27,3.55
MORTGAGE30US,2022-02-03,3.55
MORTGAGE30US,2022-02-10,3.69
MORTGAGE30US,2022-02-17,3.92
MORTGAGE30US,2022-02-24,3.89
MORTGAGE30US,2022-03-03,3.76
MORTGAGE30US,2022-03-10,3.85
MORTGAGE30US,2022-03-17,4.16
MORTGAGE30US,2022-03-24,4.42
MORTGAGE30US,2022-03-31,4.67
MORTGAGE30US,2022-04-07,4.72
MORTGAGE30US,2022-04-14,5.0
MORTGAGE30US,2022-04-21,5.11
MORTGAGE30US,2022-04-28,5.1
MORTGAGE30US,2022-05-05,5.27
MORTGAGE30US,2022-05-12,5.3
MORTGAGE30US,2022-05-19,5.25
MORTGAGE30US,2022-05-26,5.1
MORTGAGE30US,2022-06-02,5.09
MORTGAGE30US,2022-06-09,5.23
MORTGAGE30US,2022-06-16,5.78
MORTGAGE30US,2022-06-23,5.81
MORTGAGE30US,2022-06-30,5.7
MORTGAGE30US,2022-07-07,5.3
MORTGAGE30US,2022-07-14,5.51
MORTGAGE30US,2022-07-21,5.54
MORTGAGE30US,2022-07-28,5.3
MORTGAGE30US,2022-08-04,4.99
MORTGAGE30US,2022-08-11,5.22
MORTGAGE30US,2022-08-18,5.13
MORTGAGE30US,2022-08-25,5.55
MORTGAGE30US,2022-09-01,5.66
MORTGAGE30US,2022-09-08,5.89
MORTGAGE30US,2022-09-15,6.02
MORTGAGE30US,2022-09-22,6.29
MORTGAGE30US,2022-09-29,6.7
MORTGAGE30US,2022-10-06,6.66
MORTGAGE30US,2022-10-13,6.92
MORTGAGE30US,2022-10-20,6.94
MORTGAGE30US,2022-10-27,7.08
MORTGAGE30US,2022-11-03,6.95
MORTGAGE30US,2022-11-10,7.08
MORTGAGE30US,2022-11-17,6.61
MORTGAGE30US,2022-11-23,6.58
MORTGAGE30US,2022-12-01,6.49
MORTGAGE30US,2022-12-08,6.33
MORTGAGE30US,2022-12-15,6.31
MORTGAGE30US,2022-12-22,6.27
MORTGAGE30US,2022-12-29,6.42
MORTGAGE30US,2023-01-05,6.48
MORTGAGE30US,2023-01-12,6.33
MORTGAGE30US,2023-01-19,6.15
MORTGAGE30US,2023-01-26,6.13
MORTGAGE30US,2023-02-02,6.09
MORTGAGE30US,2023-02-09,6.12
MORTGAGE30US,2023-02-16,6.32
MORTGAGE30US,2023-02-23,6.5
MORTGAGE30US,2023-03-02,6.65
MORTGAGE30US,2023-03-09,6.73
MORTGAGE30US,2023-03-16,6.6
MORTGAGE30US,2023-03-23,6.42
MORTGAGE30US,2023-03-30,6.32
MORTGAGE30US,2023-04-06,6.28
MORTGAGE30US,2023-04-13,6.27
MORTGAGE30US,2023-04-20,6.39
MORTGAGE30US,2023-04-27,6.43
MORTGAGE30US,2023-05-04,6.39
MORTGAGE30US,2023-05-11,6.35
MORTGAGE30US,2023-05-18,6.39
MORTGAGE30US,2023-05-25,6.57
MORTGAGE30US,2023-06-01,6.79
MORTGAGE30US,2023-06-08,6.71
MORTGAGE30US,2023-06-15,6.69
MORTGAGE30US,2023-06-22,6.67
MORTGAGE30US,2023-06-29,6.71
MORTGAGE30US,2023-07-06,6.81
MORTGAGE30US,2023-07-13,6.96
MORTGAGE30US,2023-07-20,6.78
MORTGAGE30US,2023-07-27,6.81
MORTGAGE30US,2023-08-03,6.9
MORTGAGE30US,2023-08-10,6.96
MORTGAGE30US,2023-08-17,7.09
MORTGAGE30US,2023-08-24,7.23
MORTGAGE30US,2023-08-31,7.18
MORTGAGE30US,2023-09-07,7.12
MORTGAGE30US,2023-09-14,7.18
MORTGAGE30US,2023-09-21,7.19
MORTGAGE30US,2023-09-28,7.31
MORTGAGE30US,2023-10-05,7.49
MORTGAGE30US,2023-10-12,7.57
MORTGAGE30US,2023-10-19,7.63
MORTGAGE30US,2023-10-26,7.79
MORTGAGE30US,2023-11-02,7.76
MORTGAGE30US,2023-11-09,7.5
MORTGAGE30US,2023-11-16,7.44
MORTGAGE30US,2023-11-22,7.29
MORTGAGE30US,2023-11-30,7.22
MORTGAGE30US,2023-12-07,7.03
MORTGAGE30US,2023-12-14,6.95
MORTGAGE30US,2023-12-21,6.67
MORTGAGE30US,2023-12-28,6.61
MORTGAGE30US,2024-01-04,6.62
MORTGAGE30US,2024-01-11,6.66
MORTGAGE30US,2024-01-18,6.6
MORTGAGE30US,2024-01-25,6.69
MORTGAGE30US,2024-02-01,6.63
MORTGAGE30US,2024-02-08,6.64
MORTGAGE30US,2024-02-15,6.77
MORTGAGE30US,2024-02-22,6.9
MORTGAGE30US,2024-02-29,6.94
MORTGAGE30US,2024-03-07,6.88
MORTGAGE30US,2024-03-14,6.74
MORTGAGE30US,2024-03-21,6.87
MORTGAGE30US,2024-03-28,6.79
MORTGAGE30US,2024-04-04,6.82
MORTGAGE30US,2024-04-11,6.88
MORTGAGE30US,2024-04-18,7.1
MORTGAGE30US,2024-04-25,7.17
MORTGAGE30US,2024-05-02,7.22
MORTGAGE30US,2024-05-09,7.09
MORTGAGE30US,2024-05-16,7.02
MORTGAGE30US,2024-05-23,6.94
MORTGAGE30US,2024-05-30,7.03
MORTGAGE30US,2024-06-06,6.99
MORTGAGE30US,2024-06-13,6.95
MORTGAGE30US,2024-06-20,6.87
MORTGAGE30US,2024-06-27,6.86
MORTGAGE30US,2024-07-03,6.95
MORTGAGE30US,2024-07-11,6.89
MORTGAGE30US,2024-07-18,6.77
MORTGAGE30US,2024-07-25,6.78
MORTGAGE30US,2024-08-01,6.73
MORTGAGE30US,2024-08-08,6.47
MORTGAGE30US,2024-08-15,6.49
MORTGAGE30US,2024-08-22,6.46
MORTGAGE30US,2024-08-29,6.35
MORTGAGE30US,2024-09-05,6.35
MORTGAGE30US,2024-09-12,6.2
MORTGAGE30US,2024-09-19,6.09
MORTGAGE30US,2024-09-26,6.08
MORTGAGE30US,2024-10-03,6.12
MORTGAGE30US,2024-10-10,6.32
MORTGAGE30US,2024-10-17,6.44
MORTGAGE30US,2024-10-24,6.54
MORTGAGE30US,2024-10-31,6.72
MORTGAGE30US,2024-11-07,6.79
MORTGAGE30US,2024-11-14,6.78
MORTGAGE30US,2024-11-21,6.84
MORTGAGE30US,2024-11-27,6.81
MORTGAGE30US,2024-12-05,6.69
MORTGAGE30US,2024-12-12,6.6
MORTGAGE30US,2024-12-19,6.72
MORTGAGE30US,2024-12-26,6.85
MORTGAGE30US,2025-01-02,6.91
MORTGAGE30US,2025-01-09,6.93
MORTGAGE30US,2025-01-16,7.04
MORTGAGE30US,2025-01-23,6.96
MORTGAGE30US,2025-01-30,6.95
MORTGAGE30US,2025-02-06,6.89
MORTGAGE30US,2025-02-13,6.87
MORTGAGE30US,2025-02-20,6.85
MORTGAGE30US,2025-02-27,6.76
MORTGAGE30US,2025-03-06,6.63
MORTGAGE30US,2025-03-13,6.65
MORTGAGE30US,2025-03-20,6.67
MORTGAGE30US,2025-03-27,6.65
MORTGAGE30US,2025-04-03,6.64
MORTGAGE30US,2025-04-10,6.62
MORTGAGE30US,2025-04-17,6.83
MORTGAGE30US,2025-04-24,6.81
MORTGAGE30US,2025-05-01,6.76
MORTGAGE30US,2025-05-08,6.76
MORTGAGE30US,2025-05-15,6.81
MORTGAGE30US,2025-05-22,6.86
MORTGAGE30US,2025-05-29,6.89
MORTGAGE30US,2025-06-05,6.85
MORTGAGE30US,2025-06-12,6.84
MORTGAGE30US,2025-06-18,6.81
MORTGAGE30US,2025-06-26,6.77
MORTGAGE30US,2025-07-03,6.67
MORTGAGE30US,2025-07-10,6.72
MORTGAGE30US,2025-07-17,6.75
MORTGAGE30US,2025-07-24,6.74
MORTGAGE30US,2025-07-31,6.72
MORTGAGE30US,2025-08-07,6.63
MORTGAGE30US,2025-08-14,6.58
MORTGAGE30US,2025-08-21,6.58
MORTGAGE30US,2025-08-28,6.56
MORTGAGE30US,2025-09-04,6.5
MORTGAGE30US,2025-09-11,6.35
MORTGAGE30US,2025-09-18,6.26
MORTGAGE30US,2025-09-25,6.3
MORTGAGE30US,2025-10-02,6.34
MORTGAGE30US,2025-10-09,6.3
MORTGAGE30US,2025-10-16,6.27
MORTGAGE30US,2025-10-23,6.19
MORTGAGE30US,2025-10-30,6.17
MORTGAGE30US,2025-11-06,6.22
MORTGAGE30US,2025-11-13,6.24
MORTGAGE30US,2025-11-20,6.26
MORTGAGE30US,2025-11-26,6.23
MORTGAGE30US,2025-12-04,6.19
MORTGAGE30US,2025-12-11,6.22
MORTGAGE30US,2025-12-18,6.21
MORTGAGE30US,2025-12-24,6.18
MORTGAGE30US,2025-12-31,6.15
MORTGAGE30US,2026-01-08,6.16
MORTGAGE30US,2026-01-15,6.06
MORTGAGE30US,2026-01-22,6.09
MORTGAGE30US,2026-01-29,6.1
MORTGAGE30US,2026-02-05,6.11
MORTGAGE30US,2026-02-12,6.09
MORTGAGE30US,2026-02-19,6.01
MORTGAGE30US,2026-02-26,5.98
MORTGAGE30US,2026-03-05,6.0
MORTGAGE30US,2026-03-12,6.11
MORTGAGE30US,2026-03-19,6.22
MORTGAGE30US,2026-03-26,6.38
MORTGAGE30US,2026-04-02,6.46
MORTGAGE30US,2026-04-09,6.37
MORTGAGE30US,2026-04-16,6.3
MORTGAGE30US,2026-04-23,6.23
MORTGAGE30US,2026-04-30,6.3
MORTGAGE30US,2026-05-07,6.37
MORTGAGE30US,2026-05-14,6.36
MORTGAGE30US,2026-05-21,6.51
MORTGAGE30US,2026-05-28,6.53
MORTGAGE30US,2026-06-04,6.48
MORTGAGE30US,2026-06-11,6.52
MORTGAGE30US,2026-06-18,6.47
MORTGAGE30US,2026-06-25,6.49
MORTGAGE30US,2026-07-02,6.43
MORTGAGE30US,2026-07-09,6.49
MORTGAGE30US,2026-07-16,6.55
MORTGAGE30US,2026-07-23,6.58
MORTGAGE30US,2026-07-30,6.66
MORTGAGE30US,2026-08-06,6.69
MORTGAGE30US,2026-08-13,6.67
MORTGAGE30US,2026-08-20,6.65
MORTGAGE30US,2026-08-27,6.66
MORTGAGE30US,2026-09-03,6.71
MORTGAGE30US,2026-09-10,6.76
MORTGAGE30US,2026-09-17,6.95
MORTGAGE30US,2026-09-24,7.03
MORTGAGE30US,2026-10-01,7.28
MORTGAGE30US,2026-10-08,7.4
DGS10,1962-01-31,4.1
DGS10,1962-02-28,4.0
DGS10,1962-03-30,3.86
DGS10,1962-04-30,3.86
DGS10,1962-05-31,3.9
DGS10,1962-06-29,4.0
DGS10,1962-07-31,4.04
DGS10,1962-08-31,3.96
DGS10,1962-09-28,3.94
DGS10,1962-10-31,3.92
DGS10,1962-11-30,3.92
DGS10,1962-12-31,3.85
DGS10,1963-01-31,3.87
DGS10,1963-02-28,3.94
DGS10,1963-03-29,3.95
DGS10,1963-04-30,3.95
DGS10,1963-05-31,3.96
DGS10,1963-06-28,4.0
DGS10,1963-07-31,4.0
DGS10,1963-08-30,4.02
DGS10,1963-09-30,4.07
DGS10,1963-10-31,4.15
DGS10,1963-11-29,4.08
DGS10,1963-12-31,4.14
DGS10,1964-01-31,4.15
DGS10,1964-02-28,4.18
DGS10,1964-03-31,4.23
DGS10,1964-04-30,4.22
DGS10,1964-05-28,4.19
DGS10,1964-06-30,4.15
DGS10,1964-07-31,4.19
DGS10,1964-08-31,4.21
DGS10,1964-09-30,4.18
DGS10,1964-10-30,4.16
DGS10,1964-11-30,4.2
DGS10,1964-12-31,4.21
DGS10,1965-01-29,4.19
DGS10,1965-02-26,4.22
DGS10,1965-03-31,4.2
DGS10,1965-04-30,4.21
DGS10,1965-05-28,4.23
DGS10,1965-06-30,4.2
DGS10,1965-07-30,4.22
DGS10,1965-08-31,4.27
DGS10,1965-09-30,4.35
DGS10,1965-10-29,4.41
DGS10,1965-11-30,4.48
DGS10,1965-12-31,4.65
DGS10,1966-01-31,4.69
DGS10,1966-02-28,5.02
DGS10,1966-03-31,4.71
DGS10,1966-04-29,4.79
DGS10,1966-05-31,4.8
DGS10,1966-06-30,4.97
DGS10,1966-07-29,5.05
DGS10,1966-08-31,5.36
DGS10,1966-09-30,5.02
DGS10,1966-10-31,4.97
DGS10,1966-11-30,5.12
DGS10,1966-12-30,4.64
DGS10,1967-01-31,4.52
DGS10,1967-02-28,4.72
DGS10,1967-03-31,4.5
DGS10,1967-04-28,4.78
DGS10,1967-05-31,4.81
DGS10,1967-06-30,5.22
DGS10,1967-07-31,5.16
DGS10,1967-08-31,5.27
DGS10,1967-09-29,5.31
DGS10,1967-10-31,5.64
DGS10,1967-11-30,5.74
DGS10,1967-12-29,5.7
DGS10,1968-01-31,5.54
DGS10,1968-02-29,5.56
DGS10,1968-03-29,5.76
DGS10,1968-04-30,5.74
DGS10,1968-05-31,5.86
DGS10,1968-06-28,5.64
DGS10,1968-07-31,5.39
DGS10,1968-08-30,5.42
DGS10,1968-09-30,5.49
DGS10,1968-10-31,5.61
DGS10,1968-11-29,5.78
DGS10,1968-12-31,6.16
DGS10,1969-01-31,6.19
DGS10,1969-02-28,6.26
DGS10,1969-03-28,6.3
DGS10,1969-04-30,6.2
DGS10,1969-05-29,6.56
DGS10,1969-06-30,6.73
DGS10,1969-07-31,6.66
DGS10,1969-08-29,6.83
DGS10,1969-09-30,7.51
DGS10,1969-10-31,6.94
DGS10,1969-11-28,7.29
DGS10,1969-12-31,7.88
DGS10,1970-01-30,7.75
DGS10,1970-02-27,6.9
DGS10,1970-03-31,7.08
DGS10,1970-04-30,7.82
DGS10,1970-05-29,7.95
DGS10,1970-06-30,7.68
DGS10,1970-07-31,7.38
DGS10,1970-08-31,7.49
DGS10,1970-09-30,7.29
DGS10,1970-10-30,7.33
DGS10,1970-11-30,6.49
DGS10,1970-12-31,6.5
DGS10,1971-01-29,6.09
DGS10,1971-02-26,6.14
DGS10,1971-03-31,5.53
DGS10,1971-04-30,6.08
DGS10,1971-05-28,6.38
DGS10,1971-06-30,6.7
DGS10,1971-07-30,6.85
DGS10,1971-08-31,6.28
DGS10,1971-09-30,6.0
DGS10,1971-10-29,5.87
DGS10,1971-11-30,5.93
DGS10,1971-12-31,5.89
DGS10,1972-01-31,6.09
DGS10,1972-02-29,6.04
DGS10,1972-03-30,6.12
DGS10,1972-04-28,6.14
DGS10,1972-05-31,6.05
DGS10,1972-06-30,6.15
DGS10,1972-07-31,6.12
DGS10,1972-08-31,6.42
DGS10,1972-09-29,6.54
DGS10,1972-10-31,6.41
DGS10,1972-11-30,6.28
DGS10,1972-12-29,6.41
DGS10,1973-01-31,6.54
DGS10,1973-02-28,6.64
DGS10,1973-03-30,6.73
DGS10,1973-04-30,6.7
DGS10,1973-05-31,6.93
DGS10,1973-06-29,6.94
DGS10,1973-07-31,7.43
DGS10,1973-08-31,7.25
DGS10,1973-09-28,6.9
DGS10,1973-10-31,6.71
DGS10,1973-11-30,6.69
DGS10,1973-12-31,6.9
DGS10,1974-01-31,7.0
DGS10,1974-02-28,7.01
DGS10,1974-03-29,7.41
DGS10,1974-04-30,7.66
DGS10,1974-05-31,7.52
DGS10,1974-06-28,7.64
DGS10,1974-07-31,7.89
DGS10,1974-08-30,8.11
DGS10,1974-09-30,7.94
DGS10,1974-10-31,7.79
DGS10,1974-11-29,7.64
DGS10,1974-12-31,7.4
DGS10,1975-01-31,7.53
DGS10,1975-02-28,7.46
DGS10,1975-03-31,8.01
DGS10,1975-04-30,8.31
DGS10,1975-05-30,8.04
DGS10,1975-06-30,7.96
DGS10,1975-07-31,8.2
DGS10,1975-08-29,8.22
DGS10,1975-09-30,8.48
DGS10,1975-10-31,7.91
DGS10,1975-11-28,8.14
DGS10,1975-12-31,7.76
DGS10,1976-01-30,7.8
DGS10,1976-02-27,7.77
DGS10,1976-03-31,7.66
DGS10,1976-04-30,7.67
DGS10,1976-05-28,7.96
DGS10,1976-06-30,7.86
DGS10,1976-07-30,7.86
DGS10,1976-08-31,7.66
DGS10,1976-09-30,7.55
DGS10,1976-10-29,7.42
DGS10,1976-11-30,7.01
DGS10,1976-12-31,6.81
DGS10,1977-01-31,7.4
DGS10,1977-02-28,7.45
DGS10,1977-03-31,7.42
DGS10,1977-04-29,7.45
DGS10,1977-05-31,7.38
DGS10,1977-06-30,7.2
DGS10,1977-07-29,7.42
DGS10,1977-08-31,7.28
DGS10,1977-09-30,7.41
DGS10,1977-10-31,7.62
DGS10,1977-11-30,7.55
DGS10,1977-12-30,7.78
DGS10,1978-01-31,7.94
DGS10,1978-02-28,8.04
DGS10,1978-03-31,8.15
DGS10,1978-04-28,8.24
DGS10,1978-05-31,8.42
DGS10,1978-06-30,8.62
DGS10,1978-07-31,8.56
DGS10,1978-08-31,8.39
DGS10,1978-09-29,8.56
DGS10,1978-10-31,8.96
DGS10,1978-11-30,8.86
DGS10,1978-12-29,9.15
DGS10,1979-01-31,8.95
DGS10,1979-02-28,9.17
DGS10,1979-03-30,9.11
DGS10,1979-04-30,9.35
DGS10,1979-05-31,9.06
DGS10,1979-06-29,8.81
DGS10,1979-07-31,9.01
DGS10,1979-08-31,9.24
DGS10,1979-09-28,9.44
DGS10,1979-10-31,10.72
DGS10,1979-11-30,10.38
DGS10,1979-12-31,10.33
DGS10,1980-01-31,11.13
DGS10,1980-02-29,12.72
DGS10,1980-03-31,12.64
DGS10,1980-04-30,10.76
DGS10,1980-05-30,10.25
DGS10,1980-06-30,10.09
DGS10,1980-07-31,10.76
DGS10,1980-08-29,11.55
DGS10,1980-09-30,11.86
DGS10,1980-10-31,12.46
DGS10,1980-11-28,12.72
DGS10,1980-12-31,12.43
DGS10,1981-01-30,12.68
DGS10,1981-02-27,13.43
DGS10,1981-03-31,13.13
DGS10,1981-04-30,14.11
DGS10,1981-05-29,13.5
DGS10,1981-06-30,13.86
DGS10,1981-07-31,14.67
DGS10,1981-08-31,15.41
DGS10,1981-09-30,15.84
DGS10,1981-10-30,14.63
DGS10,1981-11-30,13.13
DGS10,1981-12-31,13.98
DGS10,1982-01-29,14.14
DGS10,1982-02-26,14.03
DGS10,1982-03-31,14.18
DGS10,1982-04-30,13.87
DGS10,1982-05-28,13.71
DGS10,1982-06-30,14.44
DGS10,1982-07-30,13.68
DGS10,1982-08-31,12.81
DGS10,1982-09-30,11.73
DGS10,1982-10-29,10.71
DGS10,1982-11-30,10.79
DGS10,1982-12-31,10.36
DGS10,1983-01-31,10.8
DGS10,1983-02-28,10.27
DGS10,1983-03-31,10.62
DGS10,1983-04-29,10.27
DGS10,1983-05-31,10.81
DGS10,1983-06-30,10.96
DGS10,1983-07-29,11.76
DGS10,1983-08-31,11.98
DGS10,1983-09-30,11.44
DGS10,1983-10-31,11.74
DGS10,1983-11-30,11.63
DGS10,1983-12-30,11.82
DGS10,1984-01-31,11.67
DGS10,1984-02-29,12.04
DGS10,1984-03-30,12.53
DGS10,1984-04-30,12.82
DGS10,1984-05-31,13.91
DGS10,1984-06-29,13.84
DGS10,1984-07-31,12.91
DGS10,1984-08-31,12.79
DGS10,1984-09-28,12.47
DGS10,1984-10-31,11.79
DGS10,1984-11-30,11.58
DGS10,1984-12-31,11.55
DGS10,1985-01-31,11.17
DGS10,1985-02-28,11.91
DGS10,1985-03-29,11.65
DGS10,1985-04-30,11.41
DGS10,1985-05-31,10.28
DGS10,1985-06-28,10.25
DGS10,1985-07-31,10.57
DGS10,1985-08-30,10.28
DGS10,1985-09-30,10.31
DGS10,1985-10-31,10.01
DGS10,1985-11-29,9.59
DGS10,1985-12-31,9.0
DGS10,1986-01-31,9.08
DGS10,1986-02-28,8.13
DGS10,1986-03-31,7.39
DGS10,1986-04-30,7.38
DGS10,1986-05-30,8.05
DGS10,1986-06-30,7.35
DGS10,1986-07-31,7.34
DGS10,1986-08-29,6.95
DGS10,1986-09-30,7.45
DGS10,1986-10-31,7.34
DGS10,1986-11-28,7.15
DGS10,1986-12-31,7.23
DGS10,1987-01-30,7.18
DGS10,1987-02-27,7.19
DGS10,1987-03-31,7.51
DGS10,1987-04-30,8.21
DGS10,1987-05-29,8.49
DGS10,1987-06-30,8.38
DGS10,1987-07-31,8.66
DGS10,1987-08-31,9.0
DGS10,1987-09-30,9.63
DGS10,1987-10-30,8.88
DGS10,1987-11-30,8.99
DGS10,1987-12-31,8.83
DGS10,1988-01-29,8.26
DGS10,1988-02-29,8.16
DGS10,1988-03-31,8.57
DGS10,1988-04-29,8.87
DGS10,1988-05-31,9.2
DGS10,1988-06-30,8.82
DGS10,1988-07-29,9.12
DGS10,1988-08-31,9.25
DGS10,1988-09-30,8.87
DGS10,1988-10-31,8.65
DGS10,1988-11-30,9.06
DGS10,1988-12-30,9.14
DGS10,1989-01-31,9.01
DGS10,1989-02-28,9.32
DGS10,1989-03-31,9.3
DGS10,1989-04-28,9.02
DGS10,1989-05-31,8.6
DGS10,1989-06-30,8.1
DGS10,1989-07-31,7.82
DGS10,1989-08-31,8.26
DGS10,1989-09-29,8.31
DGS10,1989-10-31,7.92
DGS10,1989-11-30,7.84
DGS10,1989-12-29,7.93
DGS10,1990-01-31,8.43
DGS10,1990-02-28,8.51
DGS10,1990-03-30,8.65
DGS10,1990-04-30,9.04
DGS10,1990-05-31,8.6
DGS10,1990-06-29,8.43
DGS10,1990-07-31,8.36
DGS10,1990-08-31,8.86
DGS10,1990-09-28,8.82
DGS10,1990-10-31,8.65
DGS10,1990-11-30,8.26
DGS10,1990-12-31,8.08
DGS10,1991-01-31,8.03
DGS10,1991-02-28,8.02
DGS10,1991-03-28,8.05
DGS10,1991-04-30,8.02
DGS10,1991-05-31,8.06
DGS10,1991-06-28,8.24
DGS10,1991-07-31,8.2
DGS10,1991-08-30,7.82
DGS10,1991-09-30,7.47
DGS10,1991-10-31,7.47
DGS10,1991-11-29,7.38
DGS10,1991-12-31,6.71
DGS10,1992-01-31,7.31
DGS10,1992-02-28,7.27
DGS10,1992-03-31,7.54
DGS10,1992-04-30,7.61
DGS10,1992-05-29,7.33
DGS10,1992-06-30,7.14
DGS10,1992-07-31,6.72
DGS10,1992-08-31,6.62
DGS10,1992-09-30,6.37
DGS10,1992-10-30,6.8
DGS10,1992-11-30,6.95
DGS10,1992-12-31,6.7
DGS10,1993-01-29,6.39
DGS10,1993-02-26,6.03
DGS10,1993-03-31,6.03
DGS10,1993-04-30,6.05
DGS10,1993-05-28,6.16
DGS10,1993-06-30,5.8
DGS10,1993-07-30,5.83
DGS10,1993-08-31,5.45
DGS10,1993-09-30,5.4
DGS10,1993-10-29,5.43
DGS10,1993-11-30,5.83
DGS10,1993-12-31,5.83
DGS10,1994-01-31,5.7
DGS10,1994-02-28,6.15
DGS10,1994-03-31,6.77
DGS10,1994-04-29,7.06
DGS10,1994-05-31,7.17
DGS10,1994-06-30,7.34
DGS10,1994-07-29,7.12
DGS10,1994-08-31,7.19
DGS10,1994-09-30,7.62
DGS10,1994-10-31,7.81
DGS10,1994-11-30,7.91
DGS10,1994-12-30,7.84
DGS10,1995-01-31,7.6
DGS10,1995-02-28,7.22
DGS10,1995-03-31,7.2
DGS10,1995-04-28,7.07
DGS10,1995-05-31,6.3
DGS10,1995-06-30,6.21
DGS10,1995-07-31,6.45
DGS10,1995-08-31,6.28
DGS10,1995-09-29,6.17
DGS10,1995-10-31,6.03
DGS10,1995-11-30,5.76
DGS10,1995-12-29,5.58
DGS10,1996-01-31,5.6
DGS10,1996-02-29,6.13
DGS10,1996-03-29,6.34
DGS10,1996-04-30,6.66
DGS10,1996-05-31,6.85
DGS10,1996-06-28,6.73
DGS10,1996-07-31,6.8
DGS10,1996-08-30,6.96
DGS10,1996-09-30,6.72
DGS10,1996-10-31,6.37
DGS10,1996-11-29,6.06
DGS10,1996-12-31,6.43
DGS10,1997-01-31,6.53
DGS10,1997-02-28,6.56
DGS10,1997-03-31,6.92
DGS10,1997-04-30,6.72
DGS10,1997-05-30,6.67
DGS10,1997-06-30,6.51
DGS10,1997-07-31,6.02
DGS10,1997-08-29,6.34
DGS10,1997-09-30,6.12
DGS10,1997-10-31,5.84
DGS10,1997-11-28,5.86
DGS10,1997-12-31,5.75
DGS10,1998-01-30,5.53
DGS10,1998-02-27,5.62
DGS10,1998-03-31,5.67
DGS10,1998-04-30,5.68
DGS10,1998-05-29,5.56
DGS10,1998-06-30,5.44
DGS10,1998-07-31,5.5
DGS10,1998-08-31,5.05
DGS10,1998-09-30,4.44
DGS10,1998-10-30,4.64
DGS10,1998-11-30,4.74
DGS10,1998-12-31,4.65
DGS10,1999-01-29,4.66
DGS10,1999-02-26,5.29
DGS10,1999-03-31,5.25
DGS10,1999-04-30,5.36
DGS10,1999-05-28,5.64
DGS10,1999-06-30,5.81
DGS10,1999-07-30,5.92
DGS10,1999-08-31,5.98
DGS10,1999-09-30,5.9
DGS10,1999-10-29,6.02
DGS10,1999-11-30,6.18
DGS10,1999-12-31,6.45
DGS10,2000-01-31,6.68
DGS10,2000-02-29,6.42
DGS10,2000-03-31,6.03
DGS10,2000-04-28,6.23
DGS10,2000-05-31,6.29
DGS10,2000-06-30,6.03
DGS10,2000-07-31,6.04
DGS10,2000-08-31,5.73
DGS10,2000-09-29,5.8
DGS10,2000-10-31,5.77
DGS10,2000-11-30,5.48
DGS10,2000-12-29,5.12
DGS10,2001-01-31,5.19
DGS10,2001-02-28,4.92
DGS10,2001-03-30,4.93
DGS10,2001-04-30,5.35
DGS10,2001-05-31,5.43
DGS10,2001-06-29,5.42
DGS10,2001-07-31,5.07
DGS10,2001-08-31,4.85
DGS10,2001-09-28,4.6
DGS10,2001-10-31,4.3
DGS10,2001-11-30,4.78
DGS10,2001-12-31,5.07
DGS10,2002-01-31,5.07
DGS10,2002-02-28,4.88
DGS10,2002-03-28,5.42
DGS10,2002-04-30,5.11
DGS10,2002-05-31,5.08
DGS10,2002-06-28,4.86
DGS10,2002-07-31,4.51
DGS10,2002-08-30,4.14
DGS10,2002-09-30,3.63
DGS10,2002-10-31,3.93
DGS10,2002-11-29,4.22
DGS10,2002-12-31,3.83
DGS10,2003-01-31,4.0
DGS10,2003-02-28,3.71
DGS10,2003-03-31,3.83
DGS10,2003-04-30,3.89
DGS10,2003-05-30,3.37
DGS10,2003-06-30,3.54
DGS10,2003-07-31,4.49
DGS10,2003-08-29,4.45
DGS10,2003-09-30,3.96
DGS10,2003-10-31,4.33
DGS10,2003-11-28,4.34
DGS10,2003-12-31,4.27
DGS10,2004-01-30,4.16
DGS10,2004-02-27,3.99
DGS10,2004-03-31,3.86
DGS10,2004-04-30,4.53
DGS10,2004-05-28,4.66
DGS10,2004-06-30,4.62
DGS10,2004-07-30,4.5
DGS10,2004-08-31,4.13
DGS10,2004-09-30,4.14
DGS10,2004-10-29,4.05
DGS10,2004-11-30,4.36
DGS10,2004-12-31,4.24
DGS10,2005-01-31,4.14
DGS10,2005-02-28,4.36
DGS10,2005-03-31,4.5
DGS10,2005-04-29,4.21
DGS10,2005-05-31,4.0
DGS10,2005-06-30,3.94
DGS10,2005-07-29,4.28
DGS10,2005-08-31,4.02
DGS10,2005-09-30,4.34
DGS10,2005-10-31,4.57
DGS10,2005-11-30,4.49
DGS10,2005-12-30,4.39
DGS10,2006-01-31,4.53
DGS10,2006-02-28,4.55
DGS10,2006-03-31,4.86
DGS10,2006-04-28,5.07
DGS10,2006-05-31,5.12
DGS10,2006-06-30,5.15
DGS10,2006-07-31,4.99
DGS10,2006-08-31,4.74
DGS10,2006-09-29,4.64
DGS10,2006-10-31,4.61
DGS10,2006-11-30,4.46
DGS10,2006-12-29,4.71
DGS10,2007-01-31,4.83
DGS10,2007-02-28,4.56
DGS10,2007-03-30,4.65
DGS10,2007-04-30,4.63
DGS10,2007-05-31,4.9
DGS10,2007-06-29,5.03
DGS10,2007-07-31,4.78
DGS10,2007-08-31,4.54
DGS10,2007-09-28,4.59
DGS10,2007-10-31,4.48
DGS10,2007-11-30,3.97
DGS10,2007-12-31,4.04
DGS10,2008-01-31,3.67
DGS10,2008-02-29,3.53
DGS10,2008-03-31,3.45
DGS10,2008-04-30,3.77
DGS10,2008-05-30,4.06
DGS10,2008-06-30,3.99
DGS10,2008-07-31,3.99
DGS10,2008-08-29,3.83
DGS10,2008-09-30,3.85
DGS10,2008-10-31,4.01
DGS10,2008-11-28,2.93
DGS10,2008-12-31,2.25
DGS10,2009-01-30,2.87
DGS10,2009-02-27,3.02
DGS10,2009-03-31,2.71
DGS10,2009-04-30,3.16
DGS10,2009-05-29,3.47
DGS10,2009-06-30,3.53
DGS10,2009-07-31,3.52
DGS10,2009-08-31,3.4
DGS10,2009-09-30,3.31
DGS10,2009-10-30,3.41
DGS10,2009-11-30,3.21
DGS10,2009-12-31,3.85
DGS10,2010-01-29,3.63
DGS10,2010-02-26,3.61
DGS10,2010-03-31,3.84
DGS10,2010-04-30,3.69
DGS10,2010-05-28,3.31
DGS10,2010-06-30,2.97
DGS10,2010-07-30,2.94
DGS10,2010-08-31,2.47
DGS10,2010-09-30,2.53
DGS10,2010-10-29,2.63
DGS10,2010-11-30,2.81
DGS10,2010-12-31,3.3
DGS10,2011-01-31,3.42
DGS10,2011-02-28,3.42
DGS10,2011-03-31,3.47
DGS10,2011-04-29,3.32
DGS10,2011-05-31,3.05
DGS10,2011-06-30,3.18
DGS10,2011-07-29,2.82
DGS10,2011-08-31,2.23
DGS10,2011-09-30,1.92
DGS10,2011-10-31,2.17
DGS10,2011-11-30,2.08
DGS10,2011-12-30,1.89
DGS10,2012-01-31,1.83
DGS10,2012-02-29,1.98
DGS10,2012-03-30,2.23
DGS10,2012-04-30,1.95
DGS10,2012-05-31,1.59
DGS10,2012-06-29,1.67
DGS10,2012-07-31,1.51
DGS10,2012-08-31,1.57
DGS10,2012-09-28,1.65
DGS10,2012-10-31,1.72
DGS10,2012-11-30,1.62
DGS10,2012-12-31,1.78
DGS10,2013-01-31,2.02
DGS10,2013-02-28,1.89
DGS10,2013-03-28,1.87
DGS10,2013-04-30,1.7
DGS10,2013-05-31,2.16
DGS10,2013-06-28,2.52
DGS10,2013-07-31,2.6
DGS10,2013-08-30,2.78
DGS10,2013-09-30,2.64
DGS10,2013-10-31,2.57
DGS10,2013-11-29,2.75
DGS10,2013-12-31,3.04
DGS10,2014-01-31,2.67
DGS10,2014-02-28,2.66
DGS10,2014-03-31,2.73
DGS10,2014-04-30,2.67
DGS10,2014-05-30,2.48
DGS10,2014-06-30,2.53
DGS10,2014-07-31,2.58
DGS10,2014-08-29,2.35
DGS10,2014-09-30,2.52
DGS10,2014-10-31,2.35
DGS10,2014-11-28,2.18
DGS10,2014-12-31,2.17
DGS10,2015-01-30,1.68
DGS10,2015-02-27,2.0
DGS10,2015-03-31,1.94
DGS10,2015-04-30,2.05
DGS10,2015-05-29,2.12
DGS10,2015-06-30,2.35
DGS10,2015-07-31,2.2
DGS10,2015-08-31,2.21
DGS10,2015-09-30,2.06
DGS10,2015-10-30,2.16
DGS10,2015-11-30,2.21
DGS10,2015-12-31,2.27
DGS10,2016-01-29,1.94
DGS10,2016-02-29,1.74
DGS10,2016-03-31,1.78
DGS10,2016-04-29,1.83
DGS10,2016-05-31,1.84
DGS10,2016-06-30,1.49
DGS10,2016-07-29,1.46
DGS10,2016-08-31,1.58
DGS10,2016-09-30,1.6
DGS10,2016-10-31,1.84
DGS10,2016-11-30,2.37
DGS10,2016-12-30,2.45
DGS10,2017-01-31,2.45
DGS10,2017-02-28,2.36
DGS10,2017-03-31,2.4
DGS10,2017-04-28,2.29
DGS10,2017-05-31,2.21
DGS10,2017-06-30,2.31
DGS10,2017-07-31,2.3
DGS10,2017-08-31,2.12
DGS10,2017-09-29,2.33
DGS10,2017-10-31,2.38
DGS10,2017-11-30,2.42
DGS10,2017-12-29,2.4
DGS10,2018-01-31,2.72
DGS10,2018-02-28,2.87
DGS10,2018-03-29,2.74
DGS10,2018-04-30,2.95
DGS10,2018-05-31,2.83
DGS10,2018-06-29,2.85
DGS10,2018-07-31,2.96
DGS10,2018-08-31,2.86
DGS10,2018-09-28,3.05
DGS10,2018-10-31,3.15
DGS10,2018-11-30,3.01
DGS10,2018-12-31,2.69
DGS10,2019-01-31,2.63
DGS10,2019-02-28,2.73
DGS10,2019-03-29,2.41
DGS10,2019-04-30,2.51
DGS10,2019-05-31,2.14
DGS10,2019-06-28,2.0
DGS10,2019-07-31,2.02
DGS10,2019-08-30,1.5
DGS10,2019-09-30,1.68
DGS10,2019-10-31,1.69
DGS10,2019-11-29,1.78
DGS10,2019-12-31,1.92
DGS10,2020-01-31,1.51
DGS10,2020-02-28,1.13
DGS10,2020-03-31,0.7
DGS10,2020-04-30,0.64
DGS10,2020-05-29,0.65
DGS10,2020-06-30,0.66
DGS10,2020-07-31,0.55
DGS10,2020-08-31,0.72
DGS10,2020-09-30,0.69
DGS10,2020-10-30,0.88
DGS10,2020-11-30,0.84
DGS10,2020-12-31,0.93
DGS10,2021-01-29,1.11
DGS10,2021-02-26,1.44
DGS10,2021-03-31,1.74
DGS10,2021-04-30,1.65
DGS10,2021-05-28,1.58
DGS10,2021-06-30,1.45
DGS10,2021-07-30,1.24
DGS10,2021-08-31,1.3
DGS10,2021-09-30,1.52
DGS10,2021-10-29,1.55
DGS10,2021-11-30,1.43
DGS10,2021-12-31,1.52
DGS10,2022-01-31,1.79
DGS10,2022-02-28,1.83
DGS10,2022-03-31,2.32
DGS10,2022-04-29,2.89
DGS10,2022-05-31,2.85
DGS10,2022-06-30,2.98
DGS10,2022-07-29,2.67
DGS10,2022-08-31,3.15
DGS10,2022-09-30,3.83
DGS10,2022-10-31,4.1
DGS10,2022-11-30,3.68
DGS10,2022-12-30,3.88
DGS10,2023-01-31,3.52
DGS10,2023-02-28,3.92
DGS10,2023-03-31,3.48
DGS10,2023-04-28,3.44
DGS10,2023-05-31,3.64
DGS10,2023-06-30,3.81
DGS10,2023-07-31,3.97
DGS10,2023-08-31,4.09
DGS10,2023-09-29,4.59
DGS10,2023-10-31,4.88
DGS10,2023-11-30,4.37
DGS10,2023-12-29,3.88
DGS10,2024-01-31,3.99
DGS10,2024-02-29,4.25
DGS10,2024-03-28,4.2
DGS10,2024-04-30,4.69
DGS10,2024-05-31,4.51
DGS10,2024-06-28,4.36
DGS10,2024-07-31,4.09
DGS10,2024-08-30,3.91
DGS10,2024-09-30,3.81
DGS10,2024-10-31,4.28
DGS10,2024-11-29,4.18
DGS10,2024-12-31,4.58
DGS10,2025-01-31,4.58
DGS10,2025-02-28,4.24
DGS10,2025-03-31,4.23
DGS10,2025-04-30,4.17
DGS10,2025-05-30,4.41
DGS10,2025-06-30,4.24
DGS10,2025-07-31,4.37
DGS10,2025-08-29,4.23
DGS10,2025-09-30,4.16
DGS10,2025-10-31,4.11
DGS10,2025-11-28,4.02
DGS10,2025-12-31,4.18
DGS10,2026-01-30,4.26
DGS10,2026-02-27,3.97
DGS10,2026-03-31,4.3
DGS10,2026-04-30,4.4
DGS10,2026-05-29,4.45
DGS10,2026-06-30,4.44
DGS10,2026-07-31,4.75
DGS10,2026-08-31,4.75
DGS10,2026-09-30,5.29
DGS10,2026-10-07,5.28
UMCSENT,1954-01-01,
UMCSENT,1954-02-01,82.0
UMCSENT,1954-03-01,
UMCSENT,1954-04-01,
UMCSENT,1954-05-01,82.9
UMCSENT,1954-06-01,
UMCSENT,1954-07-01,
UMCSENT,1954-08-01,
UMCSENT,1954-09-01,
UMCSENT,1954-10-01,
UMCSENT,1954-11-01,87.0
UMCSENT,1954-12-01,
UMCSENT,1955-01-01,
UMCSENT,1955-02-01,95.9
UMCSENT,1955-03-01,
UMCSENT,1955-04-01,
UMCSENT,1955-05-01,99.1
UMCSENT,1955-06-01,
UMCSENT,1955-07-01,
UMCSENT,1955-08-01,
UMCSENT,1955-09-01,
UMCSENT,1955-10-01,
UMCSENT,1955-11-01,99.7
UMCSENT,1955-12-01,
UMCSENT,1956-01-01,
UMCSENT,1956-02-01,
UMCSENT,1956-03-01,
UMCSENT,1956-04-01,
UMCSENT,1956-05-01,98.2
UMCSENT,1956-06-01,
UMCSENT,1956-07-01,
UMCSENT,1956-08-01,99.9
UMCSENT,1956-09-01,
UMCSENT,1956-10-01,
UMCSENT,1956-11-01,100.2
UMCSENT,1956-12-01,
UMCSENT,1957-01-01,
UMCSENT,1957-02-01,
UMCSENT,1957-03-01,
UMCSENT,1957-04-01,
UMCSENT,1957-05-01,92.9
UMCSENT,1957-06-01,
UMCSENT,1957-07-01,
UMCSENT,1957-08-01,
UMCSENT,1957-09-01,
UMCSENT,1957-10-01,
UMCSENT,1957-11-01,83.7
UMCSENT,1957-12-01,
UMCSENT,1958-01-01,
UMCSENT,1958-02-01,78.5
UMCSENT,1958-03-01,
UMCSENT,1958-04-01,
UMCSENT,1958-05-01,80.9
UMCSENT,1958-06-01,
UMCSENT,1958-07-01,
UMCSENT,1958-08-01,
UMCSENT,1958-09-01,
UMCSENT,1958-10-01,
UMCSENT,1958-11-01,90.8
UMCSENT,1958-12-01,
UMCSENT,1959-01-01,
UMCSENT,1959-02-01,
UMCSENT,1959-03-01,
UMCSENT,1959-04-01,
UMCSENT,1959-05-01,95.3
UMCSENT,1959-06-01,
UMCSENT,1959-07-01,
UMCSENT,1959-08-01,
UMCSENT,1959-09-01,
UMCSENT,1959-10-01,
UMCSENT,1959-11-01,93.8
UMCSENT,1959-12-01,
UMCSENT,1960-01-01,
UMCSENT,1960-02-01,100.0
UMCSENT,1960-03-01,
UMCSENT,1960-04-01,
UMCSENT,1960-05-01,93.3
UMCSENT,1960-06-01,
UMCSENT,1960-07-01,
UMCSENT,1960-08-01,97.2
UMCSENT,1960-09-01,
UMCSENT,1960-10-01,
UMCSENT,1960-11-01,90.1
UMCSENT,1960-12-01,
UMCSENT,1961-01-01,
UMCSENT,1961-02-01,91.6
UMCSENT,1961-03-01,
UMCSENT,1961-04-01,
UMCSENT,1961-05-01,92.5
UMCSENT,1961-06-01,
UMCSENT,1961-07-01,
UMCSENT,1961-08-01,99.2
UMCSENT,1961-09-01,
UMCSENT,1961-10-01,
UMCSENT,1961-11-01,93.0
UMCSENT,1961-12-01,
UMCSENT,1962-01-01,
UMCSENT,1962-02-01,99.9
UMCSENT,1962-03-01,
UMCSENT,1962-04-01,
UMCSENT,1962-05-01,95.4
UMCSENT,1962-06-01,
UMCSENT,1962-07-01,
UMCSENT,1962-08-01,91.6
UMCSENT,1962-09-01,
UMCSENT,1962-10-01,
UMCSENT,1962-11-01,95.0
UMCSENT,1962-12-01,
UMCSENT,1963-01-01,
UMCSENT,1963-02-01,98.4
UMCSENT,1963-03-01,
UMCSENT,1963-04-01,
UMCSENT,1963-05-01,91.7
UMCSENT,1963-06-01,
UMCSENT,1963-07-01,
UMCSENT,1963-08-01,96.4
UMCSENT,1963-09-01,
UMCSENT,1963-10-01,
UMCSENT,1963-11-01,94.4
UMCSENT,1963-12-01,
UMCSENT,1964-01-01,
UMCSENT,1964-02-01,99.5
UMCSENT,1964-03-01,
UMCSENT,1964-04-01,
UMCSENT,1964-05-01,98.5
UMCSENT,1964-06-01,
UMCSENT,1964-07-01,
UMCSENT,1964-08-01,100.6
UMCSENT,1964-09-01,
UMCSENT,1964-10-01,
UMCSENT,1964-11-01,99.9
UMCSENT,1964-12-01,
UMCSENT,1965-01-01,
UMCSENT,1965-02-01,102.0
UMCSENT,1965-03-01,
UMCSENT,1965-04-01,
UMCSENT,1965-05-01,105.4
UMCSENT,1965-06-01,
UMCSENT,1965-07-01,
UMCSENT,1965-08-01,103.4
UMCSENT,1965-09-01,
UMCSENT,1965-10-01,
UMCSENT,1965-11-01,102.9
UMCSENT,1965-12-01,
UMCSENT,1966-01-01,
UMCSENT,1966-02-01,100.0
UMCSENT,1966-03-01,
UMCSENT,1966-04-01,
UMCSENT,1966-05-01,95.7
UMCSENT,1966-06-01,
UMCSENT,1966-07-01,
UMCSENT,1966-08-01,91.2
UMCSENT,1966-09-01,
UMCSENT,1966-10-01,
UMCSENT,1966-11-01,88.3
UMCSENT,1966-12-01,
UMCSENT,1967-01-01,
UMCSENT,1967-02-01,94.1
UMCSENT,1967-03-01,
UMCSENT,1967-04-01,
UMCSENT,1967-05-01,95.9
UMCSENT,1967-06-01,
UMCSENT,1967-07-01,
UMCSENT,1967-08-01,97.0
UMCSENT,1967-09-01,
UMCSENT,1967-10-01,
UMCSENT,1967-11-01,92.9
UMCSENT,1967-12-01,
UMCSENT,1968-01-01,
UMCSENT,1968-02-01,97.2
UMCSENT,1968-03-01,
UMCSENT,1968-04-01,
UMCSENT,1968-05-01,92.4
UMCSENT,1968-06-01,
UMCSENT,1968-07-01,
UMCSENT,1968-08-01,92.4
UMCSENT,1968-09-01,
UMCSENT,1968-10-01,
UMCSENT,1968-11-01,91.7
UMCSENT,1968-12-01,
UMCSENT,1969-01-01,
UMCSENT,1969-02-01,98.2
UMCSENT,1969-03-01,
UMCSENT,1969-04-01,
UMCSENT,1969-05-01,91.5
UMCSENT,1969-06-01,
UMCSENT,1969-07-01,
UMCSENT,1969-08-01,86.4
UMCSENT,1969-09-01,
UMCSENT,1969-10-01,
UMCSENT,1969-11-01,79.7
UMCSENT,1969-12-01,
UMCSENT,1970-01-01,
UMCSENT,1970-02-01,78.1
UMCSENT,1970-03-01,
UMCSENT,1970-04-01,
UMCSENT,1970-05-01,75.4
UMCSENT,1970-06-01,
UMCSENT,1970-07-01,
UMCSENT,1970-08-01,77.6
UMCSENT,1970-09-01,
UMCSENT,1970-10-01,
UMCSENT,1970-11-01,72.4
UMCSENT,1970-12-01,
UMCSENT,1971-01-01,
UMCSENT,1971-02-01,78.1
UMCSENT,1971-03-01,
UMCSENT,1971-04-01,
UMCSENT,1971-05-01,80.2
UMCSENT,1971-06-01,
UMCSENT,1971-07-01,
UMCSENT,1971-08-01,82.1
UMCSENT,1971-09-01,
UMCSENT,1971-10-01,
UMCSENT,1971-11-01,82.0
UMCSENT,1971-12-01,
UMCSENT,1972-01-01,
UMCSENT,1972-02-01,92.8
UMCSENT,1972-03-01,
UMCSENT,1972-04-01,
UMCSENT,1972-05-01,88.6
UMCSENT,1972-06-01,
UMCSENT,1972-07-01,
UMCSENT,1972-08-01,95.2
UMCSENT,1972-09-01,
UMCSENT,1972-10-01,
UMCSENT,1972-11-01,90.7
UMCSENT,1972-12-01,
UMCSENT,1973-01-01,
UMCSENT,1973-02-01,81.9
UMCSENT,1973-03-01,
UMCSENT,1973-04-01,
UMCSENT,1973-05-01,77.0
UMCSENT,1973-06-01,
UMCSENT,1973-07-01,
UMCSENT,1973-08-01,72.0
UMCSENT,1973-09-01,
UMCSENT,1973-10-01,
UMCSENT,1973-11-01,76.5
UMCSENT,1973-12-01,
UMCSENT,1974-01-01,
UMCSENT,1974-02-01,61.8
UMCSENT,1974-03-01,
UMCSENT,1974-04-01,
UMCSENT,1974-05-01,72.1
UMCSENT,1974-06-01,
UMCSENT,1974-07-01,
UMCSENT,1974-08-01,64.4
UMCSENT,1974-09-01,
UMCSENT,1974-10-01,
UMCSENT,1974-11-01,59.5
UMCSENT,1974-12-01,
UMCSENT,1975-01-01,
UMCSENT,1975-02-01,57.6
UMCSENT,1975-03-01,
UMCSENT,1975-04-01,
UMCSENT,1975-05-01,72.8
UMCSENT,1975-06-01,
UMCSENT,1975-07-01,
UMCSENT,1975-08-01,75.7
UMCSENT,1975-09-01,
UMCSENT,1975-10-01,
UMCSENT,1975-11-01,75.6
UMCSENT,1975-12-01,
UMCSENT,1976-01-01,
UMCSENT,1976-02-01,84.6
UMCSENT,1976-03-01,
UMCSENT,1976-04-01,
UMCSENT,1976-05-01,83.3
UMCSENT,1976-06-01,
UMCSENT,1976-07-01,
UMCSENT,1976-08-01,89.7
UMCSENT,1976-09-01,
UMCSENT,1976-10-01,
UMCSENT,1976-11-01,87.0
UMCSENT,1976-12-01,
UMCSENT,1977-01-01,
UMCSENT,1977-02-01,87.1
UMCSENT,1977-03-01,
UMCSENT,1977-04-01,
UMCSENT,1977-05-01,90.2
UMCSENT,1977-06-01,
UMCSENT,1977-07-01,
UMCSENT,1977-08-01,89.0
UMCSENT,1977-09-01,
UMCSENT,1977-10-01,
UMCSENT,1977-11-01,84.4
UMCSENT,1977-12-01,
UMCSENT,1978-01-01,83.7
UMCSENT,1978-02-01,84.3
UMCSENT,1978-03-01,78.8
UMCSENT,1978-04-01,81.6
UMCSENT,1978-05-01,82.9
UMCSENT,1978-06-01,80.0
UMCSENT,1978-07-01,82.4
UMCSENT,1978-08-01,78.4
UMCSENT,1978-09-01,80.4
UMCSENT,1978-10-01,79.3
UMCSENT,1978-11-01,75.0
UMCSENT,1978-12-01,66.1
UMCSENT,1979-01-01,72.1
UMCSENT,1979-02-01,73.9
UMCSENT,1979-03-01,68.4
UMCSENT,1979-04-01,66.0
UMCSENT,1979-05-01,68.1
UMCSENT,1979-06-01,65.8
UMCSENT,1979-07-01,60.4
UMCSENT,1979-08-01,64.5
UMCSENT,1979-09-01,66.7
UMCSENT,1979-10-01,62.1
UMCSENT,1979-11-01,63.3
UMCSENT,1979-12-01,61.0
UMCSENT,1980-01-01,67.0
UMCSENT,1980-02-01,66.9
UMCSENT,1980-03-01,56.5
UMCSENT,1980-04-01,52.7
UMCSENT,1980-05-01,51.7
UMCSENT,1980-06-01,58.7
UMCSENT,1980-07-01,62.3
UMCSENT,1980-08-01,67.3
UMCSENT,1980-09-01,73.7
UMCSENT,1980-10-01,75.0
UMCSENT,1980-11-01,76.7
UMCSENT,1980-12-01,64.5
UMCSENT,1981-01-01,71.4
UMCSENT,1981-02-01,66.9
UMCSENT,1981-03-01,66.5
UMCSENT,1981-04-01,72.4
UMCSENT,1981-05-01,76.3
UMCSENT,1981-06-01,73.1
UMCSENT,1981-07-01,74.1
UMCSENT,1981-08-01,77.2
UMCSENT,1981-09-01,73.1
UMCSENT,1981-10-01,70.3
UMCSENT,1981-11-01,62.5
UMCSENT,1981-12-01,64.3
UMCSENT,1982-01-01,71.0
UMCSENT,1982-02-01,66.5
UMCSENT,1982-03-01,62.0
UMCSENT,1982-04-01,65.5
UMCSENT,1982-05-01,67.5
UMCSENT,1982-06-01,65.7
UMCSENT,1982-07-01,65.4
UMCSENT,1982-08-01,65.4
UMCSENT,1982-09-01,69.3
UMCSENT,1982-10-01,73.4
UMCSENT,1982-11-01,72.1
UMCSENT,1982-12-01,71.9
UMCSENT,1983-01-01,70.4
UMCSENT,1983-02-01,74.6
UMCSENT,1983-03-01,80.8
UMCSENT,1983-04-01,89.1
UMCSENT,1983-05-01,93.3
UMCSENT,1983-06-01,92.2
UMCSENT,1983-07-01,92.8
UMCSENT,1983-08-01,90.9
UMCSENT,1983-09-01,89.9
UMCSENT,1983-10-01,89.3
UMCSENT,1983-11-01,91.1
UMCSENT,1983-12-01,94.2
UMCSENT,1984-01-01,100.1
UMCSENT,1984-02-01,97.4
UMCSENT,1984-03-01,101.0
UMCSENT,1984-04-01,96.1
UMCSENT,1984-05-01,98.1
UMCSENT,1984-06-01,95.5
UMCSENT,1984-07-01,96.6
UMCSENT,1984-08-01,99.1
UMCSENT,1984-09-01,100.9
UMCSENT,1984-10-01,96.3
UMCSENT,1984-11-01,95.7
UMCSENT,1984-12-01,92.9
UMCSENT,1985-01-01,96.0
UMCSENT,1985-02-01,93.7
UMCSENT,1985-03-01,93.7
UMCSENT,1985-04-01,94.6
UMCSENT,1985-05-01,91.8
UMCSENT,1985-06-01,96.5
UMCSENT,1985-07-01,94.0
UMCSENT,1985-08-01,92.4
UMCSENT,1985-09-01,92.1
UMCSENT,1985-10-01,88.4
UMCSENT,1985-11-01,90.9
UMCSENT,1985-12-01,93.9
UMCSENT,1986-01-01,95.6
UMCSENT,1986-02-01,95.9
UMCSENT,1986-03-01,95.1
UMCSENT,1986-04-01,96.2
UMCSENT,1986-05-01,94.8
UMCSENT,1986-06-01,99.3
UMCSENT,1986-07-01,97.7
UMCSENT,1986-08-01,94.9
UMCSENT,1986-09-01,91.9
UMCSENT,1986-10-01,95.6
UMCSENT,1986-11-01,91.4
UMCSENT,1986-12-01,89.1
UMCSENT,1987-01-01,90.4
UMCSENT,1987-02-01,90.2
UMCSENT,1987-03-01,90.8
UMCSENT,1987-04-01,92.8
UMCSENT,1987-05-01,91.1
UMCSENT,1987-06-01,91.5
UMCSENT,1987-07-01,93.7
UMCSENT,1987-08-01,94.4
UMCSENT,1987-09-01,93.6
UMCSENT,1987-10-01,89.3
UMCSENT,1987-11-01,83.1
UMCSENT,1987-12-01,86.8
UMCSENT,1988-01-01,90.8
UMCSENT,1988-02-01,91.6
UMCSENT,1988-03-01,94.6
UMCSENT,1988-04-01,91.2
UMCSENT,1988-05-01,94.8
UMCSENT,1988-06-01,94.7
UMCSENT,1988-07-01,93.4
UMCSENT,1988-08-01,97.4
UMCSENT,1988-09-01,97.3
UMCSENT,1988-10-01,94.1
UMCSENT,1988-11-01,93.0
UMCSENT,1988-12-01,91.9
UMCSENT,1989-01-01,97.9
UMCSENT,1989-02-01,95.4
UMCSENT,1989-03-01,94.3
UMCSENT,1989-04-01,91.5
UMCSENT,1989-05-01,90.7
UMCSENT,1989-06-01,90.6
UMCSENT,1989-07-01,92.0
UMCSENT,1989-08-01,89.6
UMCSENT,1989-09-01,95.8
UMCSENT,1989-10-01,93.9
UMCSENT,1989-11-01,90.9
UMCSENT,1989-12-01,90.5
UMCSENT,1990-01-01,93.0
UMCSENT,1990-02-01,89.5
UMCSENT,1990-03-01,91.3
UMCSENT,1990-04-01,93.9
UMCSENT,1990-05-01,90.6
UMCSENT,1990-06-01,88.3
UMCSENT,1990-07-01,88.2
UMCSENT,1990-08-01,76.4
UMCSENT,1990-09-01,72.8
UMCSENT,1990-10-01,63.9
UMCSENT,1990-11-01,66.0
UMCSENT,1990-12-01,65.5
UMCSENT,1991-01-01,66.8
UMCSENT,1991-02-01,70.4
UMCSENT,1991-03-01,87.7
UMCSENT,1991-04-01,81.8
UMCSENT,1991-05-01,78.3
UMCSENT,1991-06-01,82.1
UMCSENT,1991-07-01,82.9
UMCSENT,1991-08-01,82.0
UMCSENT,1991-09-01,83.0
UMCSENT,1991-10-01,78.3
UMCSENT,1991-11-01,69.1
UMCSENT,1991-12-01,68.2
UMCSENT,1992-01-01,67.5
UMCSENT,1992-02-01,68.8
UMCSENT,1992-03-01,76.0
UMCSENT,1992-04-01,77.2
UMCSENT,1992-05-01,79.2
UMCSENT,1992-06-01,80.4
UMCSENT,1992-07-01,76.6
UMCSENT,1992-08-01,76.1
UMCSENT,1992-09-01,75.6
UMCSENT,1992-10-01,73.3
UMCSENT,1992-11-01,85.3
UMCSENT,1992-12-01,91.0
UMCSENT,1993-01-01,89.3
UMCSENT,1993-02-01,86.6
UMCSENT,1993-03-01,85.9
UMCSENT,1993-04-01,85.6
UMCSENT,1993-05-01,80.3
UMCSENT,1993-06-01,81.5
UMCSENT,1993-07-01,77.0
UMCSENT,1993-08-01,77.3
UMCSENT,1993-09-01,77.9
UMCSENT,1993-10-01,82.7
UMCSENT,1993-11-01,81.2
UMCSENT,1993-12-01,88.2
UMCSENT,1994-01-01,94.3
UMCSENT,1994-02-01,93.2
UMCSENT,1994-03-01,91.5
UMCSENT,1994-04-01,92.6
UMCSENT,1994-05-01,92.8
UMCSENT,1994-06-01,91.2
UMCSENT,1994-07-01,89.0
UMCSENT,1994-08-01,91.7
UMCSENT,1994-09-01,91.5
UMCSENT,1994-10-01,92.7
UMCSENT,1994-11-01,91.6
UMCSENT,1994-12-01,95.1
UMCSENT,1995-01-01,97.6
UMCSENT,1995-02-01,95.1
UMCSENT,1995-03-01,90.3
UMCSENT,1995-04-01,92.5
UMCSENT,1995-05-01,89.8
UMCSENT,1995-06-01,92.7
UMCSENT,1995-07-01,94.4
UMCSENT,1995-08-01,96.2
UMCSENT,1995-09-01,88.9
UMCSENT,1995-10-01,90.2
UMCSENT,1995-11-01,88.2
UMCSENT,1995-12-01,91.0
UMCSENT,1996-01-01,89.3
UMCSENT,1996-02-01,88.5
UMCSENT,1996-03-01,93.7
UMCSENT,1996-04-01,92.7
UMCSENT,1996-05-01,89.4
UMCSENT,1996-06-01,92.4
UMCSENT,1996-07-01,94.7
UMCSENT,1996-08-01,95.3
UMCSENT,1996-09-01,94.7
UMCSENT,1996-10-01,96.5
UMCSENT,1996-11-01,99.2
UMCSENT,1996-12-01,96.9
UMCSENT,1997-01-01,97.4
UMCSENT,1997-02-01,99.7
UMCSENT,1997-03-01,100.0
UMCSENT,1997-04-01,101.4
UMCSENT,1997-05-01,103.2
UMCSENT,1997-06-01,104.5
UMCSENT,1997-07-01,107.1
UMCSENT,1997-08-01,104.4
UMCSENT,1997-09-01,106.0
UMCSENT,1997-10-01,105.6
UMCSENT,1997-11-01,107.2
UMCSENT,1997-12-01,102.1
UMCSENT,1998-01-01,106.6
UMCSENT,1998-02-01,110.4
UMCSENT,1998-03-01,106.5
UMCSENT,1998-04-01,108.7
UMCSENT,1998-05-01,106.5
UMCSENT,1998-06-01,105.6
UMCSENT,1998-07-01,105.2
UMCSENT,1998-08-01,104.4
UMCSENT,1998-09-01,100.9
UMCSENT,1998-10-01,97.4
UMCSENT,1998-11-01,102.7
UMCSENT,1998-12-01,100.5
UMCSENT,1999-01-01,103.9
UMCSENT,1999-02-01,108.1
UMCSENT,1999-03-01,105.7
UMCSENT,1999-04-01,104.6
UMCSENT,1999-05-01,106.8
UMCSENT,1999-06-01,107.3
UMCSENT,1999-07-01,106.0
UMCSENT,1999-08-01,104.5
UMCSENT,1999-09-01,107.2
UMCSENT,1999-10-01,103.2
UMCSENT,1999-11-01,107.2
UMCSENT,1999-12-01,105.4
UMCSENT,2000-01-01,112.0
UMCSENT,2000-02-01,111.3
UMCSENT,2000-03-01,107.1
UMCSENT,2000-04-01,109.2
UMCSENT,2000-05-01,110.7
UMCSENT,2000-06-01,106.4
UMCSENT,2000-07-01,108.3
UMCSENT,2000-08-01,107.3
UMCSENT,2000-09-01,106.8
UMCSENT,2000-10-01,105.8
UMCSENT,2000-11-01,107.6
UMCSENT,2000-12-01,98.4
UMCSENT,2001-01-01,94.7
UMCSENT,2001-02-01,90.6
UMCSENT,2001-03-01,91.5
UMCSENT,2001-04-01,88.4
UMCSENT,2001-05-01,92.0
UMCSENT,2001-06-01,92.6
UMCSENT,2001-07-01,92.4
UMCSENT,2001-08-01,91.5
UMCSENT,2001-09-01,81.8
UMCSENT,2001-10-01,82.7
UMCSENT,2001-11-01,83.9
UMCSENT,2001-12-01,88.8
UMCSENT,2002-01-01,93.0
UMCSENT,2002-02-01,90.7
UMCSENT,2002-03-01,95.7
UMCSENT,2002-04-01,93.0
UMCSENT,2002-05-01,96.9
UMCSENT,2002-06-01,92.4
UMCSENT,2002-07-01,88.1
UMCSENT,2002-08-01,87.6
UMCSENT,2002-09-01,86.1
UMCSENT,2002-10-01,80.6
UMCSENT,2002-11-01,84.2
UMCSENT,2002-12-01,86.7
UMCSENT,2003-01-01,82.4
UMCSENT,2003-02-01,79.9
UMCSENT,2003-03-01,77.6
UMCSENT,2003-04-01,86.0
UMCSENT,2003-05-01,92.1
UMCSENT,2003-06-01,89.7
UMCSENT,2003-07-01,90.9
UMCSENT,2003-08-01,89.3
UMCSENT,2003-09-01,87.7
UMCSENT,2003-10-01,89.6
UMCSENT,2003-11-01,93.7
UMCSENT,2003-12-01,92.6
UMCSENT,2004-01-01,103.8
UMCSENT,2004-02-01,94.4
UMCSENT,2004-03-01,95.8
UMCSENT,2004-04-01,94.2
UMCSENT,2004-05-01,90.2
UMCSENT,2004-06-01,95.6
UMCSENT,2004-07-01,96.7
UMCSENT,2004-08-01,95.9
UMCSENT,2004-09-01,94.2
UMCSENT,2004-10-01,91.7
UMCSENT,2004-11-01,92.8
UMCSENT,2004-12-01,97.1
UMCSENT,2005-01-01,95.5
UMCSENT,2005-02-01,94.1
UMCSENT,2005-03-01,92.6
UMCSENT,2005-04-01,87.7
UMCSENT,2005-05-01,86.9
UMCSENT,2005-06-01,96.0
UMCSENT,2005-07-01,96.5
UMCSENT,2005-08-01,89.1
UMCSENT,2005-09-01,76.9
UMCSENT,2005-10-01,74.2
UMCSENT,2005-11-01,81.6
UMCSENT,2005-12-01,91.5
UMCSENT,2006-01-01,91.2
UMCSENT,2006-02-01,86.7
UMCSENT,2006-03-01,88.9
UMCSENT,2006-04-01,87.4
UMCSENT,2006-05-01,79.1
UMCSENT,2006-06-01,84.9
UMCSENT,2006-07-01,84.7
UMCSENT,2006-08-01,82.0
UMCSENT,2006-09-01,85.4
UMCSENT,2006-10-01,93.6
UMCSENT,2006-11-01,92.1
UMCSENT,2006-12-01,91.7
UMCSENT,2007-01-01,96.9
UMCSENT,2007-02-01,91.3
UMCSENT,2007-03-01,88.4
UMCSENT,2007-04-01,87.1
UMCSENT,2007-05-01,88.3
UMCSENT,2007-06-01,85.3
UMCSENT,2007-07-01,90.4
UMCSENT,2007-08-01,83.4
UMCSENT,2007-09-01,83.4
UMCSENT,2007-10-01,80.9
UMCSENT,2007-11-01,76.1
UMCSENT,2007-12-01,75.5
UMCSENT,2008-01-01,78.4
UMCSENT,2008-02-01,70.8
UMCSENT,2008-03-01,69.5
UMCSENT,2008-04-01,62.6
UMCSENT,2008-05-01,59.8
UMCSENT,2008-06-01,56.4
UMCSENT,2008-07-01,61.2
UMCSENT,2008-08-01,63.0
UMCSENT,2008-09-01,70.3
UMCSENT,2008-10-01,57.6
UMCSENT,2008-11-01,55.3
UMCSENT,2008-12-01,60.1
UMCSENT,2009-01-01,61.2
UMCSENT,2009-02-01,56.3
UMCSENT,2009-03-01,57.3
UMCSENT,2009-04-01,65.1
UMCSENT,2009-05-01,68.7
UMCSENT,2009-06-01,70.8
UMCSENT,2009-07-01,66.0
UMCSENT,2009-08-01,65.7
UMCSENT,2009-09-01,73.5
UMCSENT,2009-10-01,70.6
UMCSENT,2009-11-01,67.4
UMCSENT,2009-12-01,72.5
UMCSENT,2010-01-01,74.4
UMCSENT,2010-02-01,73.6
UMCSENT,2010-03-01,73.6
UMCSENT,2010-04-01,72.2
UMCSENT,2010-05-01,73.6
UMCSENT,2010-06-01,76.0
UMCSENT,2010-07-01,67.8
UMCSENT,2010-08-01,68.9
UMCSENT,2010-09-01,68.2
UMCSENT,2010-10-01,67.7
UMCSENT,2010-11-01,71.6
UMCSENT,2010-12-01,74.5
UMCSENT,2011-01-01,74.2
UMCSENT,2011-02-01,77.5
UMCSENT,2011-03-01,67.5
UMCSENT,2011-04-01,69.8
UMCSENT,2011-05-01,74.3
UMCSENT,2011-06-01,71.5
UMCSENT,2011-07-01,63.7
UMCSENT,2011-08-01,55.8
UMCSENT,2011-09-01,59.5
UMCSENT,2011-10-01,60.8
UMCSENT,2011-11-01,63.7
UMCSENT,2011-12-01,69.9
UMCSENT,2012-01-01,75.0
UMCSENT,2012-02-01,75.3
UMCSENT,2012-03-01,76.2
UMCSENT,2012-04-01,76.4
UMCSENT,2012-05-01,79.3
UMCSENT,2012-06-01,73.2
UMCSENT,2012-07-01,72.3
UMCSENT,2012-08-01,74.3
UMCSENT,2012-09-01,78.3
UMCSENT,2012-10-01,82.6
UMCSENT,2012-11-01,82.7
UMCSENT,2012-12-01,72.9
UMCSENT,2013-01-01,73.8
UMCSENT,2013-02-01,77.6
UMCSENT,2013-03-01,78.6
UMCSENT,2013-04-01,76.4
UMCSENT,2013-05-01,84.5
UMCSENT,2013-06-01,84.1
UMCSENT,2013-07-01,85.1
UMCSENT,2013-08-01,82.1
UMCSENT,2013-09-01,77.5
UMCSENT,2013-10-01,73.2
UMCSENT,2013-11-01,75.1
UMCSENT,2013-12-01,82.5
UMCSENT,2014-01-01,81.2
UMCSENT,2014-02-01,81.6
UMCSENT,2014-03-01,80.0
UMCSENT,2014-04-01,84.1
UMCSENT,2014-05-01,81.9
UMCSENT,2014-06-01,82.5
UMCSENT,2014-07-01,81.8
UMCSENT,2014-08-01,82.5
UMCSENT,2014-09-01,84.6
UMCSENT,2014-10-01,86.9
UMCSENT,2014-11-01,88.8
UMCSENT,2014-12-01,93.6
UMCSENT,2015-01-01,98.1
UMCSENT,2015-02-01,95.4
UMCSENT,2015-03-01,93.0
UMCSENT,2015-04-01,95.9
UMCSENT,2015-05-01,90.7
UMCSENT,2015-06-01,96.1
UMCSENT,2015-07-01,93.1
UMCSENT,2015-08-01,91.9
UMCSENT,2015-09-01,87.2
UMCSENT,2015-10-01,90.0
UMCSENT,2015-11-01,91.3
UMCSENT,2015-12-01,92.6
UMCSENT,2016-01-01,92.0
UMCSENT,2016-02-01,91.7
UMCSENT,2016-03-01,91.0
UMCSENT,2016-04-01,89.0
UMCSENT,2016-05-01,94.7
UMCSENT,2016-06-01,93.5
UMCSENT,2016-07-01,90.0
UMCSENT,2016-08-01,89.8
UMCSENT,2016-09-01,91.2
UMCSENT,2016-10-01,87.2
UMCSENT,2016-11-01,93.8
UMCSENT,2016-12-01,98.2
UMCSENT,2017-01-01,98.5
UMCSENT,2017-02-01,96.3
UMCSENT,2017-03-01,96.9
UMCSENT,2017-04-01,97.0
UMCSENT,2017-05-01,97.1
UMCSENT,2017-06-01,95.0
UMCSENT,2017-07-01,93.4
UMCSENT,2017-08-01,96.8
UMCSENT,2017-09-01,95.1
UMCSENT,2017-10-01,100.7
UMCSENT,2017-11-01,98.5
UMCSENT,2017-12-01,95.9
UMCSENT,2018-01-01,95.7
UMCSENT,2018-02-01,99.7
UMCSENT,2018-03-01,101.4
UMCSENT,2018-04-01,98.8
UMCSENT,2018-05-01,98.0
UMCSENT,2018-06-01,98.2
UMCSENT,2018-07-01,97.9
UMCSENT,2018-08-01,96.2
UMCSENT,2018-09-01,100.1
UMCSENT,2018-10-01,98.6
UMCSENT,2018-11-01,97.5
UMCSENT,2018-12-01,98.3
UMCSENT,2019-01-01,91.2
UMCSENT,2019-02-01,93.8
UMCSENT,2019-03-01,98.4
UMCSENT,2019-04-01,97.2
UMCSENT,2019-05-01,100.0
UMCSENT,2019-06-01,98.2
UMCSENT,2019-07-01,98.4
UMCSENT,2019-08-01,89.8
UMCSENT,2019-09-01,93.2
UMCSENT,2019-10-01,95.5
UMCSENT,2019-11-01,96.8
UMCSENT,2019-12-01,99.3
UMCSENT,2020-01-01,99.8
UMCSENT,2020-02-01,101.0
UMCSENT,2020-03-01,89.1
UMCSENT,2020-04-01,71.8
UMCSENT,2020-05-01,72.3
UMCSENT,2020-06-01,78.1
UMCSENT,2020-07-01,72.5
UMCSENT,2020-08-01,74.1
UMCSENT,2020-09-01,80.4
UMCSENT,2020-10-01,81.8
UMCSENT,2020-11-01,76.9
UMCSENT,2020-12-01,80.7
UMCSENT,2021-01-01,79.0
UMCSENT,2021-02-01,76.8
UMCSENT,2021-03-01,84.9
UMCSENT,2021-04-01,88.3
UMCSENT,2021-05-01,82.9
UMCSENT,2021-06-01,85.5
UMCSENT,2021-07-01,81.2
UMCSENT,2021-08-01,70.3
UMCSENT,2021-09-01,72.8
UMCSENT,2021-10-01,71.7
UMCSENT,2021-11-01,67.4
UMCSENT,2021-12-01,70.6
UMCSENT,2022-01-01,67.2
UMCSENT,2022-02-01,62.8
UMCSENT,2022-03-01,59.4
UMCSENT,2022-04-01,65.2
UMCSENT,2022-05-01,58.4
UMCSENT,2022-06-01,50.0
UMCSENT,2022-07-01,51.5
UMCSENT,2022-08-01,58.2
UMCSENT,2022-09-01,58.6
UMCSENT,2022-10-01,59.9
UMCSENT,2022-11-01,56.7
UMCSENT,2022-12-01,59.8
UMCSENT,2023-01-01,64.9
UMCSENT,2023-02-01,66.9
UMCSENT,2023-03-01,62.0
UMCSENT,2023-04-01,63.7
UMCSENT,2023-05-01,59.0
UMCSENT,2023-06-01,64.2
UMCSENT,2023-07-01,71.5
UMCSENT,2023-08-01,69.4
UMCSENT,2023-09-01,67.8
UMCSENT,2023-10-01,63.8
UMCSENT,2023-11-01,61.3
UMCSENT,2023-12-01,69.7
UMCSENT,2024-01-01,79.0
UMCSENT,2024-02-01,76.9
UMCSENT,2024-03-01,79.4
UMCSENT,2024-04-01,77.2
UMCSENT,2024-05-01,69.1
UMCSENT,2024-06-01,68.2
UMCSENT,2024-07-01,66.4
UMCSENT,2024-08-01,67.9
UMCSENT,2024-09-01,70.1
UMCSENT,2024-10-01,70.5
UMCSENT,2024-11-01,71.8
UMCSENT,2024-12-01,74.0
UMCSENT,2025-01-01,71.7
UMCSENT,2025-02-01,64.7
UMCSENT,2025-03-01,57.0
UMCSENT,2025-04-01,52.2
UMCSENT,2025-05-01,52.2
UMCSENT,2025-06-01,60.7
UMCSENT,2025-07-01,61.7
UMCSENT,2025-08-01,58.2
UMCSENT,2025-09-01,55.1
UMCSENT,2025-10-01,53.6
UMCSENT,2025-11-01,51.0
UMCSENT,2025-12-01,52.9
UMCSENT,2026-01-01,56.4
UMCSENT,2026-02-01,56.6
UMCSENT,2026-03-01,53.3
UMCSENT,2026-04-01,49.8
UMCSENT,2026-05-01,44.8
UMCSENT,2026-06-01,49.5
UMCSENT,2026-07-01,55.2
UMCSENT,2026-08-01,51.7
MICH,1978-01-01,5.2
MICH,1978-02-01,6.4
MICH,1978-03-01,6.3
MICH,1978-04-01,6.7
MICH,1978-05-01,6.9
MICH,1978-06-01,6.5
MICH,1978-07-01,6.6
MICH,1978-08-01,8.7
MICH,1978-09-01,6.9
MICH,1978-10-01,7.4
MICH,1978-11-01,7.5
MICH,1978-12-01,7.3
MICH,1979-01-01,7.8
MICH,1979-02-01,9.3
MICH,1979-03-01,8.8
MICH,1979-04-01,9.7
MICH,1979-05-01,9.8
MICH,1979-06-01,9.9
MICH,1979-07-01,9.9
MICH,1979-08-01,9.9
MICH,1979-09-01,9.6
MICH,1979-10-01,9.0
MICH,1979-11-01,10.0
MICH,1979-12-01,9.9
MICH,1980-01-01,10.4
MICH,1980-02-01,10.0
MICH,1980-03-01,10.2
MICH,1980-04-01,10.1
MICH,1980-05-01,8.6
MICH,1980-06-01,8.5
MICH,1980-07-01,9.6
MICH,1980-08-01,7.6
MICH,1980-09-01,9.1
MICH,1980-10-01,9.6
MICH,1980-11-01,8.6
MICH,1980-12-01,9.7
MICH,1981-01-01,9.5
MICH,1981-02-01,8.6
MICH,1981-03-01,7.2
MICH,1981-04-01,8.0
MICH,1981-05-01,7.3
MICH,1981-06-01,7.1
MICH,1981-07-01,6.8
MICH,1981-08-01,5.8
MICH,1981-09-01,6.9
MICH,1981-10-01,6.7
MICH,1981-11-01,7.3
MICH,1981-12-01,5.3
MICH,1982-01-01,5.1
MICH,1982-02-01,5.2
MICH,1982-03-01,4.2
MICH,1982-04-01,4.7
MICH,1982-05-01,3.5
MICH,1982-06-01,4.6
MICH,1982-07-01,5.0
MICH,1982-08-01,4.8
MICH,1982-09-01,4.5
MICH,1982-10-01,4.7
MICH,1982-11-01,4.5
MICH,1982-12-01,3.7
MICH,1983-01-01,2.8
MICH,1983-02-01,3.0
MICH,1983-03-01,1.8
MICH,1983-04-01,3.4
MICH,1983-05-01,3.2
MICH,1983-06-01,3.2
MICH,1983-07-01,3.2
MICH,1983-08-01,3.3
MICH,1983-09-01,3.3
MICH,1983-10-01,3.7
MICH,1983-11-01,3.5
MICH,1983-12-01,3.5
MICH,1984-01-01,3.2
MICH,1984-02-01,3.3
MICH,1984-03-01,3.4
MICH,1984-04-01,3.9
MICH,1984-05-01,4.2
MICH,1984-06-01,4.2
MICH,1984-07-01,3.4
MICH,1984-08-01,3.0
MICH,1984-09-01,3.0
MICH,1984-10-01,3.5
MICH,1984-11-01,3.4
MICH,1984-12-01,3.3
MICH,1985-01-01,2.9
MICH,1985-02-01,3.1
MICH,1985-03-01,3.0
MICH,1985-04-01,3.3
MICH,1985-05-01,3.2
MICH,1985-06-01,3.4
MICH,1985-07-01,2.8
MICH,1985-08-01,2.8
MICH,1985-09-01,2.9
MICH,1985-10-01,3.3
MICH,1985-11-01,3.1
MICH,1985-12-01,3.5
MICH,1986-01-01,2.9
MICH,1986-02-01,2.8
MICH,1986-03-01,2.3
MICH,1986-04-01,2.4
MICH,1986-05-01,2.7
MICH,1986-06-01,2.9
MICH,1986-07-01,2.8
MICH,1986-08-01,3.0
MICH,1986-09-01,2.9
MICH,1986-10-01,3.2
MICH,1986-11-01,2.8
MICH,1986-12-01,3.0
MICH,1987-01-01,2.9
MICH,1987-02-01,3.1
MICH,1987-03-01,3.0
MICH,1987-04-01,3.0
MICH,1987-05-01,3.4
MICH,1987-06-01,3.3
MICH,1987-07-01,3.1
MICH,1987-08-01,3.2
MICH,1987-09-01,3.0
MICH,1987-10-01,3.3
MICH,1987-11-01,3.2
MICH,1987-12-01,3.1
MICH,1988-01-01,3.2
MICH,1988-02-01,3.1
MICH,1988-03-01,3.2
MICH,1988-04-01,3.3
MICH,1988-05-01,3.3
MICH,1988-06-01,3.7
MICH,1988-07-01,4.6
MICH,1988-08-01,4.4
MICH,1988-09-01,3.9
MICH,1988-10-01,3.9
MICH,1988-11-01,3.7
MICH,1988-12-01,3.9
MICH,1989-01-01,3.5
MICH,1989-02-01,4.1
MICH,1989-03-01,3.7
MICH,1989-04-01,4.3
MICH,1989-05-01,4.6
MICH,1989-06-01,3.8
MICH,1989-07-01,4.1
MICH,1989-08-01,3.5
MICH,1989-09-01,3.4
MICH,1989-10-01,3.6
MICH,1989-11-01,3.5
MICH,1989-12-01,3.5
MICH,1990-01-01,4.1
MICH,1990-02-01,4.1
MICH,1990-03-01,3.7
MICH,1990-04-01,3.6
MICH,1990-05-01,3.4
MICH,1990-06-01,3.8
MICH,1990-07-01,3.4
MICH,1990-08-01,4.6
MICH,1990-09-01,4.7
MICH,1990-10-01,4.8
MICH,1990-11-01,4.7
MICH,1990-12-01,4.7
MICH,1991-01-01,3.9
MICH,1991-02-01,3.4
MICH,1991-03-01,3.3
MICH,1991-04-01,3.2
MICH,1991-05-01,3.1
MICH,1991-06-01,3.3
MICH,1991-07-01,3.1
MICH,1991-08-01,3.2
MICH,1991-09-01,3.0
MICH,1991-10-01,3.2
MICH,1991-11-01,2.9
MICH,1991-12-01,2.7
MICH,1992-01-01,2.7
MICH,1992-02-01,2.6
MICH,1992-03-01,2.6
MICH,1992-04-01,3.0
MICH,1992-05-01,2.9
MICH,1992-06-01,3.1
MICH,1992-07-01,2.7
MICH,1992-08-01,2.8
MICH,1992-09-01,3.0
MICH,1992-10-01,2.8
MICH,1992-11-01,2.9
MICH,1992-12-01,2.8
MICH,1993-01-01,2.9
MICH,1993-02-01,3.2
MICH,1993-03-01,3.1
MICH,1993-04-01,3.0
MICH,1993-05-01,2.9
MICH,1993-06-01,3.5
MICH,1993-07-01,3.0
MICH,1993-08-01,3.2
MICH,1993-09-01,3.0
MICH,1993-10-01,3.3
MICH,1993-11-01,2.8
MICH,1993-12-01,3.0
MICH,1994-01-01,2.8
MICH,1994-02-01,2.8
MICH,1994-03-01,3.0
MICH,1994-04-01,3.0
MICH,1994-05-01,3.1
MICH,1994-06-01,2.7
MICH,1994-07-01,2.9
MICH,1994-08-01,3.1
MICH,1994-09-01,3.4
MICH,1994-10-01,3.0
MICH,1994-11-01,3.2
MICH,1994-12-01,3.0
MICH,1995-01-01,3.0
MICH,1995-02-01,3.0
MICH,1995-03-01,3.2
MICH,1995-04-01,3.3
MICH,1995-05-01,3.0
MICH,1995-06-01,2.9
MICH,1995-07-01,2.9
MICH,1995-08-01,2.9
MICH,1995-09-01,2.8
MICH,1995-10-01,2.9
MICH,1995-11-01,2.8
MICH,1995-12-01,2.7
MICH,1996-01-01,2.8
MICH,1996-02-01,2.8
MICH,1996-03-01,2.9
MICH,1996-04-01,3.0
MICH,1996-05-01,3.1
MICH,1996-06-01,2.9
MICH,1996-07-01,3.0
MICH,1996-08-01,3.1
MICH,1996-09-01,3.2
MICH,1996-10-01,3.0
MICH,1996-11-01,3.0
MICH,1996-12-01,3.0
MICH,1997-01-01,3.0
MICH,1997-02-01,3.0
MICH,1997-03-01,2.8
MICH,1997-04-01,3.0
MICH,1997-05-01,2.9
MICH,1997-06-01,2.8
MICH,1997-07-01,2.7
MICH,1997-08-01,2.7
MICH,1997-09-01,2.8
MICH,1997-10-01,2.8
MICH,1997-11-01,2.9
MICH,1997-12-01,2.8
MICH,1998-01-01,2.3
MICH,1998-02-01,2.4
MICH,1998-03-01,2.5
MICH,1998-04-01,2.4
MICH,1998-05-01,2.6
MICH,1998-06-01,2.7
MICH,1998-07-01,2.6
MICH,1998-08-01,2.4
MICH,1998-09-01,2.3
MICH,1998-10-01,2.5
MICH,1998-11-01,2.3
MICH,1998-12-01,2.5
MICH,1999-01-01,2.7
MICH,1999-02-01,2.5
MICH,1999-03-01,2.7
MICH,1999-04-01,2.7
MICH,1999-05-01,2.8
MICH,1999-06-01,2.5
MICH,1999-07-01,2.7
MICH,1999-08-01,2.8
MICH,1999-09-01,2.7
MICH,1999-10-01,2.9
MICH,1999-11-01,2.9
MICH,1999-12-01,3.0
MICH,2000-01-01,3.0
MICH,2000-02-01,2.9
MICH,2000-03-01,3.2
MICH,2000-04-01,3.2
MICH,2000-05-01,3.0
MICH,2000-06-01,2.9
MICH,2000-07-01,3.0
MICH,2000-08-01,2.7
MICH,2000-09-01,2.9
MICH,2000-10-01,3.2
MICH,2000-11-01,2.9
MICH,2000-12-01,2.8
MICH,2001-01-01,3.0
MICH,2001-02-01,2.8
MICH,2001-03-01,2.8
MICH,2001-04-01,3.1
MICH,2001-05-01,3.2
MICH,2001-06-01,3.0
MICH,2001-07-01,2.6
MICH,2001-08-01,2.7
MICH,2001-09-01,2.8
MICH,2001-10-01,1.0
MICH,2001-11-01,0.4
MICH,2001-12-01,1.8
MICH,2002-01-01,1.9
MICH,2002-02-01,2.1
MICH,2002-03-01,2.7
MICH,2002-04-01,2.8
MICH,2002-05-01,2.7
MICH,2002-06-01,2.7
MICH,2002-07-01,2.6
MICH,2002-08-01,2.6
MICH,2002-09-01,2.5
MICH,2002-10-01,2.5
MICH,2002-11-01,2.4
MICH,2002-12-01,2.5
MICH,2003-01-01,2.5
MICH,2003-02-01,2.7
MICH,2003-03-01,3.1
MICH,2003-04-01,2.4
MICH,2003-05-01,2.0
MICH,2003-06-01,2.1
MICH,2003-07-01,1.7
MICH,2003-08-01,2.5
MICH,2003-09-01,2.8
MICH,2003-10-01,2.6
MICH,2003-11-01,2.7
MICH,2003-12-01,2.6
MICH,2004-01-01,2.7
MICH,2004-02-01,2.6
MICH,2004-03-01,2.9
MICH,2004-04-01,3.2
MICH,2004-05-01,3.3
MICH,2004-06-01,3.3
MICH,2004-07-01,3.0
MICH,2004-08-01,2.8
MICH,2004-09-01,2.8
MICH,2004-10-01,3.1
MICH,2004-11-01,2.8
MICH,2004-12-01,3.0
MICH,2005-01-01,2.9
MICH,2005-02-01,2.9
MICH,2005-03-01,3.2
MICH,2005-04-01,3.3
MICH,2005-05-01,3.2
MICH,2005-06-01,3.2
MICH,2005-07-01,3.0
MICH,2005-08-01,3.1
MICH,2005-09-01,4.3
MICH,2005-10-01,4.6
MICH,2005-11-01,3.3
MICH,2005-12-01,3.1
MICH,2006-01-01,3.0
MICH,2006-02-01,3.0
MICH,2006-03-01,3.0
MICH,2006-04-01,3.3
MICH,2006-05-01,4.0
MICH,2006-06-01,3.3
MICH,2006-07-01,3.2
MICH,2006-08-01,3.8
MICH,2006-09-01,3.1
MICH,2006-10-01,3.1
MICH,2006-11-01,3.0
MICH,2006-12-01,2.9
MICH,2007-01-01,3.0
MICH,2007-02-01,3.0
MICH,2007-03-01,3.0
MICH,2007-04-01,3.3
MICH,2007-05-01,3.3
MICH,2007-06-01,3.4
MICH,2007-07-01,3.4
MICH,2007-08-01,3.2
MICH,2007-09-01,3.1
MICH,2007-10-01,3.1
MICH,2007-11-01,3.4
MICH,2007-12-01,3.4
MICH,2008-01-01,3.4
MICH,2008-02-01,3.6
MICH,2008-03-01,4.3
MICH,2008-04-01,4.8
MICH,2008-05-01,5.2
MICH,2008-06-01,5.1
MICH,2008-07-01,5.1
MICH,2008-08-01,4.8
MICH,2008-09-01,4.3
MICH,2008-10-01,3.9
MICH,2008-11-01,2.9
MICH,2008-12-01,1.7
MICH,2009-01-01,2.2
MICH,2009-02-01,1.9
MICH,2009-03-01,2.0
MICH,2009-04-01,2.8
MICH,2009-05-01,2.8
MICH,2009-06-01,3.1
MICH,2009-07-01,2.9
MICH,2009-08-01,2.8
MICH,2009-09-01,2.2
MICH,2009-10-01,2.9
MICH,2009-11-01,2.7
MICH,2009-12-01,2.5
MICH,2010-01-01,2.8
MICH,2010-02-01,2.7
MICH,2010-03-01,2.7
MICH,2010-04-01,2.9
MICH,2010-05-01,3.2
MICH,2010-06-01,2.8
MICH,2010-07-01,2.7
MICH,2010-08-01,2.7
MICH,2010-09-01,2.2
MICH,2010-10-01,2.7
MICH,2010-11-01,3.0
MICH,2010-12-01,3.0
MICH,2011-01-01,3.4
MICH,2011-02-01,3.4
MICH,2011-03-01,4.6
MICH,2011-04-01,4.6
MICH,2011-05-01,4.1
MICH,2011-06-01,3.8
MICH,2011-07-01,3.4
MICH,2011-08-01,3.5
MICH,2011-09-01,3.3
MICH,2011-10-01,3.2
MICH,2011-11-01,3.2
MICH,2011-12-01,3.1
MICH,2012-01-01,3.3
MICH,2012-02-01,3.3
MICH,2012-03-01,3.9
MICH,2012-04-01,3.2
MICH,2012-05-01,3.0
MICH,2012-06-01,3.1
MICH,2012-07-01,3.0
MICH,2012-08-01,3.6
MICH,2012-09-01,3.3
MICH,2012-10-01,3.1
MICH,2012-11-01,3.1
MICH,2012-12-01,3.2
MICH,2013-01-01,3.3
MICH,2013-02-01,3.3
MICH,2013-03-01,3.2
MICH,2013-04-01,3.1
MICH,2013-05-01,3.1
MICH,2013-06-01,3.0
MICH,2013-07-01,3.1
MICH,2013-08-01,3.0
MICH,2013-09-01,3.3
MICH,2013-10-01,3.0
MICH,2013-11-01,2.9
MICH,2013-12-01,3.0
MICH,2014-01-01,3.1
MICH,2014-02-01,3.2
MICH,2014-03-01,3.2
MICH,2014-04-01,3.2
MICH,2014-05-01,3.3
MICH,2014-06-01,3.1
MICH,2014-07-01,3.3
MICH,2014-08-01,3.2
MICH,2014-09-01,3.0
MICH,2014-10-01,2.9
MICH,2014-11-01,2.8
MICH,2014-12-01,2.8
MICH,2015-01-01,2.5
MICH,2015-02-01,2.8
MICH,2015-03-01,3.0
MICH,2015-04-01,2.6
MICH,2015-05-01,2.8
MICH,2015-06-01,2.7
MICH,2015-07-01,2.8
MICH,2015-08-01,2.8
MICH,2015-09-01,2.8
MICH,2015-10-01,2.7
MICH,2015-11-01,2.7
MICH,2015-12-01,2.6
MICH,2016-01-01,2.5
MICH,2016-02-01,2.5
MICH,2016-03-01,2.7
MICH,2016-04-01,2.8
MICH,2016-05-01,2.4
MICH,2016-06-01,2.6
MICH,2016-07-01,2.7
MICH,2016-08-01,2.5
MICH,2016-09-01,2.4
MICH,2016-10-01,2.4
MICH,2016-11-01,2.4
MICH,2016-12-01,2.2
MICH,2017-01-01,2.6
MICH,2017-02-01,2.7
MICH,2017-03-01,2.5
MICH,2017-04-01,2.5
MICH,2017-05-01,2.6
MICH,2017-06-01,2.6
MICH,2017-07-01,2.6
MICH,2017-08-01,2.6
MICH,2017-09-01,2.7
MICH,2017-10-01,2.4
MICH,2017-11-01,2.5
MICH,2017-12-01,2.7
MICH,2018-01-01,2.7
MICH,2018-02-01,2.7
MICH,2018-03-01,2.8
MICH,2018-04-01,2.7
MICH,2018-05-01,2.8
MICH,2018-06-01,3.0
MICH,2018-07-01,2.9
MICH,2018-08-01,3.0
MICH,2018-09-01,2.7
MICH,2018-10-01,2.9
MICH,2018-11-01,2.8
MICH,2018-12-01,2.7
MICH,2019-01-01,2.7
MICH,2019-02-01,2.6
MICH,2019-03-01,2.5
MICH,2019-04-01,2.5
MICH,2019-05-01,2.9
MICH,2019-06-01,2.7
MICH,2019-07-01,2.6
MICH,2019-08-01,2.7
MICH,2019-09-01,2.8
MICH,2019-10-01,2.5
MICH,2019-11-01,2.5
MICH,2019-12-01,2.3
MICH,2020-01-01,2.5
MICH,2020-02-01,2.4
MICH,2020-03-01,2.2
MICH,2020-04-01,2.1
MICH,2020-05-01,3.2
MICH,2020-06-01,3.0
MICH,2020-07-01,3.0
MICH,2020-08-01,3.1
MICH,2020-09-01,2.6
MICH,2020-10-01,2.6
MICH,2020-11-01,2.8
MICH,2020-12-01,2.5
MICH,2021-01-01,3.0
MICH,2021-02-01,3.3
MICH,2021-03-01,3.1
MICH,2021-04-01,3.4
MICH,2021-05-01,4.6
MICH,2021-06-01,4.2
MICH,2021-07-01,4.7
MICH,2021-08-01,4.6
MICH,2021-09-01,4.6
MICH,2021-10-01,4.8
MICH,2021-11-01,4.9
MICH,2021-12-01,4.8
MICH,2022-01-01,4.9
MICH,2022-02-01,4.9
MICH,2022-03-01,5.4
MICH,2022-04-01,5.4
MICH,2022-05-01,5.3
MICH,2022-06-01,5.3
MICH,2022-07-01,5.2
MICH,2022-08-01,4.8
MICH,2022-09-01,4.7
MICH,2022-10-01,5.0
MICH,2022-11-01,5.0
MICH,2022-12-01,4.3
MICH,2023-01-01,3.9
MICH,2023-02-01,4.2
MICH,2023-03-01,3.6
MICH,2023-04-01,4.7
MICH,2023-05-01,4.2
MICH,2023-06-01,3.3
MICH,2023-07-01,3.4
MICH,2023-08-01,3.5
MICH,2023-09-01,3.2
MICH,2023-10-01,4.2
MICH,2023-11-01,4.5
MICH,2023-12-01,3.1
MICH,2024-01-01,2.9
MICH,2024-02-01,3.0
MICH,2024-03-01,2.9
MICH,2024-04-01,3.2
MICH,2024-05-01,3.3
MICH,2024-06-01,3.0
MICH,2024-07-01,2.9
MICH,2024-08-01,2.8
MICH,2024-09-01,2.7
MICH,2024-10-01,2.7
MICH,2024-11-01,2.6
MICH,2024-12-01,2.8
MICH,2025-01-01,3.3
MICH,2025-02-01,4.3
MICH,2025-03-01,5.0
MICH,2025-04-01,6.5
MICH,2025-05-01,6.6
MICH,2025-06-01,5.0
MICH,2025-07-01,4.5
MICH,2025-08-01,4.8
MICH,2025-09-01,4.7
MICH,2025-10-01,4.6
MICH,2025-11-01,4.5
MICH,2025-12-01,4.2
MICH,2026-01-01,4.0
MICH,2026-02-01,3.4
MICH,2026-03-01,3.8
MICH,2026-04-01,4.7
MICH,2026-05-01,4.8
MICH,2026-06-01,4.6
MICH,2026-07-01,4.2
MICH,2026-08-01,4.0
UNRATE,1954-01-01,4.9
UNRATE,1954-02-01,5.2
UNRATE,1954-03-01,5.7
UNRATE,1954-04-01,5.9
UNRATE,1954-05-01,5.9
UNRATE,1954-06-01,5.6
UNRATE,1954-07-01,5.8
UNRATE,1954-08-01,6.0
UNRATE,1954-09-01,6.1
UNRATE,1954-10-01,5.7
UNRATE,1954-11-01,5.3
UNRATE,1954-12-01,5.0
UNRATE,1955-01-01,4.9
UNRATE,1955-02-01,4.7
UNRATE,1955-03-01,4.6
UNRATE,1955-04-01,4.7
UNRATE,1955-05-01,4.3
UNRATE,1955-06-01,4.2
UNRATE,1955-07-01,4.0
UNRATE,1955-08-01,4.2
UNRATE,1955-09-01,4.1
UNRATE,1955-10-01,4.3
UNRATE,1955-11-01,4.2
UNRATE,1955-12-01,4.2
UNRATE,1956-01-01,4.0
UNRATE,1956-02-01,3.9
UNRATE,1956-03-01,4.2
UNRATE,1956-04-01,4.0
UNRATE,1956-05-01,4.3
UNRATE,1956-06-01,4.3
UNRATE,1956-07-01,4.4
UNRATE,1956-08-01,4.1
UNRATE,1956-09-01,3.9
UNRATE,1956-10-01,3.9
UNRATE,1956-11-01,4.3
UNRATE,1956-12-01,4.2
UNRATE,1957-01-01,4.2
UNRATE,1957-02-01,3.9
UNRATE,1957-03-01,3.7
UNRATE,1957-04-01,3.9
UNRATE,1957-05-01,4.1
UNRATE,1957-06-01,4.3
UNRATE,1957-07-01,4.2
UNRATE,1957-08-01,4.1
UNRATE,1957-09-01,4.4
UNRATE,1957-10-01,4.5
UNRATE,1957-11-01,5.1
UNRATE,1957-12-01,5.2
UNRATE,1958-01-01,5.8
UNRATE,1958-02-01,6.4
UNRATE,1958-03-01,6.7
UNRATE,1958-04-01,7.4
UNRATE,1958-05-01,7.4
UNRATE,1958-06-01,7.3
UNRATE,1958-07-01,7.5
UNRATE,1958-08-01,7.4
UNRATE,1958-09-01,7.1
UNRATE,1958-10-01,6.7
UNRATE,1958-11-01,6.2
UNRATE,1958-12-01,6.2
UNRATE,1959-01-01,6.0
UNRATE,1959-02-01,5.9
UNRATE,1959-03-01,5.6
UNRATE,1959-04-01,5.2
UNRATE,1959-05-01,5.1
UNRATE,1959-06-01,5.0
UNRATE,1959-07-01,5.1
UNRATE,1959-08-01,5.2
UNRATE,1959-09-01,5.5
UNRATE,1959-10-01,5.7
UNRATE,1959-11-01,5.8
UNRATE,1959-12-01,5.3
UNRATE,1960-01-01,5.2
UNRATE,1960-02-01,4.8
UNRATE,1960-03-01,5.4
UNRATE,1960-04-01,5.2
UNRATE,1960-05-01,5.1
UNRATE,1960-06-01,5.4
UNRATE,1960-07-01,5.5
UNRATE,1960-08-01,5.6
UNRATE,1960-09-01,5.5
UNRATE,1960-10-01,6.1
UNRATE,1960-11-01,6.1
UNRATE,1960-12-01,6.6
UNRATE,1961-01-01,6.6
UNRATE,1961-02-01,6.9
UNRATE,1961-03-01,6.9
UNRATE,1961-04-01,7.0
UNRATE,1961-05-01,7.1
UNRATE,1961-06-01,6.9
UNRATE,1961-07-01,7.0
UNRATE,1961-08-01,6.6
UNRATE,1961-09-01,6.7
UNRATE,1961-10-01,6.5
UNRATE,1961-11-01,6.1
UNRATE,1961-12-01,6.0
UNRATE,1962-01-01,5.8
UNRATE,1962-02-01,5.5
UNRATE,1962-03-01,5.6
UNRATE,1962-04-01,5.6
UNRATE,1962-05-01,5.5
UNRATE,1962-06-01,5.5
UNRATE,1962-07-01,5.4
UNRATE,1962-08-01,5.7
UNRATE,1962-09-01,5.6
UNRATE,1962-10-01,5.4
UNRATE,1962-11-01,5.7
UNRATE,1962-12-01,5.5
UNRATE,1963-01-01,5.7
UNRATE,1963-02-01,5.9
UNRATE,1963-03-01,5.7
UNRATE,1963-04-01,5.7
UNRATE,1963-05-01,5.9
UNRATE,1963-06-01,5.6
UNRATE,1963-07-01,5.6
UNRATE,1963-08-01,5.4
UNRATE,1963-09-01,5.5
UNRATE,1963-10-01,5.5
UNRATE,1963-11-01,5.7
UNRATE,1963-12-01,5.5
UNRATE,1964-01-01,5.6
UNRATE,1964-02-01,5.4
UNRATE,1964-03-01,5.4
UNRATE,1964-04-01,5.3
UNRATE,1964-05-01,5.1
UNRATE,1964-06-01,5.2
UNRATE,1964-07-01,4.9
UNRATE,1964-08-01,5.0
UNRATE,1964-09-01,5.1
UNRATE,1964-10-01,5.1
UNRATE,1964-11-01,4.8
UNRATE,1964-12-01,5.0
UNRATE,1965-01-01,4.9
UNRATE,1965-02-01,5.1
UNRATE,1965-03-01,4.7
UNRATE,1965-04-01,4.8
UNRATE,1965-05-01,4.6
UNRATE,1965-06-01,4.6
UNRATE,1965-07-01,4.4
UNRATE,1965-08-01,4.4
UNRATE,1965-09-01,4.3
UNRATE,1965-10-01,4.2
UNRATE,1965-11-01,4.1
UNRATE,1965-12-01,4.0
UNRATE,1966-01-01,4.0
UNRATE,1966-02-01,3.8
UNRATE,1966-03-01,3.8
UNRATE,1966-04-01,3.8
UNRATE,1966-05-01,3.9
UNRATE,1966-06-01,3.8
UNRATE,1966-07-01,3.8
UNRATE,1966-08-01,3.8
UNRATE,1966-09-01,3.7
UNRATE,1966-10-01,3.7
UNRATE,1966-11-01,3.6
UNRATE,1966-12-01,3.8
UNRATE,1967-01-01,3.9
UNRATE,1967-02-01,3.8
UNRATE,1967-03-01,3.8
UNRATE,1967-04-01,3.8
UNRATE,1967-05-01,3.8
UNRATE,1967-06-01,3.9
UNRATE,1967-07-01,3.8
UNRATE,1967-08-01,3.8
UNRATE,1967-09-01,3.8
UNRATE,1967-10-01,4.0
UNRATE,1967-11-01,3.9
UNRATE,1967-12-01,3.8
UNRATE,1968-01-01,3.7
UNRATE,1968-02-01,3.8
UNRATE,1968-03-01,3.7
UNRATE,1968-04-01,3.5
UNRATE,1968-05-01,3.5
UNRATE,1968-06-01,3.7
UNRATE,1968-07-01,3.7
UNRATE,1968-08-01,3.5
UNRATE,1968-09-01,3.4
UNRATE,1968-10-01,3.4
UNRATE,1968-11-01,3.4
UNRATE,1968-12-01,3.4
UNRATE,1969-01-01,3.4
UNRATE,1969-02-01,3.4
UNRATE,1969-03-01,3.4
UNRATE,1969-04-01,3.4
UNRATE,1969-05-01,3.4
UNRATE,1969-06-01,3.5
UNRATE,1969-07-01,3.5
UNRATE,1969-08-01,3.5
UNRATE,1969-09-01,3.7
UNRATE,1969-10-01,3.7
UNRATE,1969-11-01,3.5
UNRATE,1969-12-01,3.5
UNRATE,1970-01-01,3.9
UNRATE,1970-02-01,4.2
UNRATE,1970-03-01,4.4
UNRATE,1970-04-01,4.6
UNRATE,1970-05-01,4.8
UNRATE,1970-06-01,4.9
UNRATE,1970-07-01,5.0
UNRATE,1970-08-01,5.1
UNRATE,1970-09-01,5.4
UNRATE,1970-10-01,5.5
UNRATE,1970-11-01,5.9
UNRATE,1970-12-01,6.1
UNRATE,1971-01-01,5.9
UNRATE,1971-02-01,5.9
UNRATE,1971-03-01,6.0
UNRATE,1971-04-01,5.9
UNRATE,1971-05-01,5.9
UNRATE,1971-06-01,5.9
UNRATE,1971-07-01,6.0
UNRATE,1971-08-01,6.1
UNRATE,1971-09-01,6.0
UNRATE,1971-10-01,5.8
UNRATE,1971-11-01,6.0
UNRATE,1971-12-01,6.0
UNRATE,1972-01-01,5.8
UNRATE,1972-02-01,5.7
UNRATE,1972-03-01,5.8
UNRATE,1972-04-01,5.7
UNRATE,1972-05-01,5.7
UNRATE,1972-06-01,5.7
UNRATE,1972-07-01,5.6
UNRATE,1972-08-01,5.6
UNRATE,1972-09-01,5.5
UNRATE,1972-10-01,5.6
UNRATE,1972-11-01,5.3
UNRATE,1972-12-01,5.2
UNRATE,1973-01-01,4.9
UNRATE,1973-02-01,5.0
UNRATE,1973-03-01,4.9
UNRATE,1973-04-01,5.0
UNRATE,1973-05-01,4.9
UNRATE,1973-06-01,4.9
UNRATE,1973-07-01,4.8
UNRATE,1973-08-01,4.8
UNRATE,1973-09-01,4.8
UNRATE,1973-10-01,4.6
UNRATE,1973-11-01,4.8
UNRATE,1973-12-01,4.9
UNRATE,1974-01-01,5.1
UNRATE,1974-02-01,5.2
UNRATE,1974-03-01,5.1
UNRATE,1974-04-01,5.1
UNRATE,1974-05-01,5.1
UNRATE,1974-06-01,5.4
UNRATE,1974-07-01,5.5
UNRATE,1974-08-01,5.5
UNRATE,1974-09-01,5.9
UNRATE,1974-10-01,6.0
UNRATE,1974-11-01,6.6
UNRATE,1974-12-01,7.2
UNRATE,1975-01-01,8.1
UNRATE,1975-02-01,8.1
UNRATE,1975-03-01,8.6
UNRATE,1975-04-01,8.8
UNRATE,1975-05-01,9.0
UNRATE,1975-06-01,8.8
UNRATE,1975-07-01,8.6
UNRATE,1975-08-01,8.4
UNRATE,1975-09-01,8.4
UNRATE,1975-10-01,8.4
UNRATE,1975-11-01,8.3
UNRATE,1975-12-01,8.2
UNRATE,1976-01-01,7.9
UNRATE,1976-02-01,7.7
UNRATE,1976-03-01,7.6
UNRATE,1976-04-01,7.7
UNRATE,1976-05-01,7.4
UNRATE,1976-06-01,7.6
UNRATE,1976-07-01,7.8
UNRATE,1976-08-01,7.8
UNRATE,1976-09-01,7.6
UNRATE,1976-10-01,7.7
UNRATE,1976-11-01,7.8
UNRATE,1976-12-01,7.8
UNRATE,1977-01-01,7.5
UNRATE,1977-02-01,7.6
UNRATE,1977-03-01,7.4
UNRATE,1977-04-01,7.2
UNRATE,1977-05-01,7.0
UNRATE,1977-06-01,7.2
UNRATE,1977-07-01,6.9
UNRATE,1977-08-01,7.0
UNRATE,1977-09-01,6.8
UNRATE,1977-10-01,6.8
UNRATE,1977-11-01,6.8
UNRATE,1977-12-01,6.4
UNRATE,1978-01-01,6.4
UNRATE,1978-02-01,6.3
UNRATE,1978-03-01,6.3
UNRATE,1978-04-01,6.1
UNRATE,1978-05-01,6.0
UNRATE,1978-06-01,5.9
UNRATE,1978-07-01,6.2
UNRATE,1978-08-01,5.9
UNRATE,1978-09-01,6.0
UNRATE,1978-10-01,5.8
UNRATE,1978-11-01,5.9
UNRATE,1978-12-01,6.0
UNRATE,1979-01-01,5.9
UNRATE,1979-02-01,5.9
UNRATE,1979-03-01,5.8
UNRATE,1979-04-01,5.8
UNRATE,1979-05-01,5.6
UNRATE,1979-06-01,5.7
UNRATE,1979-07-01,5.7
UNRATE,1979-08-01,6.0
UNRATE,1979-09-01,5.9
UNRATE,1979-10-01,6.0
UNRATE,1979-11-01,5.9
UNRATE,1979-12-01,6.0
UNRATE,1980-01-01,6.3
UNRATE,1980-02-01,6.3
UNRATE,1980-03-01,6.3
UNRATE,1980-04-01,6.9
UNRATE,1980-05-01,7.5
UNRATE,1980-06-01,7.6
UNRATE,1980-07-01,7.8
UNRATE,1980-08-01,7.7
UNRATE,1980-09-01,7.5
UNRATE,1980-10-01,7.5
UNRATE,1980-11-01,7.5
UNRATE,1980-12-01,7.2
UNRATE,1981-01-01,7.5
UNRATE,1981-02-01,7.4
UNRATE,1981-03-01,7.4
UNRATE,1981-04-01,7.2
UNRATE,1981-05-01,7.5
UNRATE,1981-06-01,7.5
UNRATE,1981-07-01,7.2
UNRATE,1981-08-01,7.4
UNRATE,1981-09-01,7.6
UNRATE,1981-10-01,7.9
UNRATE,1981-11-01,8.3
UNRATE,1981-12-01,8.5
UNRATE,1982-01-01,8.6
UNRATE,1982-02-01,8.9
UNRATE,1982-03-01,9.0
UNRATE,1982-04-01,9.3
UNRATE,1982-05-01,9.4
UNRATE,1982-06-01,9.6
UNRATE,1982-07-01,9.8
UNRATE,1982-08-01,9.8
UNRATE,1982-09-01,10.1
UNRATE,1982-10-01,10.4
UNRATE,1982-11-01,10.8
UNRATE,1982-12-01,10.8
UNRATE,1983-01-01,10.4
UNRATE,1983-02-01,10.4
UNRATE,1983-03-01,10.3
UNRATE,1983-04-01,10.2
UNRATE,1983-05-01,10.1
UNRATE,1983-06-01,10.1
UNRATE,1983-07-01,9.4
UNRATE,1983-08-01,9.5
UNRATE,1983-09-01,9.2
UNRATE,1983-10-01,8.8
UNRATE,1983-11-01,8.5
UNRATE,1983-12-01,8.3
UNRATE,1984-01-01,8.0
UNRATE,1984-02-01,7.8
UNRATE,1984-03-01,7.8
UNRATE,1984-04-01,7.7
UNRATE,1984-05-01,7.4
UNRATE,1984-06-01,7.2
UNRATE,1984-07-01,7.5
UNRATE,1984-08-01,7.5
UNRATE,1984-09-01,7.3
UNRATE,1984-10-01,7.4
UNRATE,1984-11-01,7.2
UNRATE,1984-12-01,7.3
UNRATE,1985-01-01,7.3
UNRATE,1985-02-01,7.2
UNRATE,1985-03-01,7.2
UNRATE,1985-04-01,7.3
UNRATE,1985-05-01,7.2
UNRATE,1985-06-01,7.4
UNRATE,1985-07-01,7.4
UNRATE,1985-08-01,7.1
UNRATE,1985-09-01,7.1
UNRATE,1985-10-01,7.1
UNRATE,1985-11-01,7.0
UNRATE,1985-12-01,7.0
UNRATE,1986-01-01,6.7
UNRATE,1986-02-01,7.2
UNRATE,1986-03-01,7.2
UNRATE,1986-04-01,7.1
UNRATE,1986-05-01,7.2
UNRATE,1986-06-01,7.2
UNRATE,1986-07-01,7.0
UNRATE,1986-08-01,6.9
UNRATE,1986-09-01,7.0
UNRATE,1986-10-01,7.0
UNRATE,1986-11-01,6.9
UNRATE,1986-12-01,6.6
UNRATE,1987-01-01,6.6
UNRATE,1987-02-01,6.6
UNRATE,1987-03-01,6.6
UNRATE,1987-04-01,6.3
UNRATE,1987-05-01,6.3
UNRATE,1987-06-01,6.2
UNRATE,1987-07-01,6.1
UNRATE,1987-08-01,6.0
UNRATE,1987-09-01,5.9
UNRATE,1987-10-01,6.0
UNRATE,1987-11-01,5.8
UNRATE,1987-12-01,5.7
UNRATE,1988-01-01,5.7
UNRATE,1988-02-01,5.7
UNRATE,1988-03-01,5.7
UNRATE,1988-04-01,5.4
UNRATE,1988-05-01,5.6
UNRATE,1988-06-01,5.4
UNRATE,1988-07-01,5.4
UNRATE,1988-08-01,5.6
UNRATE,1988-09-01,5.4
UNRATE,1988-10-01,5.4
UNRATE,1988-11-01,5.3
UNRATE,1988-12-01,5.3
UNRATE,1989-01-01,5.4
UNRATE,1989-02-01,5.2
UNRATE,1989-03-01,5.0
UNRATE,1989-04-01,5.2
UNRATE,1989-05-01,5.2
UNRATE,1989-06-01,5.3
UNRATE,1989-07-01,5.2
UNRATE,1989-08-01,5.2
UNRATE,1989-09-01,5.3
UNRATE,1989-10-01,5.3
UNRATE,1989-11-01,5.4
UNRATE,1989-12-01,5.4
UNRATE,1990-01-01,5.4
UNRATE,1990-02-01,5.3
UNRATE,1990-03-01,5.2
UNRATE,1990-04-01,5.4
UNRATE,1990-05-01,5.4
UNRATE,1990-06-01,5.2
UNRATE,1990-07-01,5.5
UNRATE,1990-08-01,5.7
UNRATE,1990-09-01,5.9
UNRATE,1990-10-01,5.9
UNRATE,1990-11-01,6.2
UNRATE,1990-12-01,6.3
UNRATE,1991-01-01,6.4
UNRATE,1991-02-01,6.6
UNRATE,1991-03-01,6.8
UNRATE,1991-04-01,6.7
UNRATE,1991-05-01,6.9
UNRATE,1991-06-01,6.9
UNRATE,1991-07-01,6.8
UNRATE,1991-08-01,6.9
UNRATE,1991-09-01,6.9
UNRATE,1991-10-01,7.0
UNRATE,1991-11-01,7.0
UNRATE,1991-12-01,7.3
UNRATE,1992-01-01,7.3
UNRATE,1992-02-01,7.4
UNRATE,1992-03-01,7.4
UNRATE,1992-04-01,7.4
UNRATE,1992-05-01,7.6
UNRATE,1992-06-01,7.8
UNRATE,1992-07-01,7.7
UNRATE,1992-08-01,7.6
UNRATE,1992-09-01,7.6
UNRATE,1992-10-01,7.3
UNRATE,1992-11-01,7.4
UNRATE,1992-12-01,7.4
UNRATE,1993-01-01,7.3
UNRATE,1993-02-01,7.1
UNRATE,1993-03-01,7.0
UNRATE,1993-04-01,7.1
UNRATE,1993-05-01,7.1
UNRATE,1993-06-01,7.0
UNRATE,1993-07-01,6.9
UNRATE,1993-08-01,6.8
UNRATE,1993-09-01,6.7
UNRATE,1993-10-01,6.8
UNRATE,1993-11-01,6.6
UNRATE,1993-12-01,6.5
UNRATE,1994-01-01,6.6
UNRATE,1994-02-01,6.6
UNRATE,1994-03-01,6.5
UNRATE,1994-04-01,6.4
UNRATE,1994-05-01,6.1
UNRATE,1994-06-01,6.1
UNRATE,1994-07-01,6.1
UNRATE,1994-08-01,6.0
UNRATE,1994-09-01,5.9
UNRATE,1994-10-01,5.8
UNRATE,1994-11-01,5.6
UNRATE,1994-12-01,5.5
UNRATE,1995-01-01,5.6
UNRATE,1995-02-01,5.4
UNRATE,1995-03-01,5.4
UNRATE,1995-04-01,5.8
UNRATE,1995-05-01,5.6
UNRATE,1995-06-01,5.6
UNRATE,1995-07-01,5.7
UNRATE,1995-08-01,5.7
UNRATE,1995-09-01,5.6
UNRATE,1995-10-01,5.5
UNRATE,1995-11-01,5.6
UNRATE,1995-12-01,5.6
UNRATE,1996-01-01,5.6
UNRATE,1996-02-01,5.5
UNRATE,1996-03-01,5.5
UNRATE,1996-04-01,5.6
UNRATE,1996-05-01,5.6
UNRATE,1996-06-01,5.3
UNRATE,1996-07-01,5.5
UNRATE,1996-08-01,5.1
UNRATE,1996-09-01,5.2
UNRATE,1996-10-01,5.2
UNRATE,1996-11-01,5.4
UNRATE,1996-12-01,5.4
UNRATE,1997-01-01,5.3
UNRATE,1997-02-01,5.2
UNRATE,1997-03-01,5.2
UNRATE,1997-04-01,5.1
UNRATE,1997-05-01,4.9
UNRATE,1997-06-01,5.0
UNRATE,1997-07-01,4.9
UNRATE,1997-08-01,4.8
UNRATE,1997-09-01,4.9
UNRATE,1997-10-01,4.7
UNRATE,1997-11-01,4.6
UNRATE,1997-12-01,4.7
UNRATE,1998-01-01,4.6
UNRATE,1998-02-01,4.6
UNRATE,1998-03-01,4.7
UNRATE,1998-04-01,4.3
UNRATE,1998-05-01,4.4
UNRATE,1998-06-01,4.5
UNRATE,1998-07-01,4.5
UNRATE,1998-08-01,4.5
UNRATE,1998-09-01,4.6
UNRATE,1998-10-01,4.5
UNRATE,1998-11-01,4.4
UNRATE,1998-12-01,4.4
UNRATE,1999-01-01,4.3
UNRATE,1999-02-01,4.4
UNRATE,1999-03-01,4.2
UNRATE,1999-04-01,4.3
UNRATE,1999-05-01,4.2
UNRATE,1999-06-01,4.3
UNRATE,1999-07-01,4.3
UNRATE,1999-08-01,4.2
UNRATE,1999-09-01,4.2
UNRATE,1999-10-01,4.1
UNRATE,1999-11-01,4.1
UNRATE,1999-12-01,4.0
UNRATE,2000-01-01,4.0
UNRATE,2000-02-01,4.1
UNRATE,2000-03-01,4.0
UNRATE,2000-04-01,3.8
UNRATE,2000-05-01,4.0
UNRATE,2000-06-01,4.0
UNRATE,2000-07-01,4.0
UNRATE,2000-08-01,4.1
UNRATE,2000-09-01,3.9
UNRATE,2000-10-01,3.9
UNRATE,2000-11-01,3.9
UNRATE,2000-12-01,3.9
UNRATE,2001-01-01,4.2
UNRATE,2001-02-01,4.2
UNRATE,2001-03-01,4.3
UNRATE,2001-04-01,4.4
UNRATE,2001-05-01,4.3
UNRATE,2001-06-01,4.5
UNRATE,2001-07-01,4.6
UNRATE,2001-08-01,4.9
UNRATE,2001-09-01,5.0
UNRATE,2001-10-01,5.3
UNRATE,2001-11-01,5.5
UNRATE,2001-12-01,5.7
UNRATE,2002-01-01,5.7
UNRATE,2002-02-01,5.7
UNRATE,2002-03-01,5.7
UNRATE,2002-04-01,5.9
UNRATE,2002-05-01,5.8
UNRATE,2002-06-01,5.8
UNRATE,2002-07-01,5.8
UNRATE,2002-08-01,5.7
UNRATE,2002-09-01,5.7
UNRATE,2002-10-01,5.7
UNRATE,2002-11-01,5.9
UNRATE,2002-12-01,6.0
UNRATE,2003-01-01,5.8
UNRATE,2003-02-01,5.9
UNRATE,2003-03-01,5.9
UNRATE,2003-04-01,6.0
UNRATE,2003-05-01,6.1
UNRATE,2003-06-01,6.3
UNRATE,2003-07-01,6.2
UNRATE,2003-08-01,6.1
UNRATE,2003-09-01,6.1
UNRATE,2003-10-01,6.0
UNRATE,2003-11-01,5.8
UNRATE,2003-12-01,5.7
UNRATE,2004-01-01,5.7
UNRATE,2004-02-01,5.6
UNRATE,2004-03-01,5.8
UNRATE,2004-04-01,5.6
UNRATE,2004-05-01,5.6
UNRATE,2004-06-01,5.6
UNRATE,2004-07-01,5.5
UNRATE,2004-08-01,5.4
UNRATE,2004-09-01,5.4
UNRATE,2004-10-01,5.5
UNRATE,2004-11-01,5.4
UNRATE,2004-12-01,5.4
UNRATE,2005-01-01,5.3
UNRATE,2005-02-01,5.4
UNRATE,2005-03-01,5.2
UNRATE,2005-04-01,5.2
UNRATE,2005-05-01,5.1
UNRATE,2005-06-01,5.0
UNRATE,2005-07-01,5.0
UNRATE,2005-08-01,4.9
UNRATE,2005-09-01,5.0
UNRATE,2005-10-01,5.0
UNRATE,2005-11-01,5.0
UNRATE,2005-12-01,4.9
UNRATE,2006-01-01,4.7
UNRATE,2006-02-01,4.8
UNRATE,2006-03-01,4.7
UNRATE,2006-04-01,4.7
UNRATE,2006-05-01,4.6
UNRATE,2006-06-01,4.6
UNRATE,2006-07-01,4.7
UNRATE,2006-08-01,4.7
UNRATE,2006-09-01,4.5
UNRATE,2006-10-01,4.4
UNRATE,2006-11-01,4.5
UNRATE,2006-12-01,4.4
UNRATE,2007-01-01,4.6
UNRATE,2007-02-01,4.5
UNRATE,2007-03-01,4.4
UNRATE,2007-04-01,4.5
UNRATE,2007-05-01,4.4
UNRATE,2007-06-01,4.6
UNRATE,2007-07-01,4.7
UNRATE,2007-08-01,4.6
UNRATE,2007-09-01,4.7
UNRATE,2007-10-01,4.7
UNRATE,2007-11-01,4.7
UNRATE,2007-12-01,5.0
UNRATE,2008-01-01,5.0
UNRATE,2008-02-01,4.9
UNRATE,2008-03-01,5.1
UNRATE,2008-04-01,5.0
UNRATE,2008-05-01,5.4
UNRATE,2008-06-01,5.6
UNRATE,2008-07-01,5.8
UNRATE,2008-08-01,6.1
UNRATE,2008-09-01,6.1
UNRATE,2008-10-01,6.5
UNRATE,2008-11-01,6.8
UNRATE,2008-12-01,7.3
UNRATE,2009-01-01,7.8
UNRATE,2009-02-01,8.3
UNRATE,2009-03-01,8.7
UNRATE,2009-04-01,9.0
UNRATE,2009-05-01,9.4
UNRATE,2009-06-01,9.5
UNRATE,2009-07-01,9.5
UNRATE,2009-08-01,9.6
UNRATE,2009-09-01,9.8
UNRATE,2009-10-01,10.0
UNRATE,2009-11-01,9.9
UNRATE,2009-12-01,9.9
UNRATE,2010-01-01,9.8
UNRATE,2010-02-01,9.8
UNRATE,2010-03-01,9.9
UNRATE,2010-04-01,9.9
UNRATE,2010-05-01,9.6
UNRATE,2010-06-01,9.4
UNRATE,2010-07-01,9.4
UNRATE,2010-08-01,9.5
UNRATE,2010-09-01,9.5
UNRATE,2010-10-01,9.4
UNRATE,2010-11-01,9.8
UNRATE,2010-12-01,9.3
UNRATE,2011-01-01,9.1
UNRATE,2011-02-01,9.0
UNRATE,2011-03-01,9.0
UNRATE,2011-04-01,9.1
UNRATE,2011-05-01,9.0
UNRATE,2011-06-01,9.1
UNRATE,2011-07-01,9.0
UNRATE,2011-08-01,9.0
UNRATE,2011-09-01,9.0
UNRATE,2011-10-01,8.8
UNRATE,2011-11-01,8.6
UNRATE,2011-12-01,8.5
UNRATE,2012-01-01,8.3
UNRATE,2012-02-01,8.3
UNRATE,2012-03-01,8.2
UNRATE,2012-04-01,8.2
UNRATE,2012-05-01,8.2
UNRATE,2012-06-01,8.2
UNRATE,2012-07-01,8.2
UNRATE,2012-08-01,8.1
UNRATE,2012-09-01,7.8
UNRATE,2012-10-01,7.8
UNRATE,2012-11-01,7.7
UNRATE,2012-12-01,7.9
UNRATE,2013-01-01,8.0
UNRATE,2013-02-01,7.7
UNRATE,2013-03-01,7.5
UNRATE,2013-04-01,7.6
UNRATE,2013-05-01,7.5
UNRATE,2013-06-01,7.5
UNRATE,2013-07-01,7.3
UNRATE,2013-08-01,7.2
UNRATE,2013-09-01,7.2
UNRATE,2013-10-01,7.2
UNRATE,2013-11-01,6.9
UNRATE,2013-12-01,6.7
UNRATE,2014-01-01,6.6
UNRATE,2014-02-01,6.7
UNRATE,2014-03-01,6.7
UNRATE,2014-04-01,6.2
UNRATE,2014-05-01,6.3
UNRATE,2014-06-01,6.1
UNRATE,2014-07-01,6.2
UNRATE,2014-08-01,6.1
UNRATE,2014-09-01,5.9
UNRATE,2014-10-01,5.7
UNRATE,2014-11-01,5.8
UNRATE,2014-12-01,5.6
UNRATE,2015-01-01,5.7
UNRATE,2015-02-01,5.5
UNRATE,2015-03-01,5.4
UNRATE,2015-04-01,5.4
UNRATE,2015-05-01,5.6
UNRATE,2015-06-01,5.3
UNRATE,2015-07-01,5.2
UNRATE,2015-08-01,5.1
UNRATE,2015-09-01,5.0
UNRATE,2015-10-01,5.0
UNRATE,2015-11-01,5.1
UNRATE,2015-12-01,5.0
UNRATE,2016-01-01,4.8
UNRATE,2016-02-01,4.9
UNRATE,2016-03-01,5.0
UNRATE,2016-04-01,5.1
UNRATE,2016-05-01,4.8
UNRATE,2016-06-01,4.9
UNRATE,2016-07-01,4.8
UNRATE,2016-08-01,4.9
UNRATE,2016-09-01,5.0
UNRATE,2016-10-01,4.9
UNRATE,2016-11-01,4.7
UNRATE,2016-12-01,4.7
UNRATE,2017-01-01,4.7
UNRATE,2017-02-01,4.6
UNRATE,2017-03-01,4.4
UNRATE,2017-04-01,4.4
UNRATE,2017-05-01,4.4
UNRATE,2017-06-01,4.3
UNRATE,2017-07-01,4.3
UNRATE,2017-08-01,4.4
UNRATE,2017-09-01,4.3
UNRATE,2017-10-01,4.2
UNRATE,2017-11-01,4.2
UNRATE,2017-12-01,4.1
UNRATE,2018-01-01,4.0
UNRATE,2018-02-01,4.1
UNRATE,2018-03-01,4.0
UNRATE,2018-04-01,4.0
UNRATE,2018-05-01,3.8
UNRATE,2018-06-01,4.0
UNRATE,2018-07-01,3.8
UNRATE,2018-08-01,3.8
UNRATE,2018-09-01,3.7
UNRATE,2018-10-01,3.8
UNRATE,2018-11-01,3.8
UNRATE,2018-12-01,3.9
UNRATE,2019-01-01,4.0
UNRATE,2019-02-01,3.8
UNRATE,2019-03-01,3.8
UNRATE,2019-04-01,3.7
UNRATE,2019-05-01,3.6
UNRATE,2019-06-01,3.6
UNRATE,2019-07-01,3.7
UNRATE,2019-08-01,3.6
UNRATE,2019-09-01,3.5
UNRATE,2019-10-01,3.6
UNRATE,2019-11-01,3.6
UNRATE,2019-12-01,3.6
UNRATE,2020-01-01,3.6
UNRATE,2020-02-01,3.5
UNRATE,2020-03-01,4.4
UNRATE,2020-04-01,14.8
UNRATE,2020-05-01,13.2
UNRATE,2020-06-01,11.0
UNRATE,2020-07-01,10.2
UNRATE,2020-08-01,8.4
UNRATE,2020-09-01,7.8
UNRATE,2020-10-01,6.9
UNRATE,2020-11-01,6.7
UNRATE,2020-12-01,6.7
UNRATE,2021-01-01,6.4
UNRATE,2021-02-01,6.2
UNRATE,2021-03-01,6.1
UNRATE,2021-04-01,6.1
UNRATE,2021-05-01,5.8
UNRATE,2021-06-01,5.9
UNRATE,2021-07-01,5.4
UNRATE,2021-08-01,5.1
UNRATE,2021-09-01,4.7
UNRATE,2021-10-01,4.5
UNRATE,2021-11-01,4.1
UNRATE,2021-12-01,3.9
UNRATE,2022-01-01,4.0
UNRATE,2022-02-01,3.9
UNRATE,2022-03-01,3.7
UNRATE,2022-04-01,3.7
UNRATE,2022-05-01,3.6
UNRATE,2022-06-01,3.6
UNRATE,2022-07-01,3.5
UNRATE,2022-08-01,3.6
UNRATE,2022-09-01,3.5
UNRATE,2022-10-01,3.6
UNRATE,2022-11-01,3.6
UNRATE,2022-12-01,3.5
UNRATE,2023-01-01,3.5
UNRATE,2023-02-01,3.6
UNRATE,2023-03-01,3.5
UNRATE,2023-04-01,3.4
UNRATE,2023-05-01,3.6
UNRATE,2023-06-01,3.6
UNRATE,2023-07-01,3.5
UNRATE,2023-08-01,3.7
UNRATE,2023-09-01,3.7
UNRATE,2023-10-01,3.9
UNRATE,2023-11-01,3.7
UNRATE,2023-12-01,3.8
UNRATE,2024-01-01,3.7
UNRATE,2024-02-01,3.9
UNRATE,2024-03-01,3.9
UNRATE,2024-04-01,3.9
UNRATE,2024-05-01,3.9
UNRATE,2024-06-01,4.1
UNRATE,2024-07-01,4.2
UNRATE,2024-08-01,4.2
UNRATE,2024-09-01,4.1
UNRATE,2024-10-01,4.1
UNRATE,2024-11-01,4.2
UNRATE,2024-12-01,4.1
UNRATE,2025-01-01,4.0
UNRATE,2025-02-01,4.2
UNRATE,2025-03-01,4.2
UNRATE,2025-04-01,4.2
UNRATE,2025-05-01,4.3
UNRATE,2025-06-01,4.1
UNRATE,2025-07-01,4.3
UNRATE,2025-08-01,4.3
UNRATE,2025-09-01,4.4
UNRATE,2025-10-01,
UNRATE,2025-11-01,4.5
UNRATE,2025-12-01,4.4
UNRATE,2026-01-01,4.3
UNRATE,2026-02-01,4.4
UNRATE,2026-03-01,4.3
UNRATE,2026-04-01,4.3
UNRATE,2026-05-01,4.3
UNRATE,2026-06-01,4.2
UNRATE,2026-07-01,4.1
UNRATE,2026-08-01,4.1
UNRATE,2026-09-01,4.2
RRSFS,1992-01-01,115095.0
RRSFS,1992-02-01,114855.0
RRSFS,1992-03-01,114052.0
RRSFS,1992-04-01,114721.0
RRSFS,1992-05-01,114868.0
RRSFS,1992-06-01,115064.0
RRSFS,1992-07-01,115911.0
RRSFS,1992-08-01,115349.0
RRSFS,1992-09-01,116485.0
RRSFS,1992-10-01,117193.0
RRSFS,1992-11-01,116906.0
RRSFS,1992-12-01,117843.0
RRSFS,1993-01-01,118697.0
RRSFS,1993-02-01,117987.0
RRSFS,1993-03-01,117015.0
RRSFS,1993-04-01,119682.0
RRSFS,1993-05-01,119945.0
RRSFS,1993-06-01,119902.0
RRSFS,1993-07-01,121676.0
RRSFS,1993-08-01,121017.0
RRSFS,1993-09-01,121799.0
RRSFS,1993-10-01,121970.0
RRSFS,1993-11-01,123122.0
RRSFS,1993-12-01,123771.0
RRSFS,1994-01-01,122772.0
RRSFS,1994-02-01,124813.0
RRSFS,1994-03-01,126935.0
RRSFS,1994-04-01,126646.0
RRSFS,1994-05-01,125841.0
RRSFS,1994-06-01,126978.0
RRSFS,1994-07-01,126726.0
RRSFS,1994-08-01,128034.0
RRSFS,1994-09-01,128992.0
RRSFS,1994-10-01,129795.0
RRSFS,1994-11-01,129790.0
RRSFS,1994-12-01,129873.0
RRSFS,1995-01-01,130171.0
RRSFS,1995-02-01,127944.0
RRSFS,1995-03-01,129087.0
RRSFS,1995-04-01,128663.0
RRSFS,1995-05-01,130217.0
RRSFS,1995-06-01,131485.0
RRSFS,1995-07-01,130478.0
RRSFS,1995-08-01,131509.0
RRSFS,1995-09-01,131507.0
RRSFS,1995-10-01,130682.0
RRSFS,1995-11-01,132430.0
RRSFS,1995-12-01,132574.0
RRSFS,1996-01-01,131734.0
RRSFS,1996-02-01,133468.0
RRSFS,1996-03-01,133537.0
RRSFS,1996-04-01,134077.0
RRSFS,1996-05-01,135011.0
RRSFS,1996-06-01,133678.0
RRSFS,1996-07-01,134285.0
RRSFS,1996-08-01,134126.0
RRSFS,1996-09-01,135214.0
RRSFS,1996-10-01,136236.0
RRSFS,1996-11-01,135581.0
RRSFS,1996-12-01,135569.0
RRSFS,1997-01-01,136841.0
RRSFS,1997-02-01,137500.0
RRSFS,1997-03-01,138416.0
RRSFS,1997-04-01,136288.0
RRSFS,1997-05-01,136192.0
RRSFS,1997-06-01,137474.0
RRSFS,1997-07-01,139018.0
RRSFS,1997-08-01,138756.0
RRSFS,1997-09-01,139274.0
RRSFS,1997-10-01,138885.0
RRSFS,1997-11-01,138354.0
RRSFS,1997-12-01,139206.0
RRSFS,1998-01-01,139478.0
RRSFS,1998-02-01,139349.0
RRSFS,1998-03-01,140055.0
RRSFS,1998-04-01,142052.0
RRSFS,1998-05-01,142063.0
RRSFS,1998-06-01,143248.0
RRSFS,1998-07-01,141882.0
RRSFS,1998-08-01,140632.0
RRSFS,1998-09-01,142084.0
RRSFS,1998-10-01,144096.0
RRSFS,1998-11-01,144785.0
RRSFS,1998-12-01,146071.0
RRSFS,1999-01-01,145883.0
RRSFS,1999-02-01,147751.0
RRSFS,1999-03-01,148475.0
RRSFS,1999-04-01,148661.0
RRSFS,1999-05-01,149619.0
RRSFS,1999-06-01,150198.0
RRSFS,1999-07-01,150728.0
RRSFS,1999-08-01,151911.0
RRSFS,1999-09-01,151984.0
RRSFS,1999-10-01,151586.0
RRSFS,1999-11-01,153286.0
RRSFS,1999-12-01,155990.0
RRSFS,2000-01-01,154486.0
RRSFS,2000-02-01,156286.0
RRSFS,2000-03-01,157321.0
RRSFS,2000-04-01,154516.0
RRSFS,2000-05-01,155369.0
RRSFS,2000-06-01,155488.0
RRSFS,2000-07-01,153841.0
RRSFS,2000-08-01,154537.0
RRSFS,2000-09-01,155831.0
RRSFS,2000-10-01,155457.0
RRSFS,2000-11-01,154334.0
RRSFS,2000-12-01,153687.0
RRSFS,2001-01-01,155399.0
RRSFS,2001-02-01,154902.0
RRSFS,2001-03-01,153220.0
RRSFS,2001-04-01,155561.0
RRSFS,2001-05-01,155538.0
RRSFS,2001-06-01,154459.0
RRSFS,2001-07-01,153945.0
RRSFS,2001-08-01,155388.0
RRSFS,2001-09-01,150843.0
RRSFS,2001-10-01,162518.0
RRSFS,2001-11-01,157765.0
RRSFS,2001-12-01,155751.0
RRSFS,2002-01-01,155957.0
RRSFS,2002-02-01,156668.0
RRSFS,2002-03-01,155787.0
RRSFS,2002-04-01,156803.0
RRSFS,2002-05-01,155413.0
RRSFS,2002-06-01,156139.0
RRSFS,2002-07-01,157867.0
RRSFS,2002-08-01,158384.0
RRSFS,2002-09-01,155456.0
RRSFS,2002-10-01,156148.0
RRSFS,2002-11-01,156148.0
RRSFS,2002-12-01,157671.0
RRSFS,2003-01-01,158082.0
RRSFS,2003-02-01,155063.0
RRSFS,2003-03-01,156703.0
RRSFS,2003-04-01,157780.0
RRSFS,2003-05-01,158348.0
RRSFS,2003-06-01,160388.0
RRSFS,2003-07-01,161245.0
RRSFS,2003-08-01,162380.0
RRSFS,2003-09-01,161492.0
RRSFS,2003-10-01,161279.0
RRSFS,2003-11-01,161856.0
RRSFS,2003-12-01,162104.0
RRSFS,2004-01-01,162100.0
RRSFS,2004-02-01,162783.0
RRSFS,2004-03-01,165404.0
RRSFS,2004-04-01,164012.0
RRSFS,2004-05-01,165296.0
RRSFS,2004-06-01,163646.0
RRSFS,2004-07-01,164823.0
RRSFS,2004-08-01,164478.0
RRSFS,2004-09-01,167253.0
RRSFS,2004-10-01,166916.0
RRSFS,2004-11-01,167199.0
RRSFS,2004-12-01,169365.0
RRSFS,2005-01-01,167678.0
RRSFS,2005-02-01,169079.0
RRSFS,2005-03-01,168917.0
RRSFS,2005-04-01,169914.0
RRSFS,2005-05-01,169025.0
RRSFS,2005-06-01,174093.0
RRSFS,2005-07-01,174207.0
RRSFS,2005-08-01,171140.0
RRSFS,2005-09-01,169316.0
RRSFS,2005-10-01,169138.0
RRSFS,2005-11-01,171489.0
RRSFS,2005-12-01,171577.0
RRSFS,2006-01-01,175446.0
RRSFS,2006-02-01,174033.0
RRSFS,2006-03-01,174440.0
RRSFS,2006-04-01,174426.0
RRSFS,2006-05-01,173318.0
RRSFS,2006-06-01,173833.0
RRSFS,2006-07-01,173443.0
RRSFS,2006-08-01,173349.0
RRSFS,2006-09-01,173195.0
RRSFS,2006-10-01,173866.0
RRSFS,2006-11-01,174315.0
RRSFS,2006-12-01,175464.0
RRSFS,2007-01-01,174891.0
RRSFS,2007-02-01,174584.0
RRSFS,2007-03-01,175078.0
RRSFS,2007-04-01,174140.0
RRSFS,2007-05-01,175611.0
RRSFS,2007-06-01,173830.0
RRSFS,2007-07-01,174260.0
RRSFS,2007-08-01,175125.0
RRSFS,2007-09-01,175106.0
RRSFS,2007-10-01,175593.0
RRSFS,2007-11-01,175862.0
RRSFS,2007-12-01,173364.0
RRSFS,2008-01-01,173145.0
RRSFS,2008-02-01,171203.0
RRSFS,2008-03-01,171079.0
RRSFS,2008-04-01,170521.0
RRSFS,2008-05-01,171116.0
RRSFS,2008-06-01,169650.0
RRSFS,2008-07-01,167839.0
RRSFS,2008-08-01,166725.0
RRSFS,2008-09-01,164015.0
RRSFS,2008-10-01,159514.0
RRSFS,2008-11-01,155990.0
RRSFS,2008-12-01,153628.0
RRSFS,2009-01-01,155609.0
RRSFS,2009-02-01,154381.0
RRSFS,2009-03-01,151831.0
RRSFS,2009-04-01,152473.0
RRSFS,2009-05-01,153510.0
RRSFS,2009-06-01,154675.0
RRSFS,2009-07-01,155393.0
RRSFS,2009-08-01,157621.0
RRSFS,2009-09-01,153338.0
RRSFS,2009-10-01,154541.0
RRSFS,2009-11-01,155280.0
RRSFS,2009-12-01,155850.0
RRSFS,2010-01-01,155913.0
RRSFS,2010-02-01,156286.0
RRSFS,2010-03-01,159636.0
RRSFS,2010-04-01,160931.0
RRSFS,2010-05-01,159629.0
RRSFS,2010-06-01,159538.0
RRSFS,2010-07-01,159744.0
RRSFS,2010-08-01,160235.0
RRSFS,2010-09-01,161346.0
RRSFS,2010-10-01,162629.0
RRSFS,2010-11-01,163691.0
RRSFS,2010-12-01,164184.0
RRSFS,2011-01-01,164745.0
RRSFS,2011-02-01,165605.0
RRSFS,2011-03-01,166233.0
RRSFS,2011-04-01,166368.0
RRSFS,2011-05-01,165701.0
RRSFS,2011-06-01,167072.0
RRSFS,2011-07-01,166571.0
RRSFS,2011-08-01,166232.0
RRSFS,2011-09-01,167717.0
RRSFS,2011-10-01,168559.0
RRSFS,2011-11-01,168783.0
RRSFS,2011-12-01,168990.0
RRSFS,2012-01-01,170088.0
RRSFS,2012-02-01,171818.0
RRSFS,2012-03-01,172066.0
RRSFS,2012-04-01,171071.0
RRSFS,2012-05-01,171121.0
RRSFS,2012-06-01,169742.0
RRSFS,2012-07-01,170474.0
RRSFS,2012-08-01,171593.0
RRSFS,2012-09-01,172145.0
RRSFS,2012-10-01,171601.0
RRSFS,2012-11-01,172847.0
RRSFS,2012-12-01,173467.0
RRSFS,2013-01-01,174567.0
RRSFS,2013-02-01,175635.0
RRSFS,2013-03-01,174884.0
RRSFS,2013-04-01,174390.0
RRSFS,2013-05-01,175373.0
RRSFS,2013-06-01,175491.0
RRSFS,2013-07-01,176156.0
RRSFS,2013-08-01,175490.0
RRSFS,2013-09-01,175575.0
RRSFS,2013-10-01,176061.0
RRSFS,2013-11-01,176233.0
RRSFS,2013-12-01,176727.0
RRSFS,2014-01-01,174918.0
RRSFS,2014-02-01,176923.0
RRSFS,2014-03-01,178466.0
RRSFS,2014-04-01,179959.0
RRSFS,2014-05-01,179916.0
RRSFS,2014-06-01,180122.0
RRSFS,2014-07-01,180245.0
RRSFS,2014-08-01,181664.0
RRSFS,2014-09-01,181150.0
RRSFS,2014-10-01,181908.0
RRSFS,2014-11-01,182761.0
RRSFS,2014-12-01,182056.0
RRSFS,2015-01-01,182413.0
RRSFS,2015-02-01,181489.0
RRSFS,2015-03-01,183767.0
RRSFS,2015-04-01,183924.0
RRSFS,2015-05-01,184752.0
RRSFS,2015-06-01,184279.0
RRSFS,2015-07-01,185663.0
RRSFS,2015-08-01,185625.0
RRSFS,2015-09-01,185209.0
RRSFS,2015-10-01,184532.0
RRSFS,2015-11-01,184988.0
RRSFS,2015-12-01,185964.0
RRSFS,2016-01-01,184920.0
RRSFS,2016-02-01,186705.0
RRSFS,2016-03-01,185591.0
RRSFS,2016-04-01,185887.0
RRSFS,2016-05-01,185964.0
RRSFS,2016-06-01,187425.0
RRSFS,2016-07-01,187333.0
RRSFS,2016-08-01,187053.0
RRSFS,2016-09-01,187853.0
RRSFS,2016-10-01,187741.0
RRSFS,2016-11-01,187539.0
RRSFS,2016-12-01,189297.0
RRSFS,2017-01-01,190631.0
RRSFS,2017-02-01,190276.0
RRSFS,2017-03-01,190114.0
RRSFS,2017-04-01,190536.0
RRSFS,2017-05-01,189650.0
RRSFS,2017-06-01,190500.0
RRSFS,2017-07-01,190421.0
RRSFS,2017-08-01,190070.0
RRSFS,2017-09-01,193042.0
RRSFS,2017-10-01,193048.0
RRSFS,2017-11-01,194493.0
RRSFS,2017-12-01,195148.0
RRSFS,2018-01-01,193448.0
RRSFS,2018-02-01,193978.0
RRSFS,2018-03-01,193972.0
RRSFS,2018-04-01,193486.0
RRSFS,2018-05-01,196163.0
RRSFS,2018-06-01,195296.0
RRSFS,2018-07-01,196304.0
RRSFS,2018-08-01,196074.0
RRSFS,2018-09-01,194902.0
RRSFS,2018-10-01,196389.0
RRSFS,2018-11-01,197492.0
RRSFS,2018-12-01,193504.0
RRSFS,2019-01-01,194187.0
RRSFS,2019-02-01,194123.0
RRSFS,2019-03-01,196358.0
RRSFS,2019-04-01,195642.0
RRSFS,2019-05-01,197708.0
RRSFS,2019-06-01,197972.0
RRSFS,2019-07-01,199018.0
RRSFS,2019-08-01,200191.0
RRSFS,2019-09-01,198605.0
RRSFS,2019-10-01,198576.0
RRSFS,2019-11-01,199402.0
RRSFS,2019-12-01,199461.0
RRSFS,2020-01-01,198790.0
RRSFS,2020-02-01,198777.0
RRSFS,2020-03-01,181467.0
RRSFS,2020-04-01,156632.0
RRSFS,2020-05-01,187039.0
RRSFS,2020-06-01,201538.0
RRSFS,2020-07-01,203716.0
RRSFS,2020-08-01,204667.0
RRSFS,2020-09-01,208195.0
RRSFS,2020-10-01,207097.0
RRSFS,2020-11-01,204645.0
RRSFS,2020-12-01,205517.0
RRSFS,2021-01-01,212888.0
RRSFS,2021-02-01,206728.0
RRSFS,2021-03-01,227800.0
RRSFS,2021-04-01,228405.0
RRSFS,2021-05-01,225529.0
RRSFS,2021-06-01,226100.0
RRSFS,2021-07-01,221335.0
RRSFS,2021-08-01,222071.0
RRSFS,2021-09-01,222581.0
RRSFS,2021-10-01,223675.0
RRSFS,2021-11-01,224034.0
RRSFS,2021-12-01,220740.0
RRSFS,2022-01-01,223509.0
RRSFS,2022-02-01,224289.0
RRSFS,2022-03-01,226307.0
RRSFS,2022-04-01,228788.0
RRSFS,2022-05-01,226520.0
RRSFS,2022-06-01,225834.0
RRSFS,2022-07-01,223642.0
RRSFS,2022-08-01,224864.0
RRSFS,2022-09-01,223336.0
RRSFS,2022-10-01,224381.0
RRSFS,2022-11-01,220712.0
RRSFS,2022-12-01,218103.0
RRSFS,2023-01-01,226434.0
RRSFS,2023-02-01,222973.0
RRSFS,2023-03-01,220353.0
RRSFS,2023-04-01,221398.0
RRSFS,2023-05-01,222165.0
RRSFS,2023-06-01,222726.0
RRSFS,2023-07-01,222720.0
RRSFS,2023-08-01,223716.0
RRSFS,2023-09-01,224360.0
RRSFS,2023-10-01,222995.0
RRSFS,2023-11-01,222402.0
RRSFS,2023-12-01,222282.0
RRSFS,2024-01-01,219716.0
RRSFS,2024-02-01,220371.0
RRSFS,2024-03-01,220154.0
RRSFS,2024-04-01,219665.0
RRSFS,2024-05-01,221210.0
RRSFS,2024-06-01,221199.0
RRSFS,2024-07-01,222865.0
RRSFS,2024-08-01,221943.0
RRSFS,2024-09-01,223382.0
RRSFS,2024-10-01,224404.0
RRSFS,2024-11-01,224894.0
RRSFS,2024-12-01,225836.0
RRSFS,2025-01-01,222993.0
RRSFS,2025-02-01,222590.0
RRSFS,2025-03-01,226195.0
RRSFS,2025-04-01,225550.0
RRSFS,2025-05-01,222854.0
RRSFS,2025-06-01,223835.0
RRSFS,2025-07-01,225918.0
RRSFS,2025-08-01,225814.0
RRSFS,2025-09-01,225814.0
RRSFS,2025-10-01,
RRSFS,2025-11-01,226023.0
RRSFS,2025-12-01,225352.0
RRSFS,2026-01-01,224902.0
RRSFS,2026-02-01,226372.0
RRSFS,2026-03-01,228286.0
RRSFS,2026-04-01,228364.0
RRSFS,2026-05-01,229413.0
RRSFS,2026-06-01,231107.0
RRSFS,2026-07-01,229697.0
RRSFS,2026-08-01,231630.0
